time,tavg,tmin,tmax,prcp,snow,wdir,wspd,wpgt,pres,tsun,precip
2020-10-05,24.2,15.7,36.0,,,,3.1,,1016.4,,
2020-10-06,25.2,17.1,35.2,,,,2.9,,1014.3,,
2020-10-07,24.8,18.3,33.6,,,,4.3,,1013.2,,
2020-10-08,21.7,16.7,27.2,,,,5.9,,1011.6,,
2020-10-09,17.7,15.2,22.5,,,,6.7,,1015.4,,
2020-10-10,16.6,13.9,20.6,,,,4.1,,1018.4,,
2020-10-11,17.0,10.6,24.7,,,,3.1,,1016.5,,
2020-10-12,18.7,11.5,27.7,,,,2.2,,1014.2,,
2020-10-13,19.8,13.8,30.2,,,,5.9,,1010.1,,
2020-10-14,20.5,15.8,26.6,,,,7.1,,1015.0,,
2020-10-15,19.1,12.1,27.0,,,,3.0,,1018.4,,
2020-10-16,18.7,11.3,27.2,,,,2.4,,1015.6,,
2020-10-17,19.9,14.5,27.1,,,,5.9,,1012.4,,
2020-10-18,17.9,16.6,19.7,,,,4.7,,1015.3,,
2020-10-19,15.9,14.9,17.5,,,,9.2,,1021.0,,
2020-10-20,16.2,13.7,19.0,,,,10.8,,1022.2,,
2020-10-21,18.3,15.1,22.7,,,,11.9,,1021.2,,
2020-10-22,17.9,13.2,24.1,,,,4.1,,1021.7,,
2020-10-23,17.1,12.6,23.2,,,,2.8,,1020.9,,
2020-10-24,17.5,12.2,26.2,,,,2.3,,1017.0,,
2020-10-25,18.6,11.9,28.6,,,,2.3,,1013.5,,
2020-10-26,17.1,12.5,22.1,,,,4.3,,1013.9,,
2020-10-27,16.7,11.5,24.0,,,,3.5,,1014.5,,
2020-10-28,18.0,14.6,23.2,,,,2.5,,1014.6,,
2020-10-29,18.2,15.1,21.0,0.0,,,5.0,,1015.1,,
2020-10-30,14.9,12.7,20.0,,,,5.1,,1017.2,,
2020-10-31,12.4,9.7,15.7,,,,6.8,,1019.7,,
2020-11-01,11.2,6.7,15.2,,,,6.1,,1021.0,,
2020-11-02,9.2,3.7,18.5,,,,2.5,,1023.3,,
2020-11-03,8.8,3.9,14.2,,,,1.9,,1021.0,,
2020-11-04,11.5,9.8,15.0,,,,3.4,,1020.4,,
2020-11-05,12.4,9.6,14.1,,,,3.7,,1022.9,,
2020-11-06,14.5,12.9,16.6,,,,10.4,,1024.4,,
2020-11-07,13.5,11.0,17.5,,,,11.8,,1027.7,,
2020-11-08,12.8,8.4,19.5,,,,8.8,,1025.2,,
2020-11-09,12.1,6.1,19.6,,,,3.0,,1022.3,,
2020-11-10,13.3,8.4,19.1,,,,9.8,,1023.2,,
2020-11-11,14.5,12.1,18.2,,,,11.2,,1024.7,,
2020-11-12,12.4,8.6,18.6,,,,6.4,,1024.8,,
2020-11-13,10.1,4.9,16.5,,,,3.0,,1024.5,,
2020-11-14,10.7,9.5,12.2,,,,2.2,,1023.8,,
2020-11-15,11.2,7.0,15.7,,,,4.1,,1023.7,,
2020-11-16,9.1,3.7,15.7,,,,2.1,,1022.8,,
2020-11-17,8.9,3.5,16.6,,,,2.4,,1024.6,,
2020-11-18,12.3,2.6,16.0,,,,5.2,,1026.0,,
2020-11-19,11.5,9.3,13.5,,,,13.2,,1022.0,,
2020-11-20,10.2,7.7,14.2,,,,12.5,,1016.0,,
2020-11-21,9.9,6.5,14.7,,,,10.6,,1021.9,,
2020-11-22,9.9,7.2,14.0,,,,11.6,,1029.0,,
2020-11-23,7.3,3.4,14.6,,,,4.6,,1028.0,,
2020-11-24,6.6,0.9,13.2,,,,6.1,,1024.0,,
2020-11-25,10.4,8.1,14.1,,,,13.7,,1022.8,,
2020-11-26,8.8,3.5,15.0,,,,9.6,,1023.3,,
2020-11-27,7.9,3.0,16.2,,,,6.8,,1022.7,,
2020-11-28,6.9,-0.7,16.1,,,,4.8,,1021.3,,
2020-11-29,8.4,3.1,15.1,,,,7.4,,1019.9,,
2020-11-30,10.8,7.8,16.5,,,,8.5,,1017.0,,
2020-12-01,8.1,6.7,9.5,,,,5.8,,1020.0,,
2020-12-02,7.1,5.2,9.6,,,,3.6,,1022.0,,
2020-12-03,7.6,4.4,14.0,,,,3.1,,1021.4,,
2020-12-04,9.2,0.0,18.7,,,,5.0,,1017.3,,
2020-12-05,10.2,3.7,19.7,,,,3.6,,1018.1,,
2020-12-06,8.8,4.9,16.1,,,,2.9,,1019.1,,
2020-12-07,8.9,3.5,14.5,,,,6.1,,1014.9,,
2020-12-08,11.4,6.0,17.3,,,,5.8,,1014.2,,
2020-12-09,10.5,5.2,16.5,,,,5.6,,1018.6,,
2020-12-10,13.6,10.6,18.8,,,,6.9,,1014.3,,
2020-12-11,14.4,11.1,17.6,,,,10.1,,1010.3,,
2020-12-12,14.2,10.1,18.6,,,,8.3,,1005.7,,
2020-12-13,15.6,13.6,19.2,,,,8.2,,1004.9,,
2020-12-14,14.1,11.7,16.8,,,,8.4,,1005.2,,
2020-12-15,11.3,10.0,13.0,,,,6.9,,1015.2,,
2020-12-16,10.0,7.5,11.4,,,,7.9,,1024.2,,
2020-12-17,8.7,5.5,11.2,,,,3.8,,1025.9,,
2020-12-18,8.5,5.5,11.5,,,,2.5,,1027.0,,
2020-12-19,7.5,4.3,13.1,,,,2.8,,1028.5,,
2020-12-20,5.4,-0.1,11.4,,,,2.3,,1027.7,,
2020-12-21,6.8,3.7,10.3,,,,6.6,,1027.2,,
2020-12-22,7.1,4.0,9.9,,,,5.1,,1026.7,,
2020-12-23,4.5,0.0,7.7,,,,2.2,,1025.6,,
2020-12-24,10.5,4.9,15.7,0.0,,,3.7,,1021.5,,
2020-12-25,14.6,3.8,19.4,,,,9.6,,1017.0,,
2020-12-26,18.9,17.1,20.9,,,,15.7,,1016.5,,
2020-12-27,15.5,10.7,18.9,,,,6.1,,1018.4,,
2020-12-28,13.2,11.0,15.5,,,,6.6,,1015.0,,
2020-12-29,12.8,7.2,19.6,,,,8.4,,1017.0,,
2020-12-30,15.3,4.2,20.8,,,,6.1,,1018.8,,
2020-12-31,15.6,4.5,19.9,,,,7.6,,1015.9,,
2021-01-01,11.8,7.4,15.3,0.3,,,7.2,,1016.9,,
2021-01-02,12.1,2.0,16.6,14.5,,,6.3,,1022.8,,
2021-01-03,13.3,4.1,16.4,0.0,,,8.0,,1022.3,,
2021-01-04,14.0,4.0,17.3,,,,9.1,,1017.7,,
2021-01-05,15.7,10.7,19.6,1.8,,,12.5,,1014.4,,
2021-01-06,11.2,2.0,15.5,0.0,,,5.2,,1022.2,,
2021-01-07,11.3,3.1,14.4,,,,4.6,,1019.7,,
2021-01-08,18.2,6.3,22.4,0.0,,,11.9,,1015.0,,
2021-01-09,16.7,11.8,21.0,,,,12.8,,1013.7,,
2021-01-10,11.3,10.6,12.0,,,,5.5,,1018.0,,
2021-01-11,22.3,8.7,24.9,,,,12.9,,1014.7,,
2021-01-12,21.4,11.1,24.4,,,,20.6,,1009.5,,
2021-01-13,7.4,6.1,8.3,88.9,9.0,,7.5,,1007.0,,
2021-01-14,3.2,1.2,4.6,20.6,2.0,,4.3,,1010.0,,
2021-01-15,1.9,-1.0,5.7,10.4,1.0,,4.2,,1014.0,,
2021-01-16,1.1,-1.9,3.3,10.9,,,5.7,,1011.9,,
2021-01-17,0.2,-2.2,0.9,19.1,1.0,,5.9,,1012.9,,
2021-01-18,-0.9,-6.1,3.4,13.5,,,3.1,,1021.5,,
2021-01-19,-2.6,-10.4,3.6,0.0,11.0,,3.8,,1025.4,,
2021-01-20,-0.9,-8.8,2.5,0.0,7.0,,4.4,,1028.8,,
2021-01-21,3.9,-4.2,6.6,0.0,4.0,,6.2,,1029.2,,
2021-01-22,9.5,3.0,13.6,,1.0,,7.5,,1025.3,,
2021-01-23,11.2,4.4,14.8,,,,6.9,,1019.2,,
2021-01-24,15.6,6.3,17.1,,,,18.4,,1012.2,,
2021-01-25,14.6,11.7,17.8,,,,22.9,,1008.2,,
2021-01-26,17.7,13.2,18.8,0.0,,,14.7,,1007.4,,
2021-01-27,3.3,0.7,6.9,5.6,1.0,,13.4,,1001.5,,
2021-01-28,2.3,0.0,4.5,55.4,1.0,,6.0,,1012.8,,
2021-01-29,5.9,-3.7,9.5,1.3,,,8.2,,1014.0,,
2021-01-30,8.2,3.9,10.8,0.0,,,11.2,,1003.5,,
2021-01-31,9.8,-0.1,14.7,18.5,,,5.9,,1009.6,,
2021-02-01,19.7,7.3,21.2,0.0,,,17.2,,1007.7,,
2021-02-02,12.1,10.1,13.7,7.4,,,8.3,,1014.0,,
2021-02-03,14.4,8.3,19.6,0.5,,,3.4,,1017.5,,
2021-02-04,14.1,3.6,19.6,0.0,,,4.8,,1017.3,,
2021-02-05,14.5,5.0,20.1,,,,2.3,,1020.4,,
2021-02-06,14.7,3.2,20.6,,,,3.8,,1017.8,,
2021-02-07,13.7,3.3,19.3,,,,4.4,,1015.6,,
2021-02-08,22.5,8.9,26.1,,,,14.4,,1009.4,,
2021-02-09,19.4,16.2,21.4,0.5,,,22.8,,1011.7,,
2021-02-10,16.8,14.0,19.6,,,,17.7,,1013.5,,
2021-02-11,15.8,8.7,20.7,,,,10.9,,1011.1,,
2021-02-12,7.4,1.1,16.4,,,,9.7,,1016.7,,
2021-02-13,4.4,-0.6,6.0,0.0,,,7.8,,1025.8,,
2021-02-14,0.1,-0.8,0.5,5.8,1.0,,10.8,,1021.5,,
2021-02-15,1.1,0.0,2.2,20.1,,,14.2,,1022.9,,
2021-02-16,-0.1,-0.9,0.6,4.8,,,12.8,,1022.3,,
2021-02-17,1.3,-3.3,5.5,8.1,,,5.9,,1022.2,,
2021-02-18,0.4,-4.1,2.0,0.5,,,3.4,,1022.0,,
2021-02-19,2.6,-0.1,5.7,,,,4.1,,1028.6,,
2021-02-20,1.8,-2.2,6.5,,,,6.6,,1029.6,,
2021-02-21,3.8,-1.2,10.5,,,,7.5,,1030.3,,
2021-02-22,7.6,-3.5,13.2,,,,2.4,,1031.7,,
2021-02-23,10.1,-2.3,16.0,,,,2.8,,1031.3,,
2021-02-24,7.9,-1.1,11.7,,,,6.4,,1032.5,,
2021-02-25,10.4,6.3,13.5,,,,11.7,,1032.7,,
2021-02-26,10.3,-0.3,14.9,,,,4.0,,1028.6,,
2021-02-27,11.3,-0.3,17.4,,,,2.3,,1021.2,,
2021-02-28,8.6,2.7,11.2,,,,10.4,,1025.6,,
2021-03-01,9.1,-1.8,12.7,,,,7.5,,1027.5,,
2021-03-02,6.4,4.3,8.3,2.3,,,4.7,,1029.2,,
2021-03-03,9.1,1.4,11.8,2.3,,,7.8,,1028.9,,
2021-03-04,8.6,-2.4,14.5,0.0,,,2.5,,1025.4,,
2021-03-05,14.7,0.3,20.4,,,,3.6,,1018.6,,
2021-03-06,10.9,3.4,15.2,,,,5.6,,1020.8,,
2021-03-07,7.1,5.1,9.2,6.1,,,10.1,,1025.3,,
2021-03-08,7.8,-1.9,12.1,0.0,,,2.7,,1020.1,,
2021-03-09,11.6,-1.2,15.9,,,,4.4,,1017.8,,
2021-03-10,11.2,1.2,15.2,,,,3.0,,1013.5,,
2021-03-11,6.1,3.8,7.8,8.1,1.0,,10.9,,1013.4,,
2021-03-12,8.0,0.0,11.2,8.4,,,5.0,,1022.2,,
2021-03-13,11.8,-1.2,16.3,0.0,,,3.3,,1018.5,,
2021-03-14,12.8,1.6,17.8,,,,2.2,,1014.9,,
2021-03-15,15.7,2.7,20.5,,,,7.8,,1005.3,,
2021-03-16,10.5,8.7,13.3,2.3,,,20.1,,1001.2,,
2021-03-17,8.4,6.8,11.9,0.0,,,14.6,,1004.0,,
2021-03-18,8.0,2.0,11.4,2.3,,,9.6,,1011.9,,
2021-03-19,7.6,2.3,8.7,1.5,,,4.0,,1014.8,,
2021-03-20,9.1,6.8,11.0,5.8,,,5.8,,1017.0,,
2021-03-21,8.0,6.7,9.2,14.5,1.0,,5.8,,1012.5,,
2021-03-22,12.6,7.0,20.0,5.6,,,7.0,,1001.7,,
2021-03-23,5.9,4.0,7.0,19.3,1.0,,11.8,,1006.6,,
2021-03-24,3.3,2.0,6.0,14.2,,,8.1,,1011.4,,
2021-03-25,2.6,0.2,4.3,3.0,,,4.4,,1018.8,,
2021-03-26,5.5,-1.2,8.2,2.8,,,4.3,,1024.9,,
2021-03-27,10.8,-1.4,15.3,0.0,,,4.1,,1028.8,,
2021-03-28,13.7,-0.1,18.2,0.0,,,4.2,,1029.4,,
2021-03-29,10.5,2.2,12.5,,,,4.9,,1029.7,,
2021-03-30,7.0,1.1,9.3,,,,6.4,,1026.3,,
2021-03-31,9.1,5.2,10.4,,,,16.0,,1021.1,,
2021-04-01,8.1,5.4,9.3,0.5,,,11.5,,1018.1,,
2021-04-02,13.2,3.3,17.5,0.0,,,4.5,,1016.1,,
2021-04-03,18.8,8.8,22.3,,,,9.6,,1013.6,,
2021-04-04,17.9,12.4,22.4,,,,11.5,,1012.0,,
2021-04-05,7.9,7.7,8.4,17.3,2.0,,9.6,,1013.8,,
2021-04-06,18.5,6.8,26.2,10.4,,,7.8,,1007.1,,
2021-04-07,21.3,14.8,24.3,0.0,,,19.4,,1005.5,,
2021-04-08,6.5,4.2,9.0,0.5,,,9.1,,1015.2,,
2021-04-09,5.6,3.1,9.2,12.7,,,9.2,,1026.1,,
2021-04-10,8.7,-1.5,11.7,1.8,,,8.4,,1026.7,,
2021-04-11,9.9,-1.3,12.3,0.0,,,7.5,,1025.7,,
2021-04-12,11.9,6.8,15.4,0.0,,,6.9,,1024.0,,
2021-04-13,16.7,3.5,20.8,,,,5.7,,1019.3,,
2021-04-14,19.9,8.5,23.0,1.0,,,10.4,,1014.5,,
2021-04-15,17.3,6.8,21.1,0.0,,,8.4,,1015.8,,
2021-04-16,14.3,9.4,17.2,,,,5.0,,1018.1,,
2021-04-17,15.7,10.2,21.6,0.3,,,8.3,,1015.0,,
2021-04-18,13.8,9.4,15.9,0.5,,,7.3,,1013.6,,
2021-04-19,14.7,11.8,17.7,1.5,,,8.2,,1013.1,,
2021-04-20,15.1,8.9,18.9,4.8,,,9.2,,1012.4,,
2021-04-21,15.9,5.0,20.1,1.0,,,5.6,,1018.2,,
2021-04-22,17.6,5.2,20.3,0.3,,,4.6,,1022.2,,
2021-04-23,20.4,7.9,23.7,0.0,,,6.5,,1020.5,,
2021-04-24,16.2,12.3,17.8,,,,5.4,,1019.3,,
2021-04-25,12.1,10.6,13.5,4.3,,,11.1,,1015.0,,
2021-04-26,13.9,9.6,17.3,0.3,,,8.3,,1016.6,,
2021-04-27,19.2,3.0,23.9,0.0,,,4.1,,1014.4,,
2021-04-28,21.9,8.2,26.4,,,,4.6,,1012.8,,
2021-04-29,21.8,11.1,24.7,0.0,,,5.8,,1013.8,,
2021-04-30,25.2,12.4,29.4,0.0,,,4.4,,1016.0,,
2021-05-01,27.8,12.2,32.1,,,,4.0,,1015.0,,
2021-05-02,28.3,17.7,32.3,,,,8.0,,1011.4,,
2021-05-03,26.3,14.7,29.8,,,,7.7,,1011.5,,
2021-05-04,22.1,18.4,24.5,0.0,,,7.8,,1014.8,,
2021-05-05,22.4,11.5,25.7,,,,5.2,,1011.7,,
2021-05-06,20.5,12.8,25.0,0.3,,,3.7,,1012.8,,
2021-05-07,25.3,10.7,30.0,0.5,,,4.2,,1014.2,,
2021-05-08,20.4,16.0,24.4,0.0,,,7.7,,1012.9,,
2021-05-09,18.2,11.8,20.7,1.8,,,15.7,,1021.9,,
2021-05-10,18.8,7.5,22.6,0.0,,,13.4,,1020.9,,
2021-05-11,19.1,5.2,22.8,,,,8.3,,1016.2,,
2021-05-12,19.9,5.6,24.5,0.0,,,4.6,,1010.7,,
2021-05-13,24.1,8.1,27.9,,,,5.2,,1008.0,,
2021-05-14,25.2,11.6,28.9,,,,8.4,,1010.9,,
2021-05-15,24.1,11.8,27.4,,,,5.4,,1011.8,,
2021-05-16,20.8,15.3,24.4,,,,7.5,,1008.3,,
2021-05-17,23.9,11.8,27.7,,,,7.5,,1009.4,,
2021-05-18,22.8,16.0,28.7,,,,9.4,,1009.2,,
2021-05-19,25.7,9.5,30.1,,,,4.9,,1012.9,,
2021-05-20,26.2,12.5,30.8,,,,10.1,,1006.9,,
2021-05-21,16.9,13.0,22.3,,,,6.6,,1009.4,,
2021-05-22,18.4,12.7,21.7,,,,6.2,,1018.8,,
2021-05-23,22.5,8.7,27.0,,,,4.8,,1018.5,,
2021-05-24,25.9,10.5,29.4,0.0,,,5.3,,1019.1,,
2021-05-25,25.2,14.3,29.0,,,,6.5,,1018.5,,
2021-05-26,25.4,14.0,28.7,,,,7.0,,1013.5,,
2021-05-27,22.3,15.0,25.8,,,,7.5,,1010.8,,
2021-05-28,19.1,14.9,21.0,,,,6.8,,1010.0,,
2021-05-29,18.6,14.2,21.3,6.4,,,6.9,,1014.0,,
2021-05-30,23.4,11.7,26.5,0.8,,,6.1,,1013.5,,
2021-05-31,19.0,17.1,22.4,0.8,,,5.2,,1011.0,,
2021-06-01,16.9,14.2,20.2,8.4,,,6.3,,1010.7,,
2021-06-02,15.6,11.8,18.1,18.8,,,7.7,,1017.4,,
2021-06-03,19.9,8.0,23.3,0.0,,,6.2,,1020.5,,
2021-06-04,21.4,13.7,23.9,0.0,,,7.8,,1021.9,,
2021-06-05,21.7,9.9,24.3,,,,5.7,,1020.8,,
2021-06-06,23.7,9.6,27.0,,,,4.2,,1017.4,,
2021-06-07,25.1,12.5,29.1,,,,4.9,,1015.6,,
2021-06-08,23.3,17.5,26.6,1.8,,,5.2,,1013.8,,
2021-06-09,25.3,15.4,28.2,0.3,,,8.1,,1011.4,,
2021-06-10,25.6,13.5,28.5,0.0,,,8.6,,1010.0,,
2021-06-11,25.8,14.0,28.3,,,,7.5,,1011.3,,
2021-06-12,25.3,15.0,28.5,,,,6.5,,1012.7,,
2021-06-13,25.3,16.8,28.5,,,,6.8,,1012.2,,
2021-06-14,16.8,14.5,18.2,27.4,,,5.6,,1011.8,,
2021-06-15,19.7,10.9,22.5,5.1,,,6.5,,1012.4,,
2021-06-16,18.1,14.6,21.3,1.0,,,8.8,,1011.0,,
2021-06-17,22.9,16.4,26.2,4.1,,,6.7,,1016.1,,
2021-06-18,25.2,15.5,28.5,0.8,,,8.3,,1014.7,,
2021-06-19,23.5,17.9,27.5,0.0,,,5.3,,1011.9,,
2021-06-20,25.8,15.6,28.2,0.0,,,6.1,,1010.6,,
2021-06-21,23.5,19.8,26.0,1.5,,,5.4,,1011.2,,
2021-06-22,25.9,17.2,29.4,0.5,,,5.0,,1012.6,,
2021-06-23,27.4,17.3,32.1,0.0,,,4.7,,1013.8,,
2021-06-24,27.9,19.8,30.3,0.0,,,6.7,,1015.6,,
2021-06-25,29.1,18.9,31.9,,,,4.8,,1013.6,,
2021-06-26,29.4,21.1,32.8,,,,5.4,,1011.7,,
2021-06-27,29.2,19.7,31.5,,,,6.7,,1012.0,,
2021-06-28,29.6,19.9,32.3,,,,7.9,,1014.4,,
2021-06-29,29.8,18.2,32.7,,,,9.1,,1014.3,,
2021-06-30,29.5,17.6,33.1,,,,5.2,,1012.9,,
2021-07-01,32.3,19.0,38.7,,,,3.7,,1009.8,,
2021-07-02,28.9,21.3,32.9,,,,7.5,,1005.9,,
2021-07-03,24.2,20.6,27.6,,,,7.7,,1008.1,,
2021-07-04,24.4,17.4,28.2,3.8,,,7.6,,1010.0,,
2021-07-05,25.8,16.4,32.5,0.0,,,4.2,,1008.3,,
2021-07-06,21.3,18.6,24.2,1.0,,,5.9,,1009.1,,
2021-07-07,25.5,20.0,28.7,17.8,,,6.9,,1012.8,,
2021-07-08,24.1,20.9,26.3,0.0,,,5.9,,1015.9,,
2021-07-09,26.2,21.2,29.9,1.8,,,11.8,,1014.8,,
2021-07-10,26.5,17.5,30.0,0.0,,,13.2,,1011.7,,
2021-07-11,27.3,17.3,31.3,0.0,,,9.9,,1009.8,,
2021-07-12,27.8,18.8,31.7,0.0,,,8.6,,1010.7,,
2021-07-13,30.1,20.3,32.9,0.0,,,11.0,,1011.4,,
2021-07-14,29.2,18.4,31.9,0.0,,,9.7,,1011.5,,
2021-07-15,30.3,20.0,34.3,0.0,,,11.1,,1010.1,,
2021-07-16,31.4,20.9,34.6,0.0,,,9.1,,1007.3,,
2021-07-17,31.0,20.7,34.8,,,,5.7,,1004.1,,
2021-07-18,31.3,21.4,34.6,,,,7.3,,1002.8,,
2021-07-19,31.3,23.1,34.1,0.0,,,7.6,,1005.3,,
2021-07-20,30.8,22.7,33.9,,,,6.9,,1007.9,,
2021-07-21,29.6,20.9,31.8,,,,7.8,,1010.0,,
2021-07-22,26.8,21.1,29.0,,,,12.0,,1012.6,,
2021-07-23,26.4,18.7,28.8,,,,12.4,,1012.1,,
2021-07-24,26.9,18.1,29.8,,,,14.4,,1011.0,,
2021-07-25,27.9,19.0,30.3,,,,13.1,,1012.5,,
2021-07-26,28.7,17.8,32.0,,,,10.9,,1015.6,,
2021-07-27,30.4,18.5,33.1,,,,10.1,,1017.0,,
2021-07-28,31.6,19.3,35.5,,,,11.1,,1015.0,,
2021-07-29,32.1,18.9,35.6,0.0,,,9.6,,1012.1,,
2021-07-30,32.9,18.6,36.9,,,,6.7,,1009.9,,
2021-07-31,33.7,20.2,38.0,,,,5.6,,1008.2,,
2021-08-01,31.6,23.6,36.6,,,,6.5,,1009.6,,
2021-08-02,31.8,19.2,39.2,,,,5.3,,1009.9,,
2021-08-03,31.8,20.6,38.1,,,,5.6,,1010.8,,
2021-08-04,31.6,20.9,37.7,,,,5.9,,1012.9,,
2021-08-05,32.6,21.8,38.3,0.0,,,6.7,,1010.3,,
2021-08-06,31.3,20.9,38.2,0.0,,,6.9,,1002.3,,
2021-08-07,27.0,22.4,29.9,0.3,,,12.2,,1007.3,,
2021-08-08,26.6,19.0,31.0,0.0,,,8.3,,1014.2,,
2021-08-09,26.7,15.5,31.9,,,,6.3,,1016.1,,
2021-08-10,27.9,16.7,33.7,,,,5.5,,1015.3,,
2021-08-11,28.8,19.5,34.1,0.0,,,6.7,,1013.0,,
2021-08-12,27.6,19.0,31.5,,,,10.7,,1014.9,,
2021-08-13,27.2,19.2,31.2,,,,12.7,,1018.3,,
2021-08-14,26.2,19.6,30.0,,,,14.0,,1018.0,,
2021-08-15,26.1,16.9,31.0,,,,12.4,,1015.3,,
2021-08-16,26.7,17.3,32.1,0.0,,,7.9,,1013.5,,
2021-08-17,27.6,16.9,33.5,,,,5.6,,1010.4,,
2021-08-18,27.7,20.2,33.3,,,,7.5,,1008.2,,
2021-08-19,25.9,17.9,30.4,,,,10.2,,1010.0,,
2021-08-20,25.8,20.5,29.9,,,,12.1,,1013.2,,
2021-08-21,25.7,16.8,31.2,0.0,,,12.1,,1013.6,,
2021-08-22,26.0,17.5,30.4,,,,13.3,,1013.4,,
2021-08-23,27.3,19.6,32.2,,,,13.9,,1012.8,,
2021-08-24,27.2,18.5,32.5,,,,8.5,,1011.4,,
2021-08-25,27.2,18.5,32.9,,,,6.2,,1010.6,,
2021-08-26,28.2,20.8,34.4,,,,4.6,,1010.3,,
2021-08-27,29.9,19.6,37.5,,,,5.3,,1009.1,,
2021-08-28,30.3,20.2,35.4,,,,5.4,,1007.9,,
2021-08-29,29.2,22.6,33.2,,,,7.1,,1005.3,,
2021-08-30,28.1,19.7,32.7,,,,6.7,,1008.0,,
2021-08-31,27.4,20.7,31.9,,,,8.5,,1011.9,,
2021-09-01,26.8,18.3,31.6,,,,9.3,,1011.6,,
2021-09-02,23.9,18.5,26.9,,,,8.7,,1015.6,,
2021-09-03,21.2,15.9,24.8,,,,10.7,,1018.1,,
2021-09-04,22.7,14.0,27.3,,,,8.7,,1014.8,,
2021-09-05,23.4,16.2,27.0,,,,12.0,,1013.7,,
2021-09-06,23.8,19.7,27.8,0.0,,,18.7,,1015.9,,
2021-09-07,22.8,18.6,27.3,,,,18.1,,1018.3,,
2021-09-08,22.9,14.7,28.4,,,,15.0,,1017.1,,
2021-09-09,21.9,15.4,27.6,0.5,,,9.7,,1014.8,,
2021-09-10,21.8,16.0,25.3,0.0,,,7.6,,1015.1,,
2021-09-11,21.0,13.3,25.7,0.0,,,5.3,,1015.9,,
2021-09-12,22.5,12.1,28.2,,,,6.6,,1012.3,,
2021-09-13,22.7,13.4,28.1,,,,6.2,,1010.9,,
2021-09-14,24.0,15.1,28.6,,,,9.9,,1012.6,,
2021-09-15,22.1,17.5,25.9,,,,7.8,,1015.0,,
2021-09-16,22.5,15.6,27.5,,,,5.3,,1016.7,,
2021-09-17,24.1,12.9,30.6,,,,3.9,,1015.4,,
2021-09-18,26.4,16.4,34.7,,,,6.7,,1011.0,,
2021-09-19,26.2,16.8,32.8,,,,5.5,,1012.9,,
2021-09-20,28.0,18.4,34.9,0.3,,,6.0,,1011.8,,
2021-09-21,20.6,18.7,23.5,0.0,,,6.8,,1016.8,,
2021-09-22,19.7,15.1,23.0,0.0,,,6.5,,1016.9,,
2021-09-23,13.8,11.7,15.5,3.0,,,5.4,,1016.5,,
2021-09-24,16.7,9.3,22.2,2.5,,,3.7,,1018.3,,
2021-09-25,19.4,9.0,26.8,0.0,,,3.4,,1019.9,,
2021-09-26,21.4,11.0,27.2,,,,4.1,,1020.6,,
2021-09-27,21.0,10.6,26.7,,,,6.6,,1016.7,,
2021-09-28,19.9,12.3,25.2,,,,9.0,,1016.4,,
2021-09-29,19.2,12.7,22.4,,,,11.4,,1018.5,,
2021-09-30,19.2,15.3,23.6,,,,13.6,,1020.0,,
2021-10-01,18.8,13.7,23.0,,,,14.3,,1020.5,,
2021-10-02,18.1,10.9,22.9,,,,12.8,,1019.3,,
2021-10-03,17.9,12.1,21.6,,,,9.3,,1021.2,,
2021-10-04,17.7,9.0,22.4,,,,8.7,,1021.8,,
2021-10-05,17.5,9.4,21.6,,,,10.3,,1022.1,,
2021-10-06,17.6,9.4,21.7,,,,9.6,,1021.5,,
2021-10-07,18.0,8.2,23.5,,,,9.1,,1018.9,,
2021-10-08,19.1,8.5,25.1,,,,5.9,,1017.5,,
2021-10-09,17.9,14.1,21.5,,,,3.6,,1018.2,,
2021-10-10,19.4,13.0,23.6,,,,6.5,,1019.7,,
2021-10-11,20.3,14.5,25.6,,,,4.9,,1016.3,,
2021-10-12,18.7,13.2,25.6,,,,6.2,,1008.4,,
2021-10-13,14.4,12.4,17.0,,,,8.8,,1012.5,,
2021-10-14,17.8,10.2,23.6,,,,5.5,,1016.5,,
2021-10-15,18.2,12.0,21.9,,,,6.0,,1014.5,,
2021-10-16,19.6,14.5,25.3,,1.0,,6.4,,1012.3,,
2021-10-17,15.4,13.4,18.3,,,,3.6,,1017.1,,
2021-10-18,15.7,13.8,18.1,,,,5.1,,1021.5,,
2021-10-19,15.8,9.5,19.8,,,,6.7,,1025.1,,
2021-10-20,15.4,7.8,20.0,,,,6.1,,1026.5,,
2021-10-21,15.5,6.0,22.1,,,,2.6,,1022.6,,
2021-10-22,16.1,6.5,22.9,0.0,,,2.6,,1020.8,,
2021-10-23,16.2,7.1,23.5,,,,3.1,,1021.2,,
2021-10-24,12.6,8.2,15.0,,,,4.5,,1024.5,,
2021-10-25,13.3,8.7,16.9,,,,14.2,,1027.4,,
2021-10-26,13.1,6.4,18.5,,,,7.9,,1023.5,,
2021-10-27,13.2,2.8,19.4,,,,4.8,,1022.6,,
2021-10-28,13.6,5.3,18.6,,,,7.0,,1023.8,,
2021-10-29,14.6,8.8,18.8,,,,9.7,,1021.7,,
2021-10-30,15.9,8.4,21.3,,,,9.6,,1019.8,,
2021-10-31,14.1,5.7,20.0,,,,2.7,,1019.2,,
2021-11-01,14.9,12.1,18.3,6.1,1.0,,3.0,,1014.9,,
2021-11-02,16.1,8.4,20.6,0.0,,,3.2,,1012.0,,
2021-11-03,18.8,14.2,23.7,5.1,,,3.0,,1015.9,,
2021-11-04,18.4,10.2,25.5,0.0,,,3.1,,1021.1,,
2021-11-05,18.9,9.7,27.9,,,,2.2,,1021.0,,
2021-11-06,17.4,8.6,24.9,0.0,,,3.2,,1022.5,,
2021-11-07,16.0,12.7,20.6,,,,3.2,,1022.5,,
2021-11-08,17.7,11.1,25.6,,,,2.7,,1016.9,,
2021-11-09,14.6,8.0,18.3,0.0,,,3.8,,1022.0,,
2021-11-10,10.6,7.2,14.1,3.3,,,12.7,,1032.4,,
2021-11-11,9.5,4.9,15.6,0.0,,,10.5,,1027.8,,
2021-11-12,11.1,3.7,17.3,,,,5.8,,1021.9,,
2021-11-13,10.5,0.3,18.0,,,,3.5,,1022.1,,
2021-11-14,12.2,2.9,19.3,,,,3.7,,1021.4,,
2021-11-15,11.9,3.5,17.9,,,,4.6,,1021.9,,
2021-11-16,12.5,5.7,17.3,,,,10.0,,1022.4,,
2021-11-17,10.2,3.9,14.7,,,,4.7,,1021.5,,
2021-11-18,10.7,5.4,13.3,,,,3.0,,1023.3,,
2021-11-19,9.6,8.3,11.0,0.5,,,3.4,,1022.6,,
2021-11-20,9.1,5.0,14.2,0.5,,,5.0,,1019.0,,
2021-11-21,8.1,2.5,16.9,0.0,,,3.8,,1017.7,,
2021-11-22,9.6,1.6,19.0,,,,1.8,,1017.7,,
2021-11-23,11.1,5.6,15.4,,,,3.0,,1018.0,,
2021-11-24,11.0,9.8,12.1,,,,10.4,,1020.8,,
2021-11-25,10.3,6.4,13.7,0.3,,,6.7,,1020.0,,
2021-11-26,14.7,4.6,21.9,0.0,,,7.0,,1013.7,,
2021-11-27,19.1,12.9,22.1,3.3,,,17.4,,1009.2,,
2021-11-28,21.0,15.6,22.5,0.0,,,17.4,,1007.7,,
2021-11-29,22.9,17.2,26.8,,,,28.7,,1002.7,,
2021-11-30,11.9,6.8,16.9,,,,20.6,,1005.7,,
2021-12-01,9.1,5.8,11.6,,,,11.1,,1015.4,,
2021-12-02,8.0,1.2,14.4,,,,5.2,,1016.1,,
2021-12-03,17.5,8.2,20.1,,,,15.2,,1013.8,,
2021-12-04,15.7,12.5,19.1,0.3,,,3.9,,1011.1,,
2021-12-05,12.8,6.8,18.2,0.0,,,1.3,,1011.5,,
2021-12-06,16.8,6.1,22.4,0.0,,,5.2,,1011.5,,
2021-12-07,15.2,11.0,20.9,,,,7.4,,1003.7,,
2021-12-08,11.1,9.0,13.4,,,,5.2,,1005.9,,
2021-12-09,11.8,9.1,15.9,2.3,,,6.9,,1016.5,,
2021-12-10,16.2,6.2,21.7,0.0,,,9.4,,1014.0,,
2021-12-11,16.3,9.2,19.7,8.1,1.0,,8.2,,1014.1,,
2021-12-12,15.2,10.8,22.3,0.0,,,7.2,,1013.3,,
2021-12-13,11.1,9.4,14.7,30.2,2.0,,5.2,,1015.4,,
2021-12-14,10.6,6.4,14.8,2.3,,,8.5,,1014.2,,
2021-12-15,7.3,5.4,10.0,,,,8.3,,1018.7,,
2021-12-16,4.6,4.1,5.4,11.2,1.0,,7.6,,1022.5,,
2021-12-17,4.6,3.7,5.8,9.9,1.0,,7.9,,1020.5,,
2021-12-18,4.9,3.9,6.2,6.6,,,7.1,,1017.0,,
2021-12-19,5.4,4.6,7.1,2.0,,,13.1,,1014.1,,
2021-12-20,4.2,-0.2,7.2,0.5,,,6.3,,1012.1,,
2021-12-21,4.1,2.9,7.3,7.1,1.0,,10.4,,1020.4,,
2021-12-22,1.8,-2.1,7.8,0.5,,,3.6,,1026.7,,
2021-12-23,1.1,-2.2,6.1,1.0,,,2.7,,1026.9,,
2021-12-24,1.5,-4.0,7.5,1.0,,,4.8,,1022.4,,
2021-12-25,6.7,0.3,14.0,,,,9.5,,1019.5,,
2021-12-26,15.4,14.0,17.9,,,,21.6,,1016.8,,
2021-12-27,14.3,8.9,18.5,0.0,,,10.9,,1017.1,,
2021-12-28,13.6,10.7,17.4,0.0,,,5.8,,1013.1,,
2021-12-29,11.7,8.0,13.9,,,,6.5,,1010.1,,
2021-12-30,12.9,10.7,16.1,0.0,,,10.1,,1009.1,,
2021-12-31,9.0,4.5,12.1,,,,4.9,,1019.7,,
2022-01-01,9.4,8.0,11.5,,,,2.8,,1019.8,,
2022-01-02,8.9,6.6,12.6,1.3,,,2.5,,1023.5,,
2022-01-03,6.2,0.6,13.5,1.8,,,2.0,,1019.9,,
2022-01-04,7.3,2.6,15.2,0.0,,,1.6,,1016.6,,
2022-01-05,10.6,2.2,18.8,0.0,,,4.2,,1013.7,,
2022-01-06,16.7,9.4,21.7,,,,13.6,,1013.2,,
2022-01-07,11.0,7.7,17.5,0.5,,,4.3,,1016.8,,
2022-01-08,10.4,6.4,15.7,0.3,,,3.1,,1014.4,,
2022-01-09,10.9,5.5,16.4,0.3,,,4.2,,1006.4,,
2022-01-10,10.8,8.7,15.1,0.0,,,3.1,,1001.7,,
2022-01-11,10.2,7.5,13.5,0.8,,,10.4,,1007.3,,
2022-01-12,4.9,2.5,9.7,,,,24.5,,1018.2,,
2022-01-13,1.3,0.7,3.5,0.8,,,21.7,,1028.7,,
2022-01-14,0.7,-3.7,6.7,0.0,,,3.7,,1024.8,,
2022-01-15,1.7,-3.7,8.4,,,,3.6,,1019.9,,
2022-01-16,1.9,-1.4,7.7,0.0,,,3.6,,1026.2,,
2022-01-17,2.3,-4.8,8.7,,,,5.9,,1023.2,,
2022-01-18,4.0,0.3,9.3,,,,9.5,,1021.0,,
2022-01-19,0.8,-1.7,2.9,3.3,,,6.2,,1029.7,,
2022-01-20,1.0,-6.0,6.5,2.0,,,5.4,,1027.3,,
2022-01-21,6.7,-0.2,14.7,0.0,,,9.7,,1018.4,,
2022-01-22,0.1,-1.8,0.9,16.8,1.0,,3.2,,1017.5,,
2022-01-23,-1.2,-6.5,0.8,2.3,,,1.7,,1019.4,,
2022-01-24,-1.0,-7.2,3.3,1.8,,,3.8,,1025.4,,
2022-01-25,-0.7,-3.6,0.8,3.8,10.0,,9.2,,1026.2,,
2022-01-26,0.4,-1.5,2.9,2.0,7.0,,5.4,,1023.6,,
2022-01-27,0.7,-2.2,3.9,1.5,,,3.0,,1025.8,,
2022-01-28,2.3,-3.6,6.2,0.0,3.0,,6.2,,1023.3,,
2022-01-29,4.0,1.4,6.9,0.0,2.0,,9.5,,1022.7,,
2022-01-30,3.9,-0.1,8.1,0.0,,,6.9,,1018.3,,
2022-01-31,5.3,-0.2,11.3,,,,4.0,,1014.2,,
2022-02-01,5.4,0.2,11.3,,,,8.8,,1009.4,,
2022-02-02,13.6,8.5,16.1,,,,9.7,,1005.9,,
2022-02-03,5.7,2.9,8.2,,,,8.2,,1009.9,,
2022-02-04,4.8,0.3,7.7,4.3,,,10.9,,1020.7,,
2022-02-05,3.8,-4.0,11.1,0.0,,,4.1,,1021.7,,
2022-02-06,7.1,-1.6,13.4,,,,2.6,,1023.6,,
2022-02-07,11.2,-1.0,18.9,,,,11.3,,1014.7,,
2022-02-08,7.6,2.3,14.2,,,,11.1,,1007.3,,
2022-02-09,4.8,2.6,6.9,39.1,2.0,,10.2,,1021.7,,
2022-02-10,5.8,1.1,10.8,0.0,,,9.7,,1027.6,,
2022-02-11,6.8,-1.7,15.3,,,,5.7,,1025.2,,
2022-02-12,8.4,1.1,16.3,,,,5.6,,1026.2,,
2022-02-13,7.6,5.4,10.6,,,,15.2,,1026.2,,
2022-02-14,6.6,3.9,7.8,,,,4.7,,1024.1,,
2022-02-15,7.3,2.2,12.3,,,,2.8,,1024.9,,
2022-02-16,9.0,-1.6,16.4,,,,4.9,,1022.3,,
2022-02-17,11.3,2.7,18.0,,,,7.2,,1014.3,,
2022-02-18,6.3,3.2,10.0,,,,6.2,,1013.1,,
2022-02-19,5.7,-1.6,14.7,,,,2.2,,1021.3,,
2022-02-20,9.8,1.4,16.7,,,,5.7,,1019.4,,
2022-02-21,12.1,4.5,19.7,,,,4.3,,1014.4,,
2022-02-22,11.9,6.6,17.8,,,,4.4,,1007.8,,
2022-02-23,10.5,9.2,14.5,,,,5.8,,1014.1,,
2022-02-24,6.7,5.4,9.2,,,,9.3,,1016.6,,
2022-02-25,6.2,5.3,7.5,16.5,1.0,,5.1,,1016.7,,
2022-02-26,7.4,0.3,12.9,0.5,,,4.4,,1020.3,,
2022-02-27,9.5,5.3,15.4,0.0,,,4.4,,1019.0,,
2022-02-28,6.4,4.1,9.9,,,,9.6,,1017.0,,
2022-03-01,4.6,3.2,7.8,10.9,,,6.6,,1022.4,,
2022-03-02,4.5,3.4,6.3,0.0,,,9.8,,1017.2,,
2022-03-03,3.7,1.1,5.8,1.0,,,7.6,,1013.8,,
2022-03-04,6.1,-2.7,10.2,0.3,,,4.3,,1017.2,,
2022-03-05,6.6,2.9,8.3,0.0,,,9.1,,1016.4,,
2022-03-06,10.0,6.1,14.1,1.5,,,9.3,,1013.3,,
2022-03-07,6.6,5.1,7.6,3.8,,,5.4,,1012.5,,
2022-03-08,5.3,4.1,8.5,10.2,,,7.3,,1013.6,,
2022-03-09,4.2,3.2,7.6,4.3,,,12.8,,1013.9,,
2022-03-10,1.6,0.0,5.9,0.3,,,11.2,,1015.9,,
2022-03-11,-1.3,-2.3,1.2,2.8,,,7.4,,1022.7,,
2022-03-12,-1.8,-5.9,1.9,9.9,1.0,,5.8,,1027.6,,
2022-03-13,0.3,-5.4,6.6,8.4,15.0,,7.0,,1028.3,,
2022-03-14,1.2,-5.6,7.4,0.0,1.0,,5.8,,1033.4,,
2022-03-15,2.8,-2.5,8.6,,,,4.9,,1035.0,,
2022-03-16,3.0,-2.9,8.0,,,,4.0,,1027.9,,
2022-03-17,4.6,3.2,7.7,0.0,,,6.4,,1026.2,,
2022-03-18,0.7,-0.9,4.2,0.5,,,10.8,,1034.8,,
2022-03-19,-0.1,-3.6,4.4,1.8,,,4.4,,1036.0,,
2022-03-20,2.2,-1.0,6.7,4.3,,,9.9,,1033.8,,
2022-03-21,5.2,1.2,8.4,2.0,,,16.4,,1030.1,,
2022-03-22,4.8,0.4,8.9,0.0,,,10.8,,1024.3,,
2022-03-23,4.8,-1.4,7.7,0.3,,,7.4,,1022.7,,
2022-03-24,7.3,0.3,11.6,0.3,,,5.4,,1021.3,,
2022-03-25,9.5,-1.6,15.5,0.0,,,5.8,,1020.2,,
2022-03-26,7.6,3.4,12.1,,,,5.6,,1027.1,,
2022-03-27,9.3,-1.4,19.7,,,,4.6,,1027.7,,
2022-03-28,11.9,1.8,21.1,,,,3.1,,1027.0,,
2022-03-29,13.7,8.5,21.8,,,,6.6,,1018.5,,
2022-03-30,14.8,6.8,22.4,,,,6.4,,1013.5,,
2022-03-31,14.7,7.8,21.7,,,,3.5,,1011.7,,
2022-04-01,22.9,11.1,30.4,0.0,,,11.3,,1005.7,,
2022-04-02,21.1,16.7,26.2,,,,20.0,,1005.6,,
2022-04-03,17.2,13.7,19.7,,,,22.4,,1009.6,,
2022-04-04,13.3,7.7,17.9,0.0,,,6.8,,1017.9,,
2022-04-05,13.2,8.5,18.2,,,,6.5,,1013.5,,
2022-04-06,13.1,4.3,18.8,,,,5.3,,1013.5,,
2022-04-07,16.4,4.5,26.3,,,,8.3,,1006.2,,
2022-04-08,17.3,11.5,22.6,,,,9.6,,1007.0,,
2022-04-09,20.8,7.2,27.5,,,,7.9,,1008.6,,
2022-04-10,21.2,10.1,28.2,,,,9.0,,1005.5,,
2022-04-11,9.9,5.9,18.3,,,,9.5,,1010.8,,
2022-04-12,10.3,6.4,14.5,6.6,,,6.8,,1020.9,,
2022-04-13,11.2,2.1,15.8,0.5,,,5.4,,1021.3,,
2022-04-14,13.4,1.4,18.0,0.0,,,6.7,,1021.9,,
2022-04-15,15.6,5.2,21.5,,,,5.1,,1020.2,,
2022-04-16,17.6,6.8,24.7,,,,2.6,,1014.5,,
2022-04-17,13.0,11.3,15.5,0.0,,,4.4,,1009.3,,
2022-04-18,9.6,7.8,10.9,5.8,,,5.8,,1007.2,,
2022-04-19,8.3,5.4,10.0,3.3,,,6.6,,1012.3,,
2022-04-20,13.2,0.9,18.8,1.0,,,4.2,,1016.4,,
2022-04-21,13.9,9.3,18.1,0.0,,,7.7,,1016.9,,
2022-04-22,19.3,7.6,25.4,0.0,,,5.9,,1014.9,,
2022-04-23,20.5,11.8,28.3,0.0,,,5.6,,1008.8,,
2022-04-24,20.2,8.1,26.2,0.0,,,4.6,,1010.2,,
2022-04-25,20.6,9.8,25.2,0.0,,,4.7,,1009.2,,
2022-04-26,20.5,11.2,25.9,0.0,,,4.9,,1011.3,,
2022-04-27,20.3,11.2,26.2,0.0,,,7.6,,1013.2,,
2022-04-28,17.4,8.9,21.9,0.0,,,5.9,,1014.5,,
2022-04-29,18.4,9.5,23.2,0.0,,,12.2,,1015.7,,
2022-04-30,15.1,12.9,17.8,0.0,,,11.8,,1016.1,,
2022-05-01,17.2,11.0,20.7,0.0,,,13.1,,1016.6,,
2022-05-02,17.1,10.6,22.5,6.1,,,9.0,,1012.4,,
2022-05-03,12.8,10.9,14.9,7.1,,,7.5,,1011.7,,
2022-05-04,12.7,10.5,15.2,1.0,,,7.7,,1016.6,,
2022-05-05,14.5,5.9,20.2,0.0,,,5.4,,1020.8,,
2022-05-06,15.6,6.8,19.8,0.0,,,8.5,,1021.9,,
2022-05-07,15.8,6.5,20.8,0.0,,,12.2,,1020.1,,
2022-05-08,16.3,7.9,23.4,0.0,,,11.8,,1019.0,,
2022-05-09,14.3,7.3,21.6,0.0,,,7.6,,1018.6,,
2022-05-10,14.9,4.9,22.4,0.0,,,6.9,,1018.0,,
2022-05-11,15.8,7.4,23.4,0.0,,,6.5,,1017.8,,
2022-05-12,17.4,7.2,26.0,0.0,,,6.0,,1020.5,,
2022-05-13,19.7,8.8,28.9,0.0,,,4.3,,1017.5,,
2022-05-14,20.6,14.2,27.8,0.0,,,6.1,,1014.6,,
2022-05-15,19.6,11.1,26.9,0.0,,,5.6,,1015.6,,
2022-05-16,20.1,12.3,27.7,0.0,,,5.1,,1017.7,,
2022-05-17,20.8,12.8,28.4,0.0,,,4.5,,1016.0,,
2022-05-18,18.1,11.9,29.4,0.0,,,9.2,,1013.7,,
2022-05-19,13.8,10.2,18.1,4.8,,,13.7,,1024.1,,
2022-05-20,16.7,9.4,24.3,0.0,,,12.1,,1023.3,,
2022-05-21,18.7,7.8,27.6,0.0,,,4.9,,1016.6,,
2022-05-22,20.6,9.2,29.1,0.0,,,5.6,,1009.2,,
2022-05-23,20.7,15.3,26.4,0.0,,,7.4,,1008.3,,
2022-05-24,22.3,14.5,28.9,0.0,,,5.0,,1011.7,,
2022-05-25,23.2,15.7,29.6,0.5,,,6.5,,1015.5,,
2022-05-26,25.5,15.0,32.7,0.0,,,6.6,,1017.1,,
2022-05-27,24.8,17.5,31.5,0.0,,,6.4,,1016.4,,
2022-05-28,25.1,16.3,33.0,0.0,,,3.9,,1011.2,,
2022-05-29,25.9,18.4,35.3,7.1,,,5.9,,1008.1,,
2022-05-30,25.2,18.2,33.1,0.2,,,6.8,,1009.2,,
2022-05-31,24.4,17.2,30.4,0.0,,,8.8,,1013.0,,
2022-06-01,23.8,16.5,29.8,0.0,,,9.8,,1012.7,,
2022-06-02,25.0,18.2,29.8,0.0,,,9.0,,1012.0,,
2022-06-03,23.8,17.9,29.3,0.0,,,10.4,,1012.7,,
2022-06-04,24.4,18.8,30.2,0.0,,,12.1,,1013.4,,
2022-06-05,24.5,18.3,31.0,0.0,,,9.7,,1012.5,,
2022-06-06,23.3,16.5,29.9,0.0,,,8.6,,1011.2,,
2022-06-07,21.4,18.1,25.2,0.0,,,8.8,,1011.0,,
2022-06-08,20.9,17.9,26.3,0.0,,,7.3,,1009.3,,
2022-06-09,23.1,14.5,31.9,1.0,,,6.0,,1008.3,,
2022-06-10,27.3,17.4,32.8,0.0,,,6.4,,1007.9,,
2022-06-11,21.8,19.7,25.2,6.1,,,6.5,,1007.6,,
2022-06-12,19.8,17.4,21.9,29.7,,,7.4,,1005.4,,
2022-06-13,22.4,18.4,26.6,24.1,,,5.2,,1008.5,,
2022-06-14,23.7,18.3,29.6,0.0,,,7.2,,1010.9,,
2022-06-15,23.5,18.2,29.0,0.0,,,9.5,,1015.1,,
2022-06-16,23.1,17.8,28.8,0.0,,,10.6,,1016.0,,
2022-06-17,22.9,17.0,28.2,0.0,,,9.9,,1014.5,,
2022-06-18,23.1,16.1,29.2,0.0,,,12.4,,1013.1,,
2022-06-19,22.9,18.5,28.1,0.0,,,11.6,,1014.2,,
2022-06-20,22.5,17.4,26.8,5.4,,,5.7,,1011.4,,
2022-06-21,22.7,18.9,28.9,10.2,,,7.0,,1008.9,,
2022-06-22,26.4,19.5,32.2,0.0,,,6.9,,1008.5,,
2022-06-23,25.6,21.0,31.1,0.0,,,7.0,,1010.0,,
2022-06-24,23.3,18.5,27.5,0.0,,,7.5,,1011.6,,
2022-06-25,23.8,16.2,29.3,0.0,,,7.1,,1012.5,,
2022-06-26,23.2,17.0,28.3,0.0,,,8.1,,1013.0,,
2022-06-27,23.2,16.3,27.8,0.0,,,6.9,,1014.4,,
2022-06-28,23.5,19.9,27.4,7.4,,,11.0,,1012.2,,
2022-06-29,22.7,20.0,26.8,1.0,,,5.8,,1012.4,,
2022-06-30,23.8,17.4,29.0,9.9,,,9.1,,1011.3,,
2022-07-01,25.7,19.0,31.1,0.0,,,8.7,,1012.3,,
2022-07-02,27.3,20.2,31.2,0.0,,,10.6,,1013.8,,
2022-07-03,26.4,18.3,30.2,0.0,,,13.9,,1014.1,,
2022-07-04,25.7,16.2,30.6,0.0,,,12.0,,1012.7,,
2022-07-05,25.7,16.3,30.9,0.0,,,11.3,,1011.9,,
2022-07-06,25.5,15.7,30.1,0.0,,,7.2,,1009.9,,
2022-07-07,26.3,18.0,30.0,0.0,,,8.7,,1010.8,,
2022-07-08,26.4,18.2,29.7,0.0,,,10.3,,1010.8,,
2022-07-09,24.9,18.3,30.5,1.0,,,8.4,,1006.6,,
2022-07-10,22.1,19.7,25.0,14.5,,,6.7,,1007.8,,
2022-07-11,24.1,14.7,28.9,0.0,,,7.2,,1012.9,,
2022-07-12,25.7,18.0,29.6,0.0,,,10.1,,1015.1,,
2022-07-13,24.1,15.5,27.7,0.0,,,10.4,,1015.4,,
2022-07-14,25.4,16.4,30.0,0.0,,,16.2,,1014.5,,
2022-07-15,25.0,18.9,30.7,0.0,,,14.1,,1010.8,,
2022-07-16,24.8,16.4,31.8,0.0,,,9.9,,1012.8,,
2022-07-17,25.5,16.1,32.4,0.3,,,10.0,,1015.1,,
2022-07-18,24.8,21.5,29.9,0.0,,,19.9,,1017.1,,
2022-07-19,22.8,16.7,28.5,0.0,,,15.5,,1017.0,,
2022-07-20,23.9,18.4,29.6,0.0,,,14.1,,1015.6,,
2022-07-21,24.7,15.6,32.4,0.0,,,8.9,,1013.5,,
2022-07-22,25.3,16.8,32.4,0.0,,,8.8,,1014.0,,
2022-07-23,26.5,17.0,33.3,0.0,,,8.5,,1014.6,,
2022-07-24,26.9,17.0,33.9,0.0,,,7.4,,1012.8,,
2022-07-25,28.1,17.6,33.5,0.0,,,7.9,,1010.6,,
2022-07-26,28.6,18.6,33.6,0.0,,,9.2,,1009.6,,
2022-07-27,28.3,16.2,35.3,0.0,,,8.8,,1008.2,,
2022-07-28,29.2,15.8,35.1,0.0,,,9.6,,1008.9,,
2022-07-29,28.4,18.9,34.5,0.0,,,9.5,,1010.6,,
2022-07-30,28.4,18.5,34.2,0.0,,,8.6,,1010.1,,
2022-07-31,28.2,21.2,32.8,0.0,,,7.9,,1007.9,,
2022-08-01,27.9,21.0,32.0,0.0,,,9.6,,1008.4,,
2022-08-02,27.3,18.3,31.6,0.0,,,11.1,,1010.0,,
2022-08-03,27.9,18.8,32.7,0.0,,,12.9,,1011.0,,
2022-08-04,27.6,20.8,31.6,0.0,,,13.5,,1011.4,,
2022-08-05,28.4,20.6,32.7,0.0,,,12.0,,1010.6,,
2022-08-06,28.4,20.8,33.3,0.0,,,12.9,,1007.7,,
2022-08-07,28.5,21.0,33.1,0.0,,,13.5,,1006.6,,
2022-08-08,29.4,21.8,34.3,0.0,,,11.8,,1008.2,,
2022-08-09,29.2,23.1,33.7,0.0,,,9.9,,1008.8,,
2022-08-10,26.0,20.3,30.5,2.4,,,8.3,,1009.1,,
2022-08-11,26.4,21.6,29.7,1.0,,,12.2,,1011.4,,
2022-08-12,27.4,19.3,31.9,0.0,,,9.8,,1011.2,,
2022-08-13,26.3,20.2,32.1,1.0,,,6.1,,1007.6,,
2022-08-14,27.5,19.4,32.9,0.0,,,5.1,,1004.9,,
2022-08-15,23.6,18.8,27.4,5.8,,,6.8,,1006.6,,
2022-08-16,27.6,17.6,33.2,4.8,,,3.1,,1010.3,,
2022-08-17,30.4,18.4,33.2,0.0,,,5.2,,1009.3,,
2022-08-18,30.9,20.4,34.9,0.0,,,6.3,,1009.2,,
2022-08-19,29.8,20.7,33.0,0.0,,,7.3,,1009.5,,
2022-08-20,28.9,19.9,32.5,0.0,,,8.0,,1008.4,,
2022-08-21,30.0,19.6,33.1,0.0,,,6.3,,1004.7,,
2022-08-22,29.1,21.4,34.2,0.5,,,5.2,,1004.3,,
2022-08-23,29.9,22.3,32.7,3.5,,,5.3,,1006.9,,
2022-08-24,27.7,22.4,33.1,5.1,,,7.1,,1007.8,,
2022-08-25,26.1,18.7,29.9,10.4,,,5.1,,1008.3,,
2022-08-26,26.3,19.3,28.6,0.0,,,2.6,,1007.6,,
2022-08-27,28.5,19.5,31.5,0.0,,,4.7,,1009.7,,
2022-08-28,30.3,20.4,33.4,0.0,,,6.1,,1011.6,,
2022-08-29,30.7,20.6,34.7,0.0,,,6.1,,1011.7,,
2022-08-30,30.4,22.4,33.5,1.1,,,5.9,,1010.9,,
2022-08-31,25.9,21.5,32.4,27.9,,,6.6,,1010.5,,
2022-09-01,27.7,20.0,30.6,0.0,,,6.3,,1009.9,,
2022-09-02,29.0,20.2,32.1,0.0,,,4.2,,1009.8,,
2022-09-03,27.6,22.7,30.2,0.0,,,6.5,,1012.4,,
2022-09-04,25.4,21.2,29.1,0.0,,,12.2,,1017.0,,
2022-09-05,21.8,19.9,24.8,0.0,,,14.9,,1018.0,,
2022-09-06,21.1,15.1,24.4,0.0,,,11.7,,1018.2,,
2022-09-07,23.4,17.8,27.4,0.0,,,14.3,,1016.7,,
2022-09-08,24.1,14.9,28.7,0.0,,,7.7,,1016.7,,
2022-09-09,24.0,13.7,30.1,0.0,,,4.2,,1016.6,,
2022-09-10,26.4,14.7,33.1,0.0,,,2.8,,1013.5,,
2022-09-11,26.6,16.0,31.0,0.0,,,3.5,,1009.9,,
2022-09-12,22.2,18.7,25.0,0.0,,,6.0,,1008.9,,
2022-09-13,21.1,13.3,25.5,0.0,,,6.1,,1010.8,,
2022-09-14,21.6,12.5,27.2,0.0,,,4.8,,1014.5,,
2022-09-15,25.1,11.5,33.2,0.0,,,2.7,,1013.8,,
2022-09-16,28.3,16.1,36.9,0.0,,,2.6,,1009.8,,
2022-09-17,29.2,16.0,37.8,0.0,,,3.8,,1005.6,,
2022-09-18,26.6,17.0,33.7,4.6,,,9.6,,1005.8,,
2022-09-19,21.1,16.7,26.1,0.0,,,5.8,,1012.9,,
2022-09-20,18.1,12.1,24.7,0.0,,,5.6,,1012.7,,
2022-09-21,18.7,12.1,24.1,0.0,,,9.0,,1013.0,,
2022-09-22,14.4,11.0,17.5,10.0,,,4.0,,1014.4,,
2022-09-23,14.0,7.9,19.7,0.1,,,5.4,,1016.7,,
2022-09-24,14.3,7.8,21.5,0.0,,,2.6,,1020.2,,
2022-09-25,15.7,7.1,25.5,0.0,,,1.5,,1019.5,,
2022-09-26,17.1,7.9,27.9,0.0,,,0.6,,1015.1,,
2022-09-27,20.0,10.2,29.7,0.0,,,5.2,,1008.0,,
2022-09-28,24.2,20.2,27.3,3.4,,,7.1,,1006.8,,
2022-09-29,24.1,16.3,31.6,2.0,,,4.2,,1009.8,,
2022-09-30,23.1,14.8,31.6,0.0,,,1.1,,1015.1,,
2022-10-01,23.6,15.5,33.7,0.0,,,2.7,,1019.1,,
2022-10-02,21.2,16.5,29.2,4.8,,,6.7,,1011.2,,
2022-10-03,17.7,10.9,24.4,0.0,,,4.0,,1013.2,,
2022-10-04,16.6,13.8,20.8,0.0,,,5.9,,1016.6,,
2022-10-05,15.3,8.9,21.3,0.0,,,9.4,,1023.9,,
2022-10-06,17.4,11.4,23.2,0.0,,,12.3,,1022.9,,
2022-10-07,16.9,15.6,19.3,7.8,,,10.4,,1020.0,,
2022-10-08,15.7,14.6,17.2,4.6,,,2.0,,1017.4,,
2022-10-09,16.4,13.5,21.6,3.6,,,4.2,,1019.1,,
2022-10-10,16.9,9.0,23.3,0.0,,,8.1,,1022.6,,
2022-10-11,17.6,12.5,23.7,0.0,,,7.0,,1020.1,,
2022-10-12,16.7,12.2,21.7,0.1,,,6.7,,1019.2,,
2022-10-13,17.6,11.4,23.2,0.0,,,7.6,,1019.0,,
2022-10-14,17.1,11.0,22.5,3.6,,,5.9,,1014.3,,
2022-10-15,16.1,14.4,17.5,4.6,1.0,,7.8,,1013.4,,
2022-10-16,16.2,15.4,17.1,0.0,,,9.5,,1019.9,,
2022-10-17,17.4,15.2,20.4,0.0,,,12.2,,1026.0,,
2022-10-18,17.4,15.3,20.5,0.5,,,13.1,,1024.9,,
2022-10-19,16.2,13.2,18.4,0.0,,,3.4,,1017.3,,
2022-10-20,15.9,11.2,22.5,1.0,,,8.4,,1018.9,,
2022-10-21,12.9,9.6,18.1,0.0,,,12.5,,1024.1,,
2022-10-22,11.6,3.3,21.2,0.0,,,4.9,,1024.5,,
2022-10-23,15.2,6.7,25.0,0.0,,,3.1,,1021.6,,
2022-10-24,14.7,7.0,24.5,0.0,,,3.0,,1022.3,,
2022-10-25,14.6,6.5,24.7,0.0,,,1.9,,1019.5,,
2022-10-26,15.8,7.5,25.9,0.0,,,2.8,,1019.7,,
2022-10-27,15.8,9.0,23.6,0.0,,,6.9,,1024.6,,
2022-10-28,15.4,11.1,21.5,0.0,,,12.1,,1025.4,,
2022-10-29,13.2,6.5,21.7,0.0,,,6.1,,1023.5,,
2022-10-30,11.8,4.4,20.8,0.0,,,2.3,,1020.5,,
2022-10-31,13.6,4.7,20.6,0.0,,,3.3,,1019.4,,
2022-11-01,12.9,6.4,22.4,0.0,,,4.8,,1022.1,,
2022-11-02,11.5,3.7,22.0,0.0,,,1.4,,1021.1,,
2022-11-03,13.3,6.0,22.5,0.0,,,2.4,,1020.1,,
2022-11-04,13.8,7.3,24.3,0.0,,,1.5,,1017.0,,
2022-11-05,15.3,6.8,27.3,0.0,,,2.3,,1014.7,,
2022-11-06,16.3,8.7,24.7,0.4,,,5.3,,1013.9,,
2022-11-07,13.9,8.3,18.9,0.0,,,6.2,,1015.8,,
2022-11-08,11.4,7.5,17.9,0.0,,,4.7,,1019.8,,
2022-11-09,9.3,2.9,17.9,0.0,,,2.8,,1022.4,,
2022-11-10,8.7,1.8,17.6,0.0,,,2.3,,1023.8,,
2022-11-11,10.2,1.4,18.3,0.0,,,2.6,,1026.2,,
2022-11-12,12.7,8.0,19.6,0.0,,,7.9,,1025.6,,
2022-11-13,10.9,3.3,20.2,0.0,,,3.0,,1028.4,,
2022-11-14,9.9,3.5,17.6,0.0,,,4.6,,1024.3,,
2022-11-15,10.0,3.1,17.8,0.0,,,3.7,,1019.3,,
2022-11-16,11.8,4.0,18.3,0.0,,,5.7,,1012.6,,
2022-11-17,17.2,8.7,24.1,0.0,,,13.8,,1007.7,,
2022-11-18,21.0,17.1,25.3,1.0,,,19.3,,1007.7,,
2022-11-19,22.9,20.2,26.8,0.3,,,18.7,,1012.6,,
2022-11-20,24.1,19.8,25.6,0.0,,,17.2,,1015.6,,
2022-11-21,22.6,17.6,26.1,0.5,,,25.9,,1009.4,,
2022-11-22,15.1,10.5,19.1,2.0,,,14.3,,1011.6,,
2022-11-23,15.4,9.2,22.4,0.0,,,9.2,,1009.0,,
2022-11-24,12.3,10.2,14.9,4.1,,,3.3,,1007.3,,
2022-11-25,9.9,9.2,11.0,9.4,1.0,,2.7,,1013.3,,
2022-11-26,8.6,7.0,12.0,1.5,,,4.4,,1022.9,,
2022-11-27,9.4,6.1,12.7,1.0,,,8.5,,1023.3,,
2022-11-28,9.5,5.7,13.1,0.0,,,5.8,,1017.6,,
2022-11-29,9.7,7.5,11.4,0.0,,,2.0,,1014.8,,
2022-11-30,10.3,6.3,14.1,5.3,,,2.8,,1015.9,,
2022-12-01,12.2,9.6,17.5,10.3,,,5.1,,1016.4,,
2022-12-02,11.2,8.8,13.3,7.0,,,3.7,,1019.7,,
2022-12-03,11.9,10.7,13.9,1.9,,,5.4,,1024.4,,
2022-12-04,11.4,9.6,13.2,0.0,,,6.6,,1025.2,,
2022-12-05,11.8,9.7,14.2,0.0,,,4.9,,1023.8,,
2022-12-06,9.5,6.0,14.5,0.0,,,2.0,,1021.0,,
2022-12-07,8.2,5.0,13.6,0.0,,,1.7,,1018.2,,
2022-12-08,9.3,3.7,15.9,0.0,,,4.3,,1018.8,,
2022-12-09,12.7,8.6,18.0,0.2,,,3.5,,1018.7,,
2022-12-10,15.7,9.4,20.8,1.9,,,10.6,,1013.8,,
2022-12-11,20.4,15.3,22.6,1.9,,,19.2,,1004.2,,
2022-12-12,16.5,11.8,19.2,0.0,,,11.8,,1006.0,,
2022-12-13,11.3,6.7,18.2,21.4,,,9.6,,1009.6,,
2022-12-14,8.4,6.4,12.6,19.1,,,4.5,,1014.5,,
2022-12-15,13.5,4.1,20.8,0.3,,,8.5,,1013.6,,
2022-12-16,15.3,11.9,21.2,0.8,,,3.6,,1019.1,,
2022-12-17,13.7,8.9,20.9,0.0,,,3.4,,1020.3,,
2022-12-18,13.0,9.1,19.1,0.0,,,4.2,,1024.7,,
2022-12-19,8.9,6.9,11.8,2.0,,,19.6,,1031.7,,
2022-12-20,6.5,4.5,9.9,0.3,,,16.2,,1030.2,,
2022-12-21,4.6,0.7,10.2,0.0,,,5.3,,1024.0,,
2022-12-22,7.7,2.6,12.6,0.0,,,11.8,,1019.2,,
2022-12-23,8.1,5.7,11.3,0.0,,,12.1,,1016.6,,
2022-12-24,9.0,4.4,14.2,0.0,,,5.9,,1016.4,,
2022-12-25,7.3,3.6,10.6,1.0,,,2.0,,1021.2,,
2022-12-26,5.2,1.9,11.4,0.0,,,3.0,,1028.2,,
2022-12-27,6.1,-0.3,14.9,0.0,,,2.0,,1026.3,,
2022-12-28,9.8,4.0,15.2,0.3,,,3.6,,1027.0,,
2022-12-29,7.4,4.1,12.9,0.0,,,3.3,,1027.0,,
2022-12-30,6.4,1.2,14.9,0.0,,,1.8,,1028.0,,
2022-12-31,8.1,2.9,15.5,0.0,,,2.1,,1030.0,,
2023-01-01,6.1,0.5,15.4,0.0,,,2.8,,1031.8,,
2023-01-02,5.7,0.6,15.5,0.0,,,3.0,,1031.1,,
2023-01-03,4.9,-2.1,17.2,0.0,,,1.2,,1027.8,,
2023-01-04,5.3,-1.8,12.5,0.0,,,2.8,,1026.5,,
2023-01-05,5.9,0.9,13.7,0.0,,,2.0,,1022.2,,
2023-01-06,5.8,0.4,13.8,0.0,,,2.3,,1021.4,,
2023-01-07,5.4,0.0,12.6,0.0,,,3.9,,1024.6,,
2023-01-08,4.8,0.5,10.9,0.0,,,6.8,,1023.0,,
2023-01-09,5.9,2.7,10.9,0.0,,,15.8,,1021.4,,
2023-01-10,9.2,4.3,13.9,0.5,,,13.4,,1015.5,,
2023-01-11,9.8,8.5,11.1,11.0,,,4.4,,1013.9,,
2023-01-12,9.7,6.7,13.0,6.0,,,3.4,,1016.0,,
2023-01-13,10.2,9.2,12.0,6.4,,,3.1,,1017.3,,
2023-01-14,8.7,5.4,12.7,0.4,,,2.5,,1018.4,,
2023-01-15,8.8,5.5,13.2,0.0,,,6.3,,1019.2,,
2023-01-16,6.5,2.1,13.0,0.0,,,1.9,,1016.2,,
2023-01-17,14.2,4.3,18.9,0.0,,,16.4,,1012.1,,
2023-01-18,18.7,17.2,22.0,0.0,,,25.7,,1012.5,,
2023-01-19,17.4,10.1,22.7,0.0,,,9.2,,1016.4,,
2023-01-20,11.5,5.1,22.1,4.7,,,8.1,,1012.8,,
2023-01-21,11.3,4.6,17.8,0.0,,,5.3,,1016.8,,
2023-01-22,10.1,4.9,18.6,0.0,,,2.9,,1021.1,,
2023-01-23,8.1,2.2,14.8,0.0,,,2.6,,1025.0,,
2023-01-24,8.7,6.2,10.4,0.0,,,9.7,,1027.4,,
2023-01-25,6.6,4.3,9.7,0.0,,,13.7,,1026.2,,
2023-01-26,7.3,1.4,13.9,0.0,,,10.4,,1018.2,,
2023-01-27,10.6,6.4,14.9,8.0,,,10.0,,1007.4,,
2023-01-28,7.9,5.6,11.7,12.3,,,4.3,,1010.6,,
2023-01-29,4.5,3.9,5.6,0.9,,,3.0,,1018.8,,
2023-01-30,4.1,2.7,6.6,5.1,,,6.2,,1016.9,,
2023-01-31,3.1,1.1,5.4,3.3,,,6.0,,1012.7,,
2023-02-01,2.9,0.3,6.3,4.4,,,4.9,,1017.3,,
2023-02-02,4.1,-1.3,10.4,3.4,,,5.9,,1019.2,,
2023-02-03,3.2,0.2,6.3,4.0,,,5.4,,1021.0,,
2023-02-04,0.8,-1.8,3.7,4.2,,,3.6,,1015.9,,
2023-02-05,2.3,0.9,4.6,17.6,,,4.9,,1012.9,,
2023-02-06,1.6,0.3,3.3,25.1,,,7.6,,1016.7,,
2023-02-07,0.8,-0.2,2.8,12.8,,,6.2,,1026.5,,
2023-02-08,0.1,-1.4,1.7,3.4,,,1.2,,1032.9,,
2023-02-09,1.6,0.0,3.7,4.9,,,5.0,,1034.7,,
2023-02-10,2.9,0.5,6.1,0.5,,,10.6,,1034.2,,
2023-02-11,3.8,-1.8,7.7,0.0,,,6.8,,1032.0,,
2023-02-12,1.3,-4.4,7.9,0.0,,,4.5,,1029.0,,
2023-02-13,4.0,-0.4,9.1,0.0,,,7.8,,1034.0,,
2023-02-14,1.8,-4.1,8.8,0.0,,,3.2,,1029.6,,
2023-02-15,3.5,0.6,6.4,4.7,,,3.8,,1029.3,,
2023-02-16,3.6,-1.5,9.0,0.0,,,4.5,,1031.8,,
2023-02-17,5.1,-2.6,14.3,0.0,,,5.3,,1028.9,,
2023-02-18,9.6,-0.2,17.6,0.0,,,12.6,,1025.0,,
2023-02-19,16.2,12.7,20.5,0.0,,,17.4,,1019.8,,
2023-02-20,10.1,4.8,14.3,5.5,,,7.2,,1020.0,,
2023-02-21,10.4,1.0,19.8,2.3,,,7.9,,1019.4,,
2023-02-22,10.9,2.8,19.5,0.0,,,4.2,,1016.1,,
2023-02-23,9.6,2.6,18.6,0.0,,,3.5,,1016.8,,
2023-02-24,8.3,2.4,16.0,0.0,,,3.5,,1016.8,,
2023-02-25,13.1,4.6,20.3,0.0,,,14.9,,1013.1,,
2023-02-26,16.9,11.7,21.9,0.0,,,9.5,,1013.3,,
2023-02-27,17.2,13.7,24.1,1.8,,,5.1,,1017.6,,
2023-02-28,13.7,10.8,18.6,0.8,,,4.6,,1022.6,,
2023-03-01,10.8,8.7,14.1,1.2,,,9.5,,1019.5,,
2023-03-02,9.1,7.9,10.7,0.0,,,5.4,,1018.8,,
2023-03-03,9.8,6.8,11.7,0.0,,,4.2,,1016.6,,
2023-03-04,9.4,5.7,12.2,1.5,,,3.0,,1017.3,,
2023-03-05,9.8,8.3,12.2,23.2,,,5.5,,1010.7,,
2023-03-06,10.1,6.8,14.5,15.2,,,4.4,,1012.7,,
2023-03-07,11.5,6.2,16.4,0.7,,,6.2,,1013.2,,
2023-03-08,14.3,10.5,19.0,1.3,,,10.5,,1012.4,,
2023-03-09,15.0,9.7,19.6,0.0,,,14.0,,1011.8,,
2023-03-10,16.9,12.1,20.6,0.0,,,14.5,,1010.4,,
2023-03-11,16.6,12.2,20.6,3.3,,,22.6,,1002.0,,
2023-03-12,10.5,7.6,16.1,10.3,,,9.6,,1007.5,,
2023-03-13,8.1,7.2,10.5,4.6,,,17.5,,1017.0,,
2023-03-14,8.0,4.4,11.6,0.0,,,8.8,,1015.7,,
2023-03-15,10.6,1.3,19.2,0.0,,,3.9,,1007.2,,
2023-03-16,11.8,9.8,15.7,0.5,,,3.3,,1006.8,,
2023-03-17,8.7,7.0,10.2,15.7,,,11.5,,1014.9,,
2023-03-18,7.7,6.2,9.7,9.9,,,7.7,,1018.3,,
2023-03-19,8.7,7.5,9.8,0.3,,,6.0,,1018.9,,
2023-03-20,9.8,4.5,15.8,1.5,,,3.7,,1019.6,,
2023-03-21,10.8,4.0,19.7,0.0,,,3.4,,1014.5,,
2023-03-22,10.3,7.7,12.9,4.4,,,5.6,,1012.4,,
2023-03-23,10.2,9.1,12.6,0.0,,,4.7,,1016.1,,
2023-03-24,10.7,5.6,16.7,0.0,,,5.1,,1016.9,,
2023-03-25,11.9,4.0,20.7,0.0,,,2.9,,1012.2,,
2023-03-26,11.4,5.6,19.0,3.0,,,3.8,,1010.0,,
2023-03-27,17.4,5.8,25.6,0.0,,,10.5,,1006.1,,
2023-03-28,10.8,6.2,20.5,17.6,,,12.0,,1005.6,,
2023-03-29,4.7,1.0,8.9,25.4,1.0,,8.7,,1019.3,,
2023-03-30,4.9,-1.5,10.4,6.4,,,7.5,,1024.2,,
2023-03-31,8.6,-1.7,16.5,0.0,,,4.8,,1018.0,,
2023-04-01,16.6,5.3,25.3,0.0,,,9.6,,1008.9,,
2023-04-02,16.3,12.3,19.1,12.8,,,13.7,,1008.6,,
2023-04-03,16.2,12.1,22.7,2.9,,,6.1,,1008.8,,
2023-04-04,13.4,10.6,17.0,7.2,,,6.1,,1003.6,,
2023-04-05,10.3,8.4,11.6,19.1,,,7.4,,1010.0,,
2023-04-06,10.7,7.9,15.0,11.0,,,5.8,,1011.8,,
2023-04-07,9.6,8.5,12.5,2.5,,,2.9,,1014.7,,
2023-04-08,10.4,3.3,17.5,0.0,,,5.3,,1018.8,,
2023-04-09,11.6,6.8,16.3,3.0,,,4.9,,1017.5,,
2023-04-10,10.0,9.2,11.1,7.4,,,4.3,,1011.7,,
2023-04-11,9.7,8.7,11.1,5.6,,,6.8,,1008.0,,
2023-04-12,9.7,8.7,12.2,16.7,,,11.8,,1005.8,,
2023-04-13,13.1,7.8,20.0,0.1,,,5.6,,1011.0,,
2023-04-14,16.8,8.1,26.1,0.0,,,7.4,,1011.9,,
2023-04-15,16.7,11.3,22.7,0.0,,,2.7,,1012.8,,
2023-04-16,16.2,9.4,25.1,3.1,,,3.1,,1012.0,,
2023-04-17,16.8,11.7,23.0,9.9,,,5.1,,1010.0,,
2023-04-18,13.9,10.2,19.5,8.1,,,5.5,,1010.8,,
2023-04-19,13.8,10.2,19.4,7.9,,,5.9,,1010.5,,
2023-04-20,13.8,11.5,19.4,3.3,,,5.5,,1011.5,,
2023-04-21,14.1,7.4,20.5,0.0,,,6.6,,1011.7,,
2023-04-22,15.7,9.2,21.2,1.2,,,6.5,,1013.1,,
2023-04-23,13.7,9.8,19.0,0.0,,,7.7,,1014.5,,
2023-04-24,13.7,7.3,20.9,0.0,,,4.0,,1015.0,,
2023-04-25,15.3,6.6,23.3,4.1,,,3.6,,1009.9,,
2023-04-26,13.7,10.4,20.2,10.9,,,4.0,,1007.1,,
2023-04-27,10.6,8.6,13.0,35.6,1.0,,5.6,,1010.2,,
2023-04-28,10.6,5.7,14.6,0.5,,,9.6,,1017.8,,
2023-04-29,10.6,7.8,14.5,0.2,,,6.1,,1016.4,,
2023-04-30,12.2,3.0,19.9,0.0,,,4.7,,1014.9,,
2023-05-01,15.2,5.2,22.8,0.1,,,6.9,,1017.5,,
2023-05-02,17.3,9.3,23.7,0.0,,,9.4,,1020.0,,
2023-05-03,17.1,10.1,23.9,1.5,,,7.4,,1019.3,,
2023-05-04,17.2,14.4,24.0,24.3,,,5.8,,1018.2,,
2023-05-05,14.0,12.2,16.8,5.8,,,7.6,,1014.8,,
2023-05-06,14.3,11.2,18.6,6.0,,,10.2,,1012.1,,
2023-05-07,14.7,10.1,19.7,3.4,,,6.0,,1016.1,,
2023-05-08,15.1,9.7,20.5,0.0,,,5.2,,1017.7,,
2023-05-09,14.8,11.0,18.3,0.1,,,11.9,,1017.6,,
2023-05-10,13.1,11.2,15.0,2.1,,,10.8,,1017.6,,
2023-05-11,14.0,11.5,16.5,0.0,,,12.5,,1017.1,,
2023-05-12,12.9,12.0,14.0,12.5,,,8.3,,1017.3,,
2023-05-13,13.7,11.4,17.8,0.0,,,4.2,,1021.6,,
2023-05-14,14.5,6.3,22.3,0.0,,,4.2,,1022.1,,
2023-05-15,20.5,12.3,28.6,0.0,,,4.8,,1015.9,,
2023-05-16,23.0,14.5,33.4,5.8,,,7.6,,1010.3,,
2023-05-17,19.3,17.0,24.1,21.9,,,8.3,,1009.1,,
2023-05-18,15.6,14.0,18.0,22.7,,,7.0,,1009.7,,
2023-05-19,14.4,13.3,16.0,3.6,,,5.9,,1013.7,,
2023-05-20,16.2,12.0,20.2,4.7,,,5.3,,1013.6,,
2023-05-21,17.2,13.2,22.1,2.7,,,5.3,,1009.7,,
2023-05-22,17.7,14.5,21.5,3.5,,,10.3,,1008.8,,
2023-05-23,16.4,14.1,19.5,0.4,,,4.3,,1010.5,,
2023-05-24,17.3,13.6,22.2,2.9,,,5.0,,1013.0,,
2023-05-25,18.6,14.8,23.2,5.2,,,4.8,,1013.8,,
2023-05-26,19.4,14.0,25.0,1.8,,,6.7,,1012.6,,
2023-05-27,19.6,14.8,24.2,5.6,,,6.2,,1010.8,,
2023-05-28,19.7,16.4,23.5,7.5,,,8.6,,1007.9,,
2023-05-29,19.6,16.8,23.1,11.6,,,7.2,,1008.6,,
2023-05-30,20.3,16.7,24.9,3.3,,,6.3,,1012.2,,
2023-05-31,20.4,16.5,25.7,8.3,,,5.0,,1015.0,,
2023-06-01,20.7,13.5,26.9,0.8,,,8.0,,1013.5,,
2023-06-02,21.6,13.7,28.7,1.7,,,6.3,,1010.6,,
2023-06-03,20.3,16.5,24.3,16.8,,,5.0,,1010.6,,
2023-06-04,18.2,17.1,20.5,0.5,,,5.2,,1016.5,,
2023-06-05,19.4,13.7,25.1,3.6,,,10.8,,1017.9,,
2023-06-06,21.1,13.0,27.1,0.0,,,8.9,,1016.4,,
2023-06-07,21.8,15.0,27.9,1.5,,,5.7,,1014.6,,
2023-06-08,20.6,16.8,26.9,0.2,,,6.2,,1012.3,,
2023-06-09,20.3,17.7,24.4,0.8,,,6.1,,1010.8,,
2023-06-10,20.9,15.4,26.5,0.0,,,4.8,,1008.6,,
2023-06-11,21.5,13.9,27.8,0.0,,,6.0,,1007.2,,
2023-06-12,21.0,14.5,26.2,5.0,,,11.8,,1008.1,,
2023-06-13,20.3,16.9,24.2,2.2,,,9.1,,1008.8,,
2023-06-14,20.4,14.4,25.7,0.6,,,8.2,,1011.4,,
2023-06-15,22.7,14.7,29.3,0.7,,,6.2,,1011.8,,
2023-06-16,24.4,17.2,31.1,5.7,,,4.5,,1006.5,,
2023-06-17,21.2,16.5,26.8,13.8,,,6.4,,1004.0,,
2023-06-18,19.1,16.0,22.4,13.8,,,2.6,,1009.1,,
2023-06-19,22.0,18.5,26.4,14.2,,,5.0,,1012.2,,
2023-06-20,22.7,17.6,28.6,0.0,,,5.7,,1015.2,,
2023-06-21,22.7,17.4,28.6,0.9,,,5.5,,1015.7,,
2023-06-22,24.0,16.0,29.7,0.0,,,6.0,,1016.6,,
2023-06-23,25.6,17.8,31.9,0.0,,,5.8,,1015.6,,
2023-06-24,25.7,16.8,32.9,0.0,,,6.8,,1013.2,,
2023-06-25,25.0,18.2,31.1,0.0,,,5.7,,1010.2,,
2023-06-26,24.6,20.3,29.6,0.4,,,6.7,,1008.7,,
2023-06-27,24.4,18.2,28.9,1.7,,,8.4,,1010.4,,
2023-06-28,25.0,17.2,30.7,0.0,,,4.7,,1010.1,,
2023-06-29,22.3,17.0,26.4,1.3,,,6.3,,1012.7,,
2023-06-30,22.6,14.7,28.5,0.0,,,7.1,,1013.4,,
2023-07-01,23.8,14.3,31.1,0.0,,,5.5,,1010.1,,
2023-07-02,25.5,15.6,33.6,0.0,,,4.5,,1008.1,,
2023-07-03,26.8,19.7,32.7,0.6,,,5.7,,1008.7,,
2023-07-04,27.0,19.7,33.8,0.0,,,7.2,,1011.2,,
2023-07-05,26.7,20.6,32.7,2.3,,,6.9,,1009.3,,
2023-07-06,27.1,22.3,32.4,0.7,,,7.9,,1008.1,,
2023-07-07,27.1,20.7,33.6,0.9,,,7.9,,1010.5,,
2023-07-08,23.3,21.1,27.8,0.3,,,6.6,,1013.1,,
2023-07-09,20.6,18.9,23.9,7.9,,,7.6,,1016.2,,
2023-07-10,23.1,13.9,29.7,0.5,,,6.1,,1017.2,,
2023-07-11,25.7,17.6,32.5,0.0,,,4.0,,1016.4,,
2023-07-12,27.0,19.0,33.5,0.0,,,5.2,,1016.4,,
2023-07-13,28.6,20.1,36.4,0.0,,,5.5,,1015.4,,
2023-07-14,30.0,20.7,38.0,0.0,,,5.5,,1012.8,,
2023-07-15,29.3,22.6,36.0,0.0,,,11.1,,1013.9,,
2023-07-16,26.8,19.5,32.2,0.0,,,13.4,,1014.5,,
2023-07-17,25.8,17.8,32.9,0.0,,,12.3,,1014.6,,
2023-07-18,25.4,18.3,32.0,0.0,,,10.3,,1012.6,,
2023-07-19,26.2,16.6,34.0,0.0,,,7.6,,1010.8,,
2023-07-20,28.6,19.5,35.3,0.0,,,5.4,,1007.9,,
2023-07-21,28.7,21.5,34.8,0.0,,,6.2,,1010.7,,
2023-07-22,29.5,21.3,37.5,0.0,,,4.4,,1013.4,,
2023-07-23,29.7,22.0,37.3,0.0,,,7.6,,1012.7,,
2023-07-24,27.3,22.7,32.4,0.0,,,10.4,,1013.4,,
2023-07-25,27.4,18.2,36.0,0.0,,,6.3,,1010.7,,
2023-07-26,31.8,19.1,43.5,0.0,,,5.1,,1004.7,,
2023-07-27,26.7,21.8,33.5,0.0,,,9.5,,1004.4,,
2023-07-28,23.7,15.9,29.9,0.0,,,8.6,,1013.9,,
2023-07-29,24.2,16.4,30.8,0.0,,,9.2,,1011.1,,
2023-07-30,24.4,16.9,31.1,0.0,,,8.6,,1009.9,,
2023-07-31,24.4,16.6,30.7,0.0,,,8.7,,1007.6,,
2023-08-01,25.4,17.9,31.2,0.1,,,8.0,,1008.0,,
2023-08-02,26.7,19.1,34.0,0.0,,,4.5,,1008.4,,
2023-08-03,29.2,19.2,37.5,0.0,,,6.5,,1009.4,,
2023-08-04,30.7,21.4,39.6,0.0,,,7.0,,1008.4,,
2023-08-05,29.3,21.6,36.0,0.0,,,5.1,,1005.6,,
2023-08-06,29.6,22.3,38.3,0.0,,,8.8,,1002.5,,
2023-08-07,27.7,20.8,33.7,0.0,,,6.5,,1007.5,,
2023-08-08,25.7,21.6,30.9,0.9,,,11.4,,1009.3,,
2023-08-09,23.4,22.5,25.1,0.0,,,13.8,,1012.6,,
2023-08-10,24.2,22.6,26.7,0.0,,,6.0,,1012.3,,
2023-08-11,23.5,22.1,25.2,11.8,,,7.4,,1015.5,,
2023-08-12,24.3,18.3,28.9,0.0,,,14.4,,1014.6,,
2023-08-13,26.6,21.7,32.5,0.0,,,16.2,,1012.3,,
2023-08-14,26.8,22.1,31.9,0.0,,,7.0,,1012.4,,
2023-08-15,26.4,23.7,30.1,0.0,,,5.9,,1011.7,,
2023-08-16,27.3,25.1,30.9,0.0,,,6.4,,1010.3,,
2023-08-17,28.4,24.5,34.7,0.0,,,5.8,,1008.7,,
2023-08-18,29.3,22.5,37.2,0.0,,,6.1,,1008.5,,
2023-08-19,29.1,22.3,36.9,0.0,,,11.8,,1008.4,,
2023-08-20,28.5,22.1,33.8,0.0,,,12.7,,1010.3,,
2023-08-21,28.6,20.7,34.8,0.0,,,11.1,,1011.0,,
2023-08-22,29.3,21.0,37.2,0.0,,,11.4,,1011.5,,
2023-08-23,29.4,21.7,36.2,0.0,,,10.1,,1011.4,,
2023-08-24,28.0,21.1,34.2,0.0,,,8.1,,1011.2,,
2023-08-25,27.4,20.1,34.9,0.0,,,8.4,,1011.2,,
2023-08-26,28.4,20.5,36.7,0.0,,,11.0,,1009.5,,
2023-08-27,26.3,20.6,31.8,0.0,,,5.2,,1008.1,,
2023-08-28,25.9,20.8,31.1,0.0,,,9.4,,1007.8,,
2023-08-29,26.2,18.2,33.5,0.0,,,4.7,,1005.2,,
2023-08-30,28.1,20.2,35.8,0.0,,,4.3,,1004.7,,
2023-08-31,28.1,20.8,35.0,0.0,,,6.0,,1009.9,,
2023-09-01,26.3,20.0,30.7,0.2,,,7.1,,1014.0,,
2023-09-02,25.6,22.8,29.3,6.5,,,9.4,,1014.4,,
2023-09-03,24.2,22.0,27.9,2.3,,,8.4,,1014.4,,
2023-09-04,24.0,18.3,29.2,1.9,,,9.4,,1009.5,,
2023-09-05,25.6,21.2,31.0,2.0,,,10.2,,1009.1,,
2023-09-06,25.8,21.9,31.6,0.0,,,13.6,,1013.5,,
2023-09-07,25.5,21.6,29.7,0.1,,,12.6,,1014.4,,
2023-09-08,24.4,21.9,27.8,3.1,,,13.6,,1014.1,,
2023-09-09,23.2,18.3,29.0,0.0,,,14.4,,1013.5,,
2023-09-10,22.6,16.7,28.6,0.0,,,13.6,,1013.6,,
2023-09-11,21.6,16.7,27.1,0.0,,,14.0,,1013.6,,
2023-09-12,21.6,14.4,28.7,0.0,,,9.7,,1015.1,,
2023-09-13,21.1,12.5,28.5,0.0,,,5.5,,1016.7,,
2023-09-14,21.3,12.8,29.6,0.0,,,4.8,,1015.9,,
2023-09-15,21.5,13.1,29.7,0.0,,,4.2,,1016.0,,
2023-09-16,21.6,14.2,28.2,0.0,,,7.1,,1016.9,,
2023-09-17,23.0,17.6,29.7,0.0,,,12.0,,1016.5,,
2023-09-18,21.3,16.9,27.2,0.0,,,13.0,,1015.5,,
2023-09-19,20.8,13.4,27.5,0.0,,,6.7,,1014.7,,
2023-09-20,20.4,12.2,28.4,0.0,,,4.8,,1015.8,,
2023-09-21,20.6,13.6,27.6,0.0,,,4.2,,1016.1,,
2023-09-22,22.2,13.5,31.6,0.0,,,2.3,,1016.7,,
2023-09-23,24.7,15.8,33.9,0.0,,,3.2,,1015.7,,
2023-09-24,25.0,17.2,33.0,0.0,,,5.4,,1013.0,,
2023-09-25,23.3,16.1,30.8,0.0,,,7.7,,1012.3,,
2023-09-26,23.3,17.6,30.2,0.0,,,10.4,,1012.4,,
2023-09-27,22.1,17.0,27.5,2.1,,,6.9,,1013.1,,
2023-09-28,21.8,18.6,27.0,11.0,,,7.0,,1014.3,,
2023-09-29,21.2,16.9,26.2,2.9,,,4.9,,1016.4,,
2023-09-30,20.8,18.4,24.3,5.7,,,5.2,,1014.7,,
2023-10-01,18.7,17.7,19.9,14.4,,,6.7,,1013.7,,
2023-10-02,18.5,16.8,22.0,6.8,,,5.4,,1018.5,,
2023-10-03,18.9,15.3,24.0,0.2,,,9.2,,1022.4,,
2023-10-04,17.8,11.7,24.0,0.0,,,3.7,,1022.0,,
2023-10-05,17.6,11.4,24.6,0.0,,,3.4,,1021.8,,
2023-10-06,18.1,12.3,24.0,0.0,,,4.3,,1020.2,,
2023-10-07,19.9,15.4,25.8,0.0,,,6.5,,1020.4,,
2023-10-08,18.4,12.4,26.3,0.0,,,3.0,,1016.9,,
2023-10-09,16.4,12.1,18.7,1.4,,,7.2,,1020.0,,
2023-10-10,14.9,8.9,23.0,0.0,,,3.6,,1019.7,,
2023-10-11,16.6,12.0,21.4,0.0,,,12.1,,1022.6,,
2023-10-12,16.9,11.3,24.0,0.0,,,6.2,,1021.5,,
2023-10-13,16.3,10.7,24.0,0.0,,,2.1,,1020.4,,
2023-10-14,15.4,11.3,21.3,0.0,,,1.5,,1016.9,,
2023-10-15,17.7,12.9,25.5,0.0,,,2.3,,1011.8,,
2023-10-16,15.3,10.5,22.7,2.3,,,7.9,,1014.5,,
2023-10-17,16.1,13.5,20.6,0.2,,,8.8,,1018.3,,
2023-10-18,14.6,12.8,16.7,5.3,,,3.8,,1016.2,,
2023-10-19,14.7,9.8,21.0,0.0,,,3.0,,1017.1,,
2023-10-20,16.2,9.0,25.9,0.0,,,2.8,,1014.8,,
2023-10-21,18.6,10.6,29.5,0.0,,,1.6,,1016.9,,
2023-10-22,19.2,11.6,30.2,0.0,,,1.3,,1017.7,,
2023-10-23,19.7,13.4,29.7,0.0,,,1.6,,1016.9,,
2023-10-24,18.0,11.0,27.1,0.0,,,1.7,,1015.9,,
2023-10-25,17.0,11.5,25.9,0.0,,,1.6,,1012.3,,
2023-10-26,20.9,15.5,27.1,3.0,,,8.8,,1009.9,,
2023-10-27,23.0,13.9,30.2,0.6,,,9.6,,1008.2,,
2023-10-28,25.2,23.0,28.7,0.0,,,13.8,,1009.7,,
2023-10-29,20.6,15.4,26.5,0.0,,,3.4,,1015.4,,
2023-10-30,19.6,14.6,26.3,0.3,,,4.1,,1017.7,,
2023-10-31,20.2,16.4,25.9,0.1,,,2.9,,1016.4,,
2023-11-01,17.7,14.0,25.0,0.0,,,2.2,,1014.4,,
2023-11-02,15.4,12.5,20.3,8.5,,,3.8,,1011.4,,
2023-11-03,19.2,12.9,25.8,0.0,,,6.5,,1009.2,,
2023-11-04,25.5,17.4,31.8,0.0,,,16.3,,1005.4,,
2023-11-05,19.4,13.2,26.0,4.8,,,11.1,,1009.4,,
2023-11-06,22.7,16.6,27.0,0.0,,,11.2,,1013.4,,
2023-11-07,18.2,13.2,24.7,0.0,,,2.0,,1020.2,,
2023-11-08,17.2,12.2,24.6,0.0,,,1.8,,1018.0,,
2023-11-09,14.2,12.7,16.5,5.4,,,5.1,,1019.4,,
2023-11-10,13.1,8.8,18.5,0.0,,,4.2,,1019.0,,
2023-11-11,20.6,11.7,25.2,0.5,,,18.3,,1009.9,,
2023-11-12,16.0,13.2,20.8,13.7,,,4.9,,1013.4,,
2023-11-13,14.7,13.6,16.7,29.5,,,3.8,,1014.0,,
2023-11-14,12.6,8.6,18.0,0.6,,,2.7,,1018.7,,
2023-11-15,12.6,6.7,21.1,0.0,,,2.9,,1013.2,,
2023-11-16,12.3,7.6,15.2,12.8,,,4.1,,1017.4,,
2023-11-17,9.6,5.0,14.8,0.0,,,4.0,,1017.2,,
2023-11-18,11.8,6.4,19.8,45.1,,,12.1,,1004.0,,
2023-11-19,4.6,3.0,5.6,45.6,,,12.6,,1012.8,,
2023-11-20,5.4,0.0,11.8,0.8,,,2.0,,1016.8,,
2023-11-21,9.0,2.9,15.3,0.0,,,3.9,,1016.9,,
2023-11-22,14.8,11.2,18.8,0.0,,,5.2,,1014.5,,
2023-11-23,14.8,13.8,16.2,1.8,,,2.6,,1019.2,,
2023-11-24,14.5,11.1,19.3,0.2,,,4.5,,1009.9,,
2023-11-25,17.9,14.4,19.3,0.5,,,20.9,,995.1,,
2023-11-26,9.9,4.2,19.0,13.4,,,15.9,,995.2,,
2023-11-27,3.2,0.5,6.3,7.9,,,12.3,,1017.8,,
2023-11-28,6.9,0.2,16.6,2.6,,,15.0,,1013.8,,
2023-11-29,17.0,15.1,19.4,0.8,,,29.1,,1005.7,,
2023-11-30,12.4,10.6,16.9,31.5,,,2.9,,1016.6,,
2023-12-01,17.8,9.0,22.1,0.0,,,12.3,,1016.9,,
2023-12-02,21.7,13.5,24.2,0.0,,,20.0,,1013.9,,
2023-12-03,21.0,13.5,24.0,0.0,,,13.9,,1013.8,,
2023-12-04,11.7,9.6,13.7,4.2,,,4.3,,1019.7,,
2023-12-05,11.3,9.6,13.8,0.0,,,6.6,,1019.2,,
2023-12-06,11.8,10.7,14.2,2.9,,,3.5,,1012.1,,
2023-12-07,11.6,10.7,13.7,5.5,,,3.4,,1012.6,,
2023-12-08,10.0,8.6,11.3,21.2,,,8.9,,1012.5,,
2023-12-09,7.7,6.6,8.7,20.8,,,8.8,,1014.6,,
2023-12-10,7.8,4.8,12.2,0.0,,,4.3,,1018.7,,
2023-12-11,9.1,4.7,14.3,0.0,,,3.8,,1016.8,,
2023-12-12,8.6,5.7,11.1,0.0,,,2.4,,1016.6,,
2023-12-13,7.4,2.2,13.1,0.0,,,4.6,,1016.7,,
2023-12-14,11.8,7.2,16.2,0.0,,,5.0,,1012.5,,
2023-12-15,15.6,9.6,21.2,0.0,,,6.7,,1016.1,,
2023-12-16,10.1,7.3,12.3,0.3,,,10.2,,1022.3,,
2023-12-17,6.4,2.3,10.6,10.4,,,15.1,,1034.5,,
2023-12-18,4.3,0.0,11.0,0.0,,,2.7,,1033.1,,
2023-12-19,5.0,-0.2,14.1,0.0,,,1.4,,1027.5,,
2023-12-20,7.4,-0.5,15.8,0.0,,,4.2,,1018.2,,
2023-12-21,9.7,6.3,13.3,12.3,,,4.2,,1008.6,,
2023-12-22,10.7,8.2,15.7,13.3,,,8.4,,1001.3,,
2023-12-23,12.1,6.0,16.5,3.8,,,15.4,,1005.2,,
2023-12-24,13.9,10.0,17.6,4.2,,,13.7,,1012.3,,
2023-12-25,12.3,4.1,21.1,0.0,,,7.8,,1017.5,,
2023-12-26,10.5,4.4,18.9,0.0,,,1.4,,1021.5,,
2023-12-27,11.1,6.1,17.2,0.0,,,1.8,,1023.0,,
2023-12-28,9.6,4.7,16.9,0.0,,,1.2,,1027.7,,
2023-12-29,7.9,1.4,16.5,0.0,,,2.0,,1023.8,,
2023-12-30,9.9,2.1,18.5,0.0,,,3.5,,1022.0,,
2023-12-31,11.2,8.0,17.2,0.0,,,4.0,,1021.2,,
2024-01-01,10.8,5.4,15.4,0.0,,,3.9,,1018.7,,
2024-01-02,10.0,5.2,14.0,7.1,,,4.6,,1016.2,,
2024-01-03,12.8,8.6,17.9,0.1,,,7.0,,1014.3,,
2024-01-04,15.4,11.0,18.5,0.0,,,12.9,,1010.9,,
2024-01-05,12.2,6.0,18.0,11.5,,,5.7,,1016.9,,
2024-01-06,9.6,4.8,16.3,0.0,,,6.5,,1017.9,,
2024-01-07,13.5,6.6,18.9,7.6,,,10.8,,1007.3,,
2024-01-08,14.1,11.1,16.3,0.8,,,15.3,,1008.3,,
2024-01-09,6.6,4.6,11.0,12.1,,,12.3,,1015.5,,
2024-01-10,4.4,3.5,5.0,24.7,,,14.4,,1022.9,,
2024-01-11,5.0,4.2,6.2,0.0,,,6.6,,1022.4,,
2024-01-12,4.3,3.3,5.2,0.4,,,5.5,,1017.1,,
2024-01-13,2.3,-1.4,5.2,0.0,,,11.2,,1020.0,,
2024-01-14,0.4,-3.5,6.2,0.0,,,3.2,,1018.1,,
2024-01-15,6.0,-2.2,13.9,0.0,,,10.3,,1014.0,,
2024-01-16,12.6,9.1,15.6,29.4,,,10.7,,1009.0,,
2024-01-17,9.3,4.5,14.5,0.0,,,3.9,,1018.4,,
2024-01-18,13.0,5.0,18.3,1.2,,,14.2,,1014.0,,
2024-01-19,18.1,16.5,19.1,3.2,,,20.5,,1010.1,,
2024-01-20,11.3,4.3,17.4,15.1,,,8.7,,1015.6,,
2024-01-21,5.1,3.4,7.1,15.2,,,16.3,,1025.7,,
2024-01-22,5.3,3.7,8.2,0.0,,,17.5,,1030.3,,
2024-01-23,3.7,0.1,9.0,0.0,,,7.4,,1025.5,,
2024-01-24,2.8,-2.9,9.7,0.0,,,4.9,,1025.5,,
2024-01-25,3.0,-1.0,6.5,0.3,,,2.7,,1020.6,,
2024-01-26,6.1,3.5,10.0,6.6,,,4.4,,1019.9,,
2024-01-27,5.9,3.0,8.6,5.8,,,7.2,,1022.5,,
2024-01-28,4.6,3.2,6.6,8.3,,,5.0,,1027.8,,
2024-01-29,3.4,1.5,6.1,4.6,,,6.0,,1031.0,,
2024-01-30,4.4,1.5,7.4,0.0,,,15.2,,1030.3,,
2024-01-31,6.2,3.5,9.7,0.0,,,15.2,,1029.5,,
2024-02-01,4.5,-1.5,10.6,0.0,,,4.9,,1026.4,,
2024-02-02,3.4,-1.5,10.1,0.0,,,2.9,,1023.2,,
2024-02-03,5.9,1.1,9.7,0.0,,,5.2,,1024.2,,
2024-02-04,4.7,-1.3,12.2,1.8,,,3.0,,1022.2,,
2024-02-05,10.2,3.5,18.2,0.5,,,8.0,,1019.0,,
2024-02-06,13.3,8.4,20.7,0.0,,,10.5,,1020.0,,
2024-02-07,12.1,3.2,20.5,0.0,,,7.8,,1016.0,,
2024-02-08,17.3,12.7,20.5,0.0,,,16.0,,1013.2,,
2024-02-09,13.7,5.6,20.3,0.0,,,5.5,,1013.2,,
2024-02-10,13.8,5.9,21.0,0.0,,,10.2,,1014.2,,
2024-02-11,16.4,11.6,20.1,0.0,,,7.8,,1014.6,,
2024-02-12,16.6,9.9,20.7,3.9,,,10.5,,1010.5,,
2024-02-13,10.7,7.7,15.2,12.6,,,3.2,,1008.6,,
2024-02-14,8.5,5.2,11.7,0.3,,,5.2,,1012.2,,
2024-02-15,7.4,6.7,8.0,21.1,,,3.7,,1016.8,,
2024-02-16,7.6,6.9,8.2,0.5,,,2.9,,1020.7,,
2024-02-17,7.9,7.3,8.5,1.7,,,6.6,,1024.8,,
2024-02-18,7.5,5.7,10.2,0.0,,,5.4,,1028.1,,
2024-02-19,7.1,5.4,8.6,0.0,,,6.4,,1026.2,,
2024-02-20,6.5,0.8,12.7,0.0,,,4.8,,1023.6,,
2024-02-21,6.7,2.9,12.6,0.0,,,3.0,,1024.5,,
2024-02-22,6.2,-0.3,14.2,0.0,,,2.1,,1023.3,,
2024-02-23,9.4,1.4,17.5,0.0,,,3.6,,1020.2,,
2024-02-24,13.0,7.1,21.2,0.0,,,3.2,,1020.9,,
2024-02-25,12.0,4.6,20.2,0.0,,,2.7,,1019.6,,
2024-02-26,12.0,6.2,19.0,0.7,,,2.8,,1012.4,,
2024-02-27,10.6,7.7,15.6,0.8,,,5.1,,1018.1,,
2024-02-28,10.7,4.1,18.5,0.0,,,1.8,,1022.5,,
2024-02-29,11.7,5.4,21.5,0.1,,,3.6,,1022.0,,
2024-03-01,11.0,8.2,16.5,0.0,,,3.2,,1016.0,,
2024-03-02,11.8,8.4,17.2,3.2,,,4.6,,1012.1,,
2024-03-03,10.1,6.3,15.0,5.3,,,2.7,,1014.4,,
2024-03-04,11.9,7.6,16.8,0.0,,,2.8,,1015.3,,
2024-03-05,10.3,6.7,14.5,7.4,,,6.3,,1009.4,,
2024-03-06,9.5,6.5,11.4,0.4,,,5.6,,1015.0,,
2024-03-07,8.0,1.7,13.5,0.0,,,3.5,,1018.4,,
2024-03-08,7.6,6.3,9.4,0.5,,,6.8,,1016.6,,
2024-03-09,7.7,4.3,10.5,0.9,,,4.2,,1020.9,,
2024-03-10,7.0,0.8,14.6,0.0,,,3.5,,1021.6,,
2024-03-11,11.2,2.8,23.0,0.0,,,2.9,,1020.6,,
2024-03-12,12.6,8.2,18.1,2.3,,,4.7,,1014.8,,
2024-03-13,11.9,7.2,16.2,7.1,,,10.5,,1012.2,,
2024-03-14,10.6,6.9,15.3,5.9,,,4.9,,1014.4,,
2024-03-15,9.2,5.6,11.0,4.9,,,4.9,,1017.5,,
2024-03-16,8.5,2.9,14.3,0.6,,,2.9,,1020.6,,
2024-03-17,8.7,2.7,15.5,0.0,,,3.7,,1019.6,,
2024-03-18,9.1,4.5,15.5,0.0,,,3.2,,1015.9,,
2024-03-19,10.3,2.4,17.2,0.0,,,4.9,,1012.2,,
2024-03-20,8.0,5.5,11.9,12.5,,,15.1,,1017.1,,
2024-03-21,7.0,0.2,12.5,2.0,,,5.5,,1020.6,,
2024-03-22,6.7,3.8,9.1,8.4,,,6.9,,1018.3,,
2024-03-23,6.7,1.0,14.1,0.0,,,2.8,,1018.4,,
2024-03-24,9.7,0.1,18.9,0.0,,,5.2,,1011.6,,
2024-03-25,12.5,6.4,18.6,17.0,,,14.5,,1005.6,,
2024-03-26,9.0,1.8,15.2,1.3,,,2.6,,1016.0,,
2024-03-27,16.3,11.3,24.6,0.1,,,7.5,,1012.8,,
2024-03-28,18.5,12.5,24.9,0.2,,,6.8,,1012.1,,
2024-03-29,16.7,8.8,24.1,0.0,,,4.9,,1017.1,,
2024-03-30,17.8,7.9,27.5,0.0,,,2.0,,1018.8,,
2024-03-31,19.5,9.9,27.7,0.0,,,5.2,,1019.4,,
2024-04-01,19.3,10.2,28.4,0.0,,,3.0,,1018.5,,
2024-04-02,21.3,11.5,30.8,0.0,,,5.0,,1012.4,,
2024-04-03,18.0,13.0,22.3,0.0,,,8.0,,1014.5,,
2024-04-04,15.2,9.3,22.1,0.0,,,4.5,,1014.8,,
2024-04-05,14.6,7.1,21.0,0.0,,,4.9,,1019.8,,
2024-04-06,15.0,7.7,21.7,0.0,,,4.8,,1019.8,,
2024-04-07,14.0,10.3,18.8,0.6,,,8.4,,1017.1,,
2024-04-08,14.1,7.0,19.7,0.0,,,11.9,,1018.7,,
2024-04-09,14.5,6.5,20.9,0.0,,,7.0,,1016.7,,
2024-04-10,14.0,7.7,20.6,0.0,,,5.8,,1016.5,,
2024-04-11,16.2,8.3,22.5,0.0,,,9.1,,1020.4,,
2024-04-12,17.5,10.5,24.2,0.0,,,10.0,,1021.9,,
2024-04-13,16.4,10.2,23.1,0.0,,,6.2,,1022.1,,
2024-04-14,16.6,7.7,23.7,0.0,,,7.9,,1021.9,,
2024-04-15,18.8,9.0,28.1,0.0,,,3.7,,1018.7,,
2024-04-16,21.7,10.0,30.7,0.0,,,7.0,,1010.7,,
2024-04-17,21.3,16.0,28.7,1.0,,,5.1,,1004.0,,
2024-04-18,19.7,16.4,25.6,7.3,,,9.9,,1002.6,,
2024-04-19,16.5,14.1,19.4,10.6,,,7.2,,1009.9,,
2024-04-20,13.5,10.3,19.7,26.8,,,13.4,,1003.6,,
2024-04-21,14.5,7.7,23.0,0.0,,,5.8,,1012.5,,
2024-04-22,17.9,10.9,21.5,0.0,,,9.7,,1016.6,,
2024-04-23,19.6,13.6,26.3,0.2,,,5.2,,1014.3,,
2024-04-24,24.7,18.4,31.1,0.0,,,7.4,,1004.4,,
2024-04-25,20.4,14.4,25.7,5.0,,,4.0,,1004.5,,
2024-04-26,18.4,14.4,21.4,0.2,,,8.2,,1011.7,,
2024-04-27,16.7,10.2,22.6,0.0,,,11.0,,1014.9,,
2024-04-28,16.1,13.8,19.2,4.7,,,10.4,,1017.9,,
2024-04-29,15.9,14.8,17.4,0.9,,,10.2,,1020.3,,
2024-04-30,16.6,14.0,20.9,0.0,,,6.6,,1018.0,,
2024-05-01,16.1,14.5,18.0,5.4,,,6.7,,1015.6,,
2024-05-02,15.0,11.7,18.6,0.6,,,7.2,,1012.5,,
2024-05-03,14.7,8.9,23.4,26.4,,,6.2,,1008.4,,
2024-05-04,12.6,10.4,15.5,18.3,,,4.0,,1006.4,,
2024-05-05,14.5,10.8,19.4,1.0,,,8.9,,1013.4,,
2024-05-06,12.8,4.9,19.5,0.0,,,4.2,,1016.6,,
2024-05-07,15.9,5.7,25.2,0.0,,,3.7,,1015.2,,
2024-05-08,19.1,10.0,26.7,0.2,,,5.4,,1014.9,,
2024-05-09,16.6,14.8,19.8,4.6,,,6.8,,1014.6,,
2024-05-10,16.8,14.2,21.4,6.9,,,12.0,,1011.4,,
2024-05-11,14.0,11.3,15.2,17.2,,,8.8,,1011.8,,
2024-05-12,14.6,7.7,21.6,0.0,,,7.0,,1015.2,,
2024-05-13,13.0,9.3,15.0,5.3,,,6.9,,1016.8,,
2024-05-14,12.3,3.8,18.9,0.0,,,7.1,,1017.4,,
2024-05-15,14.9,6.2,21.6,0.0,,,8.3,,1017.5,,
2024-05-16,16.1,10.3,21.5,0.0,,,3.7,,1020.6,,
2024-05-17,18.9,13.6,26.1,2.3,,,6.9,,1017.8,,
2024-05-18,19.4,12.0,26.0,0.0,,,5.3,,1016.7,,
2024-05-19,19.7,14.2,26.0,0.0,,,4.8,,1013.9,,
2024-05-20,18.7,13.0,24.5,0.0,,,7.2,,1013.7,,
2024-05-21,19.1,14.0,25.5,0.0,,,6.2,,1015.5,,
2024-05-22,21.5,14.1,29.6,2.4,,,4.8,,1011.1,,
2024-05-23,18.7,15.7,23.1,10.7,,,6.6,,1010.5,,
2024-05-24,17.1,13.1,22.0,9.0,,,4.4,,1014.7,,
2024-05-25,18.9,13.9,24.3,2.1,,,8.8,,1014.7,,
2024-05-26,19.2,12.8,25.1,0.7,,,13.4,,1013.6,,
2024-05-27,17.7,12.3,22.4,0.0,,,10.5,,1015.5,,
2024-05-28,17.2,11.3,22.7,0.0,,,5.3,,1014.5,,
2024-05-29,19.8,10.8,27.5,0.0,,,4.0,,1012.2,,
2024-05-30,21.9,14.2,29.7,2.7,,,5.6,,1010.7,,
2024-05-31,22.7,14.4,30.3,0.3,,,4.3,,1013.5,,
2024-06-01,24.8,16.0,32.0,0.0,,,4.7,,1017.0,,
2024-06-02,25.6,17.4,33.7,0.0,,,4.2,,1016.6,,
2024-06-03,26.8,17.7,35.4,0.0,,,4.7,,1014.1,,
2024-06-04,29.1,20.3,38.2,0.7,,,5.1,,1010.3,,
2024-06-05,28.5,19.8,34.8,0.0,,,5.4,,1011.9,,
2024-06-06,27.0,21.3,33.3,0.7,,,5.7,,1013.6,,
2024-06-07,25.4,20.7,29.2,1.0,,,6.4,,1014.3,,
2024-06-08,25.1,19.3,30.7,0.0,,,10.2,,1011.1,,
2024-06-09,25.3,17.6,31.3,0.0,,,6.5,,1010.3,,
2024-06-10,26.4,18.1,34.3,0.0,,,4.0,,1010.5,,
2024-06-11,29.2,18.7,39.7,0.0,,,4.4,,1009.2,,
2024-06-12,30.6,21.7,38.0,0.0,,,4.8,,1010.7,,
2024-06-13,30.6,21.6,39.6,0.1,,,5.9,,1011.7,,
2024-06-14,28.2,23.1,39.3,1.9,,,8.3,,1008.4,,
2024-06-15,23.4,17.5,28.4,0.0,,,9.6,,1011.4,,
2024-06-16,24.7,17.8,31.3,0.0,,,9.6,,1010.6,,
2024-06-17,25.6,17.0,32.9,0.0,,,8.0,,1012.8,,
2024-06-18,26.2,15.7,34.4,0.0,,,10.4,,1014.4,,
2024-06-19,26.7,18.4,33.7,0.0,,,11.0,,1014.3,,
2024-06-20,26.8,17.8,34.6,0.0,,,9.8,,1013.3,,
2024-06-21,28.3,22.3,33.7,0.0,,,17.6,,1013.0,,
2024-06-22,26.0,20.4,31.7,0.0,,,12.3,,1009.4,,
2024-06-23,25.4,17.4,31.5,0.0,,,7.2,,1006.9,,
2024-06-24,25.3,18.6,32.4,0.0,,,6.4,,1008.2,,
2024-06-25,26.4,19.5,32.6,0.0,,,13.9,,1011.1,,
2024-06-26,26.3,22.0,30.6,0.0,,,15.4,,1012.9,,
2024-06-27,25.5,19.0,31.7,0.0,,,8.4,,1010.4,,
2024-06-28,24.8,19.4,29.0,0.0,,,9.5,,1008.1,,
2024-06-29,25.7,21.8,30.0,0.0,,,18.4,,1010.5,,
2024-06-30,26.0,20.0,31.1,0.0,,,13.9,,1012.1,,
2024-07-01,25.5,17.1,31.7,0.0,,,9.2,,1010.4,,
2024-07-02,26.6,19.4,34.0,0.0,,,4.6,,1005.7,,
2024-07-03,27.5,20.6,35.4,0.0,,,8.4,,999.5,,
2024-07-04,24.1,20.8,28.6,7.1,,,6.4,,1004.4,,
2024-07-05,24.2,20.2,28.5,5.8,,,7.9,,1011.0,,
2024-07-06,24.6,19.0,29.7,0.1,,,10.7,,1013.9,,
2024-07-07,27.3,22.5,32.3,0.0,,,10.4,,1011.9,,
2024-07-08,28.2,21.2,34.0,0.0,,,11.2,,1010.4,,
2024-07-09,29.4,23.3,34.7,1.5,,,9.5,,1010.0,,
2024-07-10,29.5,23.7,34.9,0.4,,,8.3,,1009.9,,
2024-07-11,26.4,24.7,28.4,8.9,,,5.9,,1010.8,,
2024-07-12,26.8,22.4,32.5,3.1,,,6.9,,1009.6,,
2024-07-13,28.4,21.0,33.6,1.0,,,9.4,,1008.0,,
2024-07-14,28.1,23.8,32.8,0.0,,,10.2,,1008.4,,
2024-07-15,27.6,21.3,33.3,0.0,,,10.8,,1008.6,,
2024-07-16,28.3,21.2,34.6,0.0,,,10.4,,1008.0,,
2024-07-17,29.4,22.6,34.3,2.0,,,8.8,,1009.4,,
2024-07-18,30.0,22.6,36.6,0.0,,,9.7,,1010.4,,
2024-07-19,30.2,22.9,35.6,0.0,,,11.0,,1009.8,,
2024-07-20,29.8,24.2,35.4,0.4,,,10.1,,1007.5,,
2024-07-21,30.1,24.0,36.8,0.0,,,9.0,,1006.2,,
2024-07-22,30.3,21.9,37.6,0.0,,,8.1,,1007.0,,
2024-07-23,29.5,24.6,35.7,0.8,,,9.5,,1008.0,,
2024-07-24,28.3,23.3,33.9,0.5,,,10.0,,1006.3,,
2024-07-25,27.6,22.4,31.7,7.3,,,12.6,,1003.3,,
2024-07-26,25.5,23.3,28.3,2.6,,,10.0,,1007.3,,
2024-07-27,24.2,19.0,29.0,1.0,,,8.0,,1014.6,,
2024-07-28,26.9,20.9,33.7,0.0,,,11.9,,1015.8,,
2024-07-29,28.0,21.4,34.3,0.0,,,10.5,,1010.5,,
2024-07-30,26.8,20.8,31.5,2.0,,,12.0,,1009.1,,
2024-07-31,25.8,21.5,30.5,0.0,,,15.3,,1012.2,,
2024-08-01,25.6,19.1,32.4,0.0,,,9.5,,1010.9,,
2024-08-02,25.5,18.0,32.7,0.0,,,5.3,,1008.0,,
2024-08-03,26.9,14.2,34.0,0.0,,,4.6,,1006.8,,
2024-08-04,27.5,19.5,34.5,0.0,,,4.9,,1006.6,,
2024-08-05,27.3,22.7,33.9,1.2,,,8.0,,1007.8,,
2024-08-06,26.7,19.3,32.9,0.0,,,5.1,,1008.2,,
2024-08-07,26.0,20.6,31.0,0.0,,,7.8,,1010.3,,
2024-08-08,26.8,17.4,32.1,0.0,,,8.8,,1010.9,,
2024-08-09,28.1,19.4,32.8,0.0,,,7.8,,1010.5,,
2024-08-10,28.3,21.9,32.1,1.6,,,9.8,,1013.0,,
2024-08-11,29.5,22.3,33.4,0.0,,,12.7,,1014.2,,
2024-08-12,27.8,21.3,34.3,0.0,,,11.0,,1012.0,,
2024-08-13,28.7,21.2,35.8,0.0,,,9.2,,1009.9,,
2024-08-14,29.8,21.0,38.0,0.0,,,11.3,,1009.5,,
2024-08-15,29.9,24.7,34.9,0.0,,,13.6,,1012.0,,
2024-08-16,25.9,17.4,33.1,0.0,,,11.0,,1013.2,,
2024-08-17,25.3,19.9,31.1,0.0,,,11.4,,1011.0,,
2024-08-18,24.9,17.1,31.5,0.0,,,5.7,,1008.6,,
2024-08-19,26.0,19.5,32.2,0.0,,,5.2,,1009.1,,
2024-08-20,26.9,18.5,35.1,0.0,,,4.3,,1009.6,,
2024-08-21,27.3,21.3,33.0,0.4,,,6.3,,1005.7,,
2024-08-22,27.5,22.1,33.6,0.0,,,7.7,,1006.8,,
2024-08-23,27.7,20.3,34.1,0.0,,,10.5,,1011.3,,
2024-08-24,26.9,21.1,33.1,0.3,,,10.2,,1013.5,,
2024-08-25,26.7,19.3,34.0,0.0,,,9.6,,1009.8,,
2024-08-26,27.8,21.9,34.6,0.0,,,10.4,,1008.5,,
2024-08-27,26.6,19.7,32.1,,,,5.8,,1010.5,,
2024-08-28,25.5,18.7,32.1,,,,4.9,,1013.1,,
2024-08-29,25.8,20.6,30.9,,,,5.4,,1012.0,,
2024-08-30,25.4,22.0,29.6,,,,8.6,,1011.0,,
2024-08-31,24.3,19.3,29.0,0.0,,,5.2,,1010.7,,
2024-09-01,24.9,20.8,30.0,,,,4.8,,1009.0,,
2024-09-02,24.7,20.3,29.6,,,,3.7,,1011.4,,
2024-09-03,25.5,19.9,31.4,,,,3.7,,1014.2,,
2024-09-04,25.9,19.6,31.6,,,,5.9,,1012.9,,
2024-09-05,26.1,19.1,32.2,0.0,,,5.5,,1012.2,,
2024-09-06,25.6,17.5,32.3,0.0,,,5.3,,1013.1,,
2024-09-07,23.9,18.4,28.7,0.1,,,3.7,,1014.6,,
2024-09-08,22.7,20.1,26.0,3.5,,,3.4,,1014.0,,
2024-09-09,23.2,16.6,30.0,0.0,,,3.6,,1011.3,,
2024-09-10,24.4,17.9,30.8,0.2,,,1.9,,1005.8,,
2024-09-11,25.3,19.4,31.2,20.4,,,3.5,,1006.0,,
2024-09-12,25.3,19.1,31.4,0.0,,,2.7,,1010.8,,
2024-09-13,26.0,18.6,32.8,0.0,,,2.7,,1008.9,,
2024-09-14,27.4,20.6,33.7,0.0,,,5.4,,1006.9,,
2024-09-15,24.0,20.9,28.0,4.7,,,4.7,,1006.3,,
2024-09-16,21.5,16.1,27.1,0.0,,,3.7,,1008.7,,
2024-09-17,21.6,14.5,28.5,2.0,,,5.0,,1013.8,,
2024-09-18,21.9,15.8,27.2,0.0,,,6.1,,1015.5,,
2024-09-19,22.0,18.5,26.5,0.3,,,8.0,,1014.6,,
2024-09-20,21.2,15.5,26.9,1.1,,,6.4,,1014.6,,
2024-09-21,20.2,16.5,24.6,15.7,,,6.9,,1015.5,,
2024-09-22,19.9,15.9,24.6,0.5,,,3.9,,1015.8,,
2024-09-23,19.2,14.8,24.5,0.1,,,2.7,,1015.8,,
2024-09-24,19.6,12.7,26.9,0.0,,,1.6,,1016.3,,
2024-09-25,20.4,13.2,28.2,0.0,,,1.7,,1017.4,,
2024-09-26,20.9,13.3,28.5,0.0,,,2.5,,1016.3,,
2024-09-27,21.3,14.3,29.8,0.0,,,2.3,,1014.5,,
2024-09-28,22.2,15.5,30.4,0.0,,,1.5,,1011.5,,
2024-09-29,22.4,15.4,31.2,0.0,,,2.0,,1008.3,,
2024-09-30,17.1,15.1,22.4,32.0,,,5.3,,1011.0,,
2024-10-01,15.3,12.5,17.7,0.7,,,4.7,,1012.8,,
2024-10-02,17.4,12.9,22.5,0.0,,,2.4,,1014.6,,
2024-10-03,18.7,12.0,26.6,0.0,,,1.6,,1015.0,,
2024-10-04,20.8,12.7,30.2,0.0,,,1.2,,1015.1,,
2024-10-05,23.3,14.9,33.4,0.0,,,1.9,,1012.3,,
2024-10-06,22.0,16.5,29.1,2.4,,,1.3,,1010.2,,
2024-10-07,20.4,17.8,25.5,2.8,,,2.1,,1013.9,,
2024-10-08,19.8,13.6,26.6,0.0,,,2.5,,1018.5,,
2024-10-09,20.3,13.2,29.5,0.0,,,2.2,,1014.0,,
2024-10-10,21.0,14.9,27.6,0.0,,,0.8,,1010.8,,
2024-10-11,22.2,14.6,31.9,0.0,,,1.4,,1010.2,,
2024-10-12,20.7,16.7,27.4,39.2,,,2.9,,1011.5,,
2024-10-13,18.4,17.1,21.2,0.5,,,2.9,,1016.9,,
2024-10-14,17.6,14.4,22.0,0.0,,,2.2,,1017.3,,
2024-10-15,16.7,10.7,23.9,0.0,,,2.0,,1018.2,,
2024-10-16,16.0,9.6,22.7,0.3,,,5.3,,1021.3,,
2024-10-17,14.3,10.8,17.1,1.0,,,7.9,,1025.5,,
2024-10-18,11.6,6.5,17.5,0.0,,,4.2,,1025.6,,
2024-10-19,11.6,6.4,17.5,0.0,,,6.0,,1025.4,,
2024-10-20,12.9,6.6,19.4,0.0,,,9.1,,1028.1,,
2024-10-21,12.7,6.4,18.3,0.0,,,6.6,,1031.4,,
2024-10-22,13.3,6.4,19.7,0.0,,,6.2,,1030.6,,
2024-10-23,13.4,6.6,21.7,0.0,,,3.1,,1028.8,,
2024-10-24,13.1,5.7,20.2,0.0,,,4.9,,1028.9,,
2024-10-25,14.0,8.4,20.7,0.0,,,7.2,,1026.5,,
2024-10-26,13.3,5.9,21.4,0.0,,,3.5,,1025.9,,
2024-10-27,12.8,5.8,21.7,0.0,,,2.0,,1025.3,,
2024-10-28,12.2,6.8,19.5,0.0,,,1.2,,1024.0,,
2024-10-29,13.2,5.5,22.4,0.0,,,3.4,,1022.8,,
2024-10-30,14.8,11.4,18.5,1.9,,,4.4,,1021.8,,
2024-10-31,15.0,11.6,19.6,0.0,,,8.2,,1021.9,,
2024-11-01,13.5,7.2,20.2,0.0,,,2.6,,1022.4,,
2024-11-02,12.6,5.8,21.9,0.0,,,0.7,,1019.5,,
2024-11-03,11.2,6.3,17.6,0.8,,,7.0,,1024.6,,
2024-11-04,9.5,3.1,15.6,0.0,,,2.8,,1024.6,,
2024-11-05,10.6,4.4,16.5,0.0,,,9.6,,1027.9,,
2024-11-06,10.3,5.3,16.5,0.0,,,9.7,,1029.5,,
2024-11-07,11.2,5.8,19.4,0.0,,,6.6,,1031.1,,
2024-11-08,11.6,2.8,20.5,0.0,,,5.0,,1028.2,,
2024-11-09,10.7,3.1,17.7,0.0,,,5.6,,1024.8,,
2024-11-10,10.3,4.2,15.3,0.0,,,5.2,,1021.8,,
2024-11-11,11.5,5.6,17.7,0.0,,,0.8,,1022.2,,
2024-11-12,11.3,5.4,18.2,0.0,,,1.7,,1023.2,,
2024-11-13,11.3,5.9,16.0,3.1,,,0.3,,1024.0,,
2024-11-14,13.9,11.7,17.2,3.1,,,1.3,,1020.9,,
2024-11-15,13.3,12.2,14.5,8.5,,,1.6,,1016.5,,
2024-11-16,11.4,10.3,13.6,4.8,,,11.7,,1019.2,,
2024-11-17,12.5,9.5,15.6,12.1,,,7.8,,1013.8,,
2024-11-18,12.3,11.2,13.7,1.3,,,3.0,,1013.3,,
2024-11-19,11.9,7.8,16.1,0.0,,,1.6,,1017.4,,
2024-11-20,11.8,4.5,19.0,0.0,,,6.6,,1012.7,,
2024-11-21,16.7,8.1,21.5,16.5,,,21.2,,1005.5,,
2024-11-22,14.3,8.1,21.9,0.0,,,9.2,,1012.7,,
2024-11-23,12.1,1.2,22.2,23.9,,,13.3,,1014.9,,
2024-11-24,4.8,1.9,8.8,13.8,,,5.7,,1032.5,,
2024-11-25,4.1,-0.3,8.8,0.0,,,3.1,,1029.7,,
2024-11-26,6.6,2.2,11.5,0.0,,,1.8,,1024.8,,
2024-11-27,5.5,1.8,7.2,0.0,,,2.8,,1025.1,,
2024-11-28,8.6,6.1,12.8,0.0,,,3.1,,1027.5,,
2024-11-29,9.0,3.7,14.2,0.0,,,7.8,,1024.0,,
2024-11-30,10.9,8.2,14.5,0.0,,,12.8,,1023.6,,
2024-12-01,11.3,9.1,14.1,0.0,,,14.4,,1021.4,,
2024-12-02,8.8,7.6,10.0,5.7,,,8.3,,1020.0,,
2024-12-03,8.2,6.6,10.1,3.2,,,6.3,,1017.2,,
2024-12-04,8.6,7.6,10.1,0.2,,,0.3,,1019.6,,
2024-12-05,9.0,5.2,14.0,0.0,,,3.7,,1023.7,,
2024-12-06,9.3,3.0,15.5,0.0,,,7.0,,1022.3,,
2024-12-07,12.7,11.1,15.4,0.0,,,8.8,,1016.5,,
2024-12-08,13.2,10.5,17.2,11.9,,,3.6,,1012.0,,
2024-12-09,17.9,13.2,22.7,1.0,,,10.9,,1015.1,,
2024-12-10,16.9,13.3,21.5,,,,7.1,,1018.4,,
2024-12-11,11.9,10.0,14.2,,,,5.4,,1020.9,,
2024-12-12,8.7,6.5,10.6,,,,4.0,,1024.5,,
2024-12-13,7.2,4.5,9.0,,,,4.9,,1030.4,,
2024-12-14,5.5,1.5,9.7,0.0,,,3.0,,1031.5,,
2024-12-15,4.9,0.6,8.5,20.7,,,3.9,,1021.5,,
2024-12-16,7.0,3.1,10.0,7.6,,,1.6,,1028.3,,
2024-12-17,4.5,0.0,10.9,0.0,,,0.5,,1029.9,,
2024-12-18,6.2,0.3,16.5,0.0,,,0.9,,1027.0,,
2024-12-19,6.7,1.0,13.2,0.0,,,3.4,,1020.3,,
2024-12-20,9.4,4.5,14.3,0.0,,,7.6,,1013.1,,
2024-12-21,11.1,9.1,14.1,7.5,,,8.0,,1009.9,,
2024-12-22,7.4,5.3,9.2,10.1,,,3.6,,1015.3,,
2024-12-23,7.7,3.2,13.0,0.0,,,3.8,,1009.6,,
2024-12-24,11.1,6.8,14.7,25.6,,,3.2,,1004.7,,
2024-12-25,11.8,8.8,15.6,4.1,,,3.3,,1009.2,,
2024-12-26,12.5,11.3,14.0,0.4,,,11.4,,1015.8,,
2024-12-27,7.8,5.0,11.2,17.5,,,11.2,,1021.3,,
2024-12-28,6.8,5.1,8.2,3.6,,,12.3,,1020.6,,
2024-12-29,7.6,6.7,8.7,16.3,,,10.5,,1022.7,,
2024-12-30,7.6,4.9,9.0,1.2,,,8.1,,1026.5,,
2024-12-31,4.9,-0.3,11.1,0.0,,,1.6,,1031.3,,
2025-01-01,4.7,-1.0,13.4,0.0,,,2.3,,1032.4,,
2025-01-02,4.9,-1.3,14.2,0.0,,,2.0,,1028.7,,
2025-01-03,10.3,2.6,17.0,0.0,,,10.5,,1021.5,,
2025-01-04,11.8,6.7,15.0,3.0,,,7.2,,1018.8,,
2025-01-05,7.6,5.6,9.6,0.0,,,1.0,,1022.4,,
2025-01-06,6.5,1.8,12.8,0.0,,,0.7,,1022.8,,
2025-01-07,8.2,0.7,15.4,0.0,,,3.1,,1023.2,,
2025-01-08,11.9,8.2,18.1,0.0,,,1.7,,1022.4,,
2025-01-09,10.8,6.7,15.7,0.0,,,2.1,,1021.7,,
2025-01-10,10.0,4.0,17.3,0.0,,,2.8,,1016.6,,
2025-01-11,10.7,9.3,12.3,1.7,,,2.9,,1015.4,,
2025-01-12,9.3,7.1,11.5,6.4,,,3.1,,1017.5,,
2025-01-13,6.8,6.1,7.9,14.9,,,5.6,,1024.0,,
2025-01-14,7.0,5.2,9.0,2.5,,,11.6,,1027.0,,
2025-01-15,7.2,6.4,8.3,8.2,,,6.8,,1021.1,,
2025-01-16,7.4,5.6,9.0,0.0,,,7.2,,1030.6,,
2025-01-17,5.5,0.9,11.4,0.0,,,2.3,,1036.3,,
2025-01-18,3.3,-1.5,9.7,0.0,,,1.4,,1031.8,,
2025-01-19,4.0,-0.7,12.0,0.0,,,1.5,,1027.6,,
2025-01-20,4.9,1.0,11.0,0.0,,,0.9,,1026.4,,
2025-01-21,7.0,0.5,13.6,0.2,,,4.5,,1022.0,,
2025-01-22,9.5,7.0,13.5,2.5,,,2.0,,1019.4,,
2025-01-23,8.2,4.3,12.8,0.7,,,0.9,,1020.7,,
2025-01-24,9.4,3.6,17.1,0.0,,,1.3,,1020.4,,
2025-01-25,7.4,5.5,9.5,25.1,,,2.4,,1021.0,,
2025-01-26,7.2,2.5,12.6,0.0,,,2.7,,1025.1,,
2025-01-27,7.7,0.9,15.9,0.0,,,1.4,,1023.6,,
2025-01-28,9.4,4.0,16.4,0.0,,,4.9,,1021.1,,
2025-01-29,9.7,3.0,17.9,0.0,,,2.9,,1022.7,,
2025-01-30,10.6,5.7,14.8,0.0,,,3.8,,1024.2,,
2025-01-31,9.6,4.5,17.3,0.0,,,1.5,,1024.5,,
2025-02-01,9.0,3.9,16.6,0.0,,,1.1,,1026.9,,
2025-02-02,8.0,4.5,13.3,0.0,,,1.5,,1025.8,,
2025-02-03,7.9,3.8,13.8,0.3,,,2.7,,1021.3,,
2025-02-04,7.2,5.6,9.2,0.5,,,14.0,,1024.3,,
2025-02-05,3.8,0.7,5.7,10.9,,,10.6,,1026.2,,
2025-02-06,1.7,0.1,4.9,11.2,,,3.8,,1029.8,,
2025-02-07,2.4,-0.4,5.5,2.1,,,4.9,,1033.7,,
2025-02-08,4.7,3.2,6.5,0.1,,,9.0,,1031.9,,
2025-02-09,4.4,3.4,6.1,0.2,,,8.7,,1028.9,,
2025-02-10,4.3,2.6,7.3,0.4,,,9.6,,1027.7,,
2025-02-11,3.1,0.0,5.9,0.8,,,4.9,,1028.8,,
2025-02-12,2.8,-0.7,5.7,0.9,,,2.2,,1029.0,,
2025-02-13,4.0,1.3,8.7,0.0,,,1.0,,1027.8,,
2025-02-14,4.8,-1.7,12.0,0.0,,,2.2,,1022.2,,
2025-02-15,9.3,4.6,16.2,2.5,,,2.7,,1017.7,,
2025-02-16,9.8,7.7,13.9,1.0,,,1.9,,1016.5,,
2025-02-17,7.8,5.8,9.3,16.2,,,2.9,,1015.8,,
2025-02-18,6.1,5.5,7.0,7.7,,,2.9,,1019.4,,
2025-02-19,4.9,2.5,7.5,7.9,,,5.8,,1023.8,,
2025-02-20,2.0,0.1,4.2,1.2,,,11.4,,1030.2,,
2025-02-21,-0.3,-3.6,2.0,4.4,,,3.5,,1032.7,,
2025-02-22,0.0,-2.8,3.6,0.2,,,5.8,,1034.2,,
2025-02-23,-0.8,-6.4,4.2,0.0,,,3.3,,1034.9,,
2025-02-24,-0.2,-6.1,6.0,0.0,,,1.9,,1033.3,,
2025-02-25,1.7,-5.2,7.7,0.0,,,1.1,,1026.8,,
2025-02-26,6.4,-0.6,14.9,0.0,,,1.9,,1024.1,,
2025-02-27,9.4,2.6,16.7,0.0,,,1.5,,1022.5,,
2025-02-28,11.2,7.9,16.3,0.2,,,2.7,,1019.8,,
2025-03-01,8.1,1.8,15.0,0.0,,,2.3,,1024.0,,
2025-03-02,8.2,1.3,17.0,0.5,,,2.5,,1023.5,,
2025-03-03,6.9,5.2,8.5,4.7,,,11.4,,1024.2,,
2025-03-04,7.0,3.7,11.6,0.0,,,14.6,,1023.9,,
2025-03-05,6.2,-1.0,15.2,0.0,,,3.2,,1026.9,,
2025-03-06,6.6,0.2,15.3,0.0,,,2.1,,1028.6,,
2025-03-07,7.4,-0.2,16.6,0.0,,,2.2,,1023.6,,
2025-03-08,7.2,0.7,14.5,0.0,,,3.4,,1016.3,,
2025-03-09,8.2,5.6,13.0,0.0,,,2.8,,1015.3,,
2025-03-10,10.5,2.0,20.8,0.0,,,1.6,,1017.4,,
2025-03-11,13.7,4.7,23.8,0.0,,,3.9,,1017.1,,
2025-03-12,16.1,8.5,25.4,0.1,,,3.6,,1014.9,,
2025-03-13,17.9,9.3,25.7,0.0,,,5.2,,1012.2,,
2025-03-14,21.9,14.0,27.9,,,,7.1,,1014.8,,
2025-03-15,19.1,9.9,30.6,,,,3.4,,1017.9,,
2025-03-16,21.0,12.4,30.1,,,,6.4,,1012.2,,
2025-03-17,17.6,11.9,23.0,,,,7.2,,1007.9,,
2025-03-18,8.3,3.2,12.2,,,,12.0,,1016.6,,
2025-03-19,4.5,3.1,7.1,,,,18.8,,1027.4,,
2025-03-20,5.0,2.8,7.9,,,,4.9,,1029.8,,
2025-03-21,7.2,4.1,10.7,,,,8.0,,1027.3,,
2025-03-22,6.6,-1.5,16.0,0.0,,,1.4,,1024.6,,
2025-03-23,11.0,0.9,21.3,1.8,,,3.1,,1024.0,,
2025-03-24,15.6,12.0,21.2,0.2,,,6.7,,1024.3,,
2025-03-25,17.3,11.0,24.2,0.0,,,2.7,,1022.2,,
2025-03-26,16.6,11.9,22.1,0.0,,,1.1,,1017.0,,
2025-03-27,17.8,11.0,25.3,0.0,,,5.1,,1010.1,,
2025-03-28,17.6,12.6,25.6,7.2,,,5.1,,1003.6,,
2025-03-29,14.2,11.1,19.5,7.4,,,2.6,,1005.4,,
2025-03-30,13.8,10.4,18.7,6.8,,,3.3,,1007.4,,
2025-03-31,14.4,10.9,19.4,12.3,,,3.4,,1008.8,,
2025-04-01,13.6,10.9,15.6,13.8,,,3.0,,1007.7,,
2025-04-02,11.5,10.1,13.2,4.5,,,2.9,,1007.8,,
2025-04-03,12.1,10.1,16.3,2.5,,,5.9,,1016.0,,
2025-04-04,12.1,6.0,17.8,0.0,,,3.9,,1015.4,,
2025-04-05,11.7,8.1,16.6,1.2,,,3.2,,1009.8,,
2025-04-06,13.0,6.7,19.9,4.4,,,6.8,,1007.1,,
2025-04-07,8.2,5.2,12.3,12.6,,,5.2,,1011.9,,
2025-04-08,7.2,5.1,10.3,0.0,,,9.1,,1020.2,,
2025-04-09,5.7,2.2,7.7,2.9,,,5.1,,1019.4,,
2025-04-10,8.6,-1.2,15.9,0.3,,,7.9,,1016.9,,
2025-04-11,5.7,2.7,9.4,8.1,,,7.0,,1015.9,,
2025-04-12,5.3,2.6,8.4,6.1,,,1.5,,1015.4,,
2025-04-13,6.7,-0.9,13.8,0.0,,,4.9,,1021.8,,
2025-04-14,9.9,1.1,17.2,0.0,,,5.9,,1023.5,,
2025-04-15,11.5,2.3,21.0,0.0,,,2.5,,1023.9,,
2025-04-16,14.2,7.2,23.1,0.0,,,3.1,,1024.3,,
2025-04-17,15.2,6.6,23.1,,,,4.2,,1022.1,,
2025-04-18,16.1,7.5,24.8,,,,2.9,,1015.4,,
2025-04-19,13.9,9.7,19.1,,,,5.8,,1011.9,,
2025-04-20,14.3,9.5,19.0,,,,4.6,,1013.8,,
2025-04-21,15.8,6.7,25.0,0.0,,,2.4,,1012.4,,
2025-04-22,16.4,10.0,23.8,0.3,,,4.1,,1012.6,,
2025-04-23,13.5,10.9,18.5,0.1,,,6.3,,1012.9,,
2025-04-24,12.3,10.9,14.0,11.6,,,3.2,,1008.6,,
2025-04-25,14.2,10.6,20.2,0.0,,,4.2,,1009.0,,
2025-04-26,16.1,8.2,22.8,1.8,,,3.4,,1010.7,,
2025-04-27,15.0,10.8,19.6,3.9,,,11.8,,1017.6,,
2025-04-28,13.1,8.9,19.0,0.0,,,17.1,,1022.4,,
2025-04-29,11.5,7.7,15.4,0.0,,,13.5,,1019.7,,
2025-04-30,11.8,6.7,17.3,0.0,,,10.3,,1016.4,,
2025-05-01,11.4,8.5,15.8,7.6,,,5.3,,1012.4,,
2025-05-02,12.0,10.5,14.0,1.8,,,4.8,,1016.4,,
2025-05-03,13.0,5.7,20.5,0.0,,,2.8,,1017.9,,
2025-05-04,15.8,5.2,25.5,0.0,,,2.1,,1013.3,,
2025-05-05,19.4,8.7,28.8,0.1,,,3.2,,1010.1,,
2025-05-06,21.9,14.6,29.9,0.0,,,5.5,,1012.1,,
2025-05-07,22.7,15.8,30.5,2.8,,,4.8,,1012.2,,
2025-05-08,21.7,13.2,29.8,1.5,,,4.2,,1010.2,,
2025-05-09,21.6,14.1,28.4,1.2,,,4.2,,1012.0,,
2025-05-10,17.1,13.7,21.2,8.6,,,5.0,,1013.6,,
2025-05-11,14.1,11.3,17.1,0.0,,,1.5,,1014.9,,
2025-05-12,16.0,9.1,23.0,0.0,,,6.6,,1010.7,,
2025-05-13,15.8,9.2,20.8,0.0,,,10.6,,1011.7,,
2025-05-14,14.0,6.6,19.8,0.0,,,6.9,,1014.9,,
2025-05-15,14.6,5.1,22.8,0.0,,,2.9,,1015.6,,
2025-05-16,18.3,12.0,26.8,2.6,,,3.4,,1009.5,,
2025-05-17,18.4,14.4,24.3,41.9,,,6.0,,1008.9,,
2025-05-18,16.3,12.0,20.5,9.1,,,5.0,,1016.9,,
2025-05-19,16.7,7.7,24.4,0.2,,,3.2,,1018.5,,
2025-05-20,17.6,8.5,24.6,0.0,,,4.0,,1017.5,,
2025-05-21,19.8,9.7,28.2,0.0,,,3.4,,1017.3,,
2025-05-22,22.7,11.8,32.6,2.8,,,2.8,,1013.3,,
2025-05-23,23.8,13.7,31.3,0.0,,,3.6,,1010.0,,
2025-05-24,24.7,14.7,32.6,0.6,,,3.0,,1010.2,,
2025-05-25,23.1,18.0,33.5,1.9,,,4.5,,1007.6,,
2025-05-26,15.9,13.0,20.6,5.6,,,3.3,,1009.7,,
2025-05-27,17.5,11.1,24.2,0.0,,,3.0,,1012.7,,
2025-05-28,19.7,13.0,25.2,0.0,,,3.9,,1011.7,,
2025-05-29,21.0,15.3,25.9,1.1,,,4.2,,1009.6,,
2025-05-30,19.8,12.5,26.2,0.6,,,7.4,,1010.8,,
2025-05-31,19.3,14.2,23.4,7.0,,,9.0,,1015.0,,
2025-06-01,19.6,14.2,24.5,0.5,,,6.4,,1016.6,,
2025-06-02,20.4,13.1,26.7,0.1,,,4.7,,1018.9,,
2025-06-03,21.6,13.0,29.4,0.0,,,3.4,,1018.8,,
2025-06-04,23.9,13.6,32.1,0.0,,,6.1,,1017.4,,
2025-06-05,25.9,15.1,34.1,0.0,,,7.2,,1015.8,,
2025-06-06,25.5,17.1,32.1,0.0,,,5.0,,1015.0,,
2025-06-07,23.1,16.2,29.3,0.0,,,5.5,,1015.5,,
2025-06-08,22.6,18.5,28.5,0.0,,,5.2,,1014.3,,
2025-06-09,22.3,14.7,29.2,0.0,,,4.5,,1013.6,,
2025-06-10,24.2,16.2,32.1,0.0,,,11.6,,1014.8,,
2025-06-11,24.7,18.0,30.8,0.4,,,6.1,,1012.0,,
2025-06-12,25.1,19.2,31.3,0.0,,,9.3,,1013.5,,
2025-06-13,24.6,18.1,30.1,0.0,,,10.4,,1014.9,,
2025-06-14,23.6,19.1,27.4,0.0,,,16.1,,1016.3,,
2025-06-15,21.3,15.5,26.7,0.0,,,8.3,,1016.5,,
2025-06-16,22.0,13.2,27.7,0.0,,,7.6,,1015.8,,
2025-06-17,24.8,15.5,31.0,0.0,,,8.0,,1015.9,,
2025-06-18,25.6,15.7,32.3,0.0,,,10.6,,1016.7,,
2025-06-19,26.3,20.1,31.8,0.0,,,5.6,,1015.6,,
2025-06-20,24.7,15.2,32.5,0.0,,,6.0,,1013.1,,
2025-06-21,24.6,21.2,29.3,0.2,,,12.5,,1014.8,,
2025-06-22,22.0,15.4,26.7,0.0,,,12.6,,1017.4,,
2025-06-23,23.9,16.5,30.5,0.0,,,7.3,,1015.7,,
2025-06-24,26.4,17.0,33.5,0.0,,,7.4,,1012.9,,
2025-06-25,26.8,16.7,35.4,0.0,,,6.1,,1012.3,,
2025-06-26,28.6,18.0,36.4,0.0,,,6.2,,1011.6,,
2025-06-27,30.3,22.7,36.8,0.0,,,10.6,,1011.6,,
2025-06-28,27.5,19.9,32.0,0.0,,,13.7,,1009.8,,
2025-06-29,24.0,20.2,26.7,0.9,,,15.6,,1012.6,,
2025-06-30,24.4,16.2,31.1,0.0,,,7.4,,1012.6,,
2025-07-01,26.2,18.6,32.6,1.0,,,8.5,,1011.0,,
2025-07-02,25.1,19.2,29.4,0.0,,,12.9,,1014.9,,
2025-07-03,24.4,17.0,29.7,0.0,,,10.1,,1016.9,,
2025-07-04,24.8,15.7,31.3,0.0,,,11.2,,1016.6,,
2025-07-05,27.0,19.0,34.2,0.0,,,9.0,,1014.4,,
2025-07-06,27.7,18.1,36.0,0.0,,,5.3,,1012.2,,
2025-07-07,27.7,19.5,34.5,0.0,,,4.2,,1008.2,,
2025-07-08,28.6,20.2,36.0,0.0,,,3.9,,1006.4,,
2025-07-09,30.1,19.2,40.5,0.0,,,3.1,,1004.1,,
2025-07-10,26.9,23.6,30.6,0.0,,,8.8,,1006.4,,
2025-07-11,26.1,20.7,30.6,0.0,,,11.6,,1008.5,,
2025-07-12,26.7,20.5,32.5,0.0,,,11.3,,1011.5,,
2025-07-13,27.5,20.5,33.5,0.0,,,11.2,,1014.2,,
2025-07-14,28.0,18.7,34.5,0.0,,,11.2,,1011.7,,
2025-07-15,28.2,20.0,35.0,0.0,,,10.9,,1006.4,,
2025-07-16,29.3,23.1,35.3,0.0,,,10.8,,1005.6,,
2025-07-17,29.0,20.9,35.7,0.0,,,4.5,,1007.1,,
2025-07-18,28.2,22.9,33.2,0.6,,,6.5,,1008.8,,
2025-07-19,27.4,21.5,33.2,0.0,,,7.4,,1009.7,,
2025-07-20,27.8,19.5,34.0,0.0,,,7.0,,1008.9,,
2025-07-21,28.8,19.5,35.3,0.0,,,6.4,,1008.8,,
2025-07-22,30.4,20.0,38.9,0.0,,,4.1,,1008.7,,
2025-07-23,31.9,21.7,41.4,0.0,,,5.7,,1006.9,,
2025-07-24,32.2,24.4,39.2,0.0,,,8.7,,1006.2,,
2025-07-25,30.6,24.7,36.2,0.0,,,9.8,,1009.2,,
2025-07-26,29.6,21.2,36.6,0.0,,,10.1,,1008.9,,
2025-07-27,29.4,22.0,36.7,0.0,,,4.4,,1003.1,,
2025-07-28,30.6,21.7,38.6,0.0,,,3.8,,1000.0,,
2025-07-29,30.5,23.7,36.0,0.0,,,6.0,,1001.6,,
2025-07-30,29.2,24.8,33.8,0.6,,,9.1,,1006.7,,
2025-07-31,28.3,25.1,32.7,0.6,,,13.7,,1007.3,,
2025-08-01,26.4,23.4,30.1,0.6,,,13.7,,1007.5,,
2025-08-02,26.9,24.5,30.8,2.2,,,11.5,,1007.2,,
2025-08-03,26.8,21.7,31.5,0.8,,,6.7,,1009.8,,
2025-08-04,27.6,21.3,34.5,0.0,,,5.5,,1011.1,,
2025-08-05,27.8,22.0,33.0,0.9,,,7.8,,1011.2,,
2025-08-06,29.3,23.6,35.8,0.0,,,6.6,,1008.6,,
2025-08-07,26.1,21.7,30.2,0.0,,,15.1,,1012.2,,
2025-08-08,28.0,24.7,31.8,2.6,,,16.7,,1014.4,,
2025-08-09,28.0,23.1,33.8,0.0,,,12.1,,1016.4,,
2025-08-10,29.1,24.0,35.4,0.0,,,14.3,,1015.3,,
2025-08-11,28.5,21.8,35.7,0.0,,,10.9,,1013.4,,
2025-08-12,28.1,21.3,34.5,0.0,,,13.9,,1014.5,,
2025-08-13,27.4,21.6,33.8,0.0,,,13.0,,1014.8,,
2025-08-14,27.6,21.7,34.8,0.0,,,10.4,,1012.3,,
2025-08-15,26.6,20.5,33.5,0.0,,,11.1,,1011.0,,
2025-08-16,26.3,21.4,32.2,0.0,,,14.3,,1009.1,,
2025-08-17,24.8,18.0,31.1,0.0,,,6.5,,1007.1,,
2025-08-18,25.6,21.5,29.8,0.0,,,5.9,,1009.5,,
2025-08-19,25.4,19.5,30.7,0.0,,,9.6,,1010.8,,
2025-08-20,24.7,19.5,29.5,2.2,,,6.1,,1010.4,,
2025-08-21,25.1,17.3,31.8,0.0,,,4.4,,1011.4,,
2025-08-22,26.9,16.3,38.3,0.0,,,2.4,,1007.9,,
2025-08-23,26.9,20.8,33.3,0.0,,,5.4,,1007.3,,
2025-08-24,25.2,20.7,29.5,0.1,,,8.8,,1011.3,,
2025-08-25,24.0,18.0,30.4,0.0,,,12.7,,1013.8,,
2025-08-26,23.4,16.6,29.9,0.0,,,10.5,,1014.2,,
2025-08-27,23.8,18.3,30.4,0.0,,,9.2,,1013.0,,
2025-08-28,24.0,16.6,30.8,0.0,,,9.0,,1013.7,,
2025-08-29,24.4,16.6,31.9,0.0,,,4.7,,1012.0,,
2025-08-30,25.7,21.7,31.3,0.0,,,4.5,,1010.8,,
2025-08-31,27.2,17.7,37.7,0.0,,,3.5,,1009.3,,
2025-09-01,26.6,20.4,31.8,0.0,,,4.2,,1010.0,,
2025-09-02,25.6,18.2,31.7,0.0,,,6.2,,1009.7,,
2025-09-03,26.0,18.1,32.6,0.0,,,8.5,,1010.1,,
2025-09-04,26.8,21.0,33.4,0.0,,,12.9,,1008.4,,
2025-09-05,26.7,21.3,32.7,0.1,,,9.0,,1009.5,,
2025-09-06,22.5,20.3,25.0,21.4,,,4.4,,1014.1,,
2025-09-07,23.2,20.0,27.8,2.4,,,5.9,,1014.5,,
2025-09-08,22.6,16.0,27.3,1.3,,,7.0,,1013.1,,
2025-09-09,22.6,15.0,29.5,0.0,,,5.0,,1013.9,,
2025-09-10,23.8,15.0,31.0,0.0,,,4.5,,1016.0,,
2025-09-11,24.9,16.9,31.7,0.0,,,4.3,,1015.3,,
2025-09-12,24.6,19.0,31.7,0.0,,,3.6,,1014.5,,
2025-09-13,24.3,18.3,29.8,0.0,,,9.5,,1017.6,,
2025-09-14,23.3,18.8,29.1,0.0,,,9.3,,1016.3,,
2025-09-15,21.2,17.4,25.0,0.0,,,4.9,,1016.3,,
2025-09-16,22.0,13.3,29.1,0.0,,,8.5,,1017.2,,
2025-09-17,22.1,13.0,30.3,0.0,,,5.5,,1013.5,,
2025-09-18,20.7,16.3,23.1,4.8,,,9.0,,1019.2,,
2025-09-19,18.6,12.1,24.6,0.0,,,8.4,,1023.8,,
2025-09-20,19.6,11.7,26.0,0.0,,,9.1,,1023.4,,
2025-09-21,21.6,14.4,28.5,0.0,,,10.8,,1019.5,,
2025-09-22,22.8,15.0,30.4,0.0,,,8.2,,1016.1,,
2025-09-23,21.2,15.0,27.9,0.0,,,2.0,,1016.0,,
2025-09-24,20.6,14.0,27.6,0.0,,,3.4,,1015.2,,
2025-09-25,20.8,14.5,27.2,0.0,,,8.2,,1015.5,,
2025-09-26,21.4,18.3,26.3,0.0,,,15.2,,1018.3,,
2025-09-27,19.4,16.7,23.6,0.0,,,13.6,,1019.0,,
2025-09-28,18.2,14.7,21.3,0.0,,,8.2,,1015.9,,
2025-09-29,16.1,15.5,16.9,14.4,,,4.0,,1014.6,,
2025-09-30,17.2,13.4,21.8,0.0,,,4.1,,1017.9,,
2025-10-01,16.9,12.0,22.2,0.0,,,7.5,,1017.9,,
2025-10-02,17.5,12.7,22.7,0.0,,,12.4,,1015.2,,
2025-10-03,19.5,14.1,25.7,0.0,,,6.5,,1010.0,,
2025-10-04,20.4,16.2,25.8,0.0,,,4.9,,1011.7,,
2025-10-05,18.8,15.2,23.0,0.0,,,5.0,,1017.3,,0.0
