time,tavg,tmin,tmax,prcp,wspd,pres,precip,yagis
2020-10-05,22.9,,,,6.4,1016.0,,0
2020-10-06,22.5,16.0,28.5,,7.6,1014.3,,0
2020-10-07,22.8,,,,7.9,1012.7,,0
2020-10-08,21.1,,,,16.9,1009.6,,0
2020-10-09,16.8,,,,6.1,1015.2,,0
2020-10-10,17.9,,,,6.3,1017.8,,0
2020-10-11,18.5,,,,6.4,1015.4,,0
2020-10-12,19.0,13.0,26.2,,6.6,1013.0,,0
2020-10-13,21.9,,,,21.9,1007.6,,0
2020-10-14,20.6,,,,12.1,1014.3,,0
2020-10-15,18.9,,,,8.7,1017.7,,0
2020-10-16,19.3,,,,7.1,1014.3,,0
2020-10-17,22.3,,,,19.6,1011.0,,0
2020-10-18,19.3,,,,9.6,1014.5,,0
2020-10-19,17.0,,,,16.6,1021.4,,0
2020-10-20,15.7,,,,12.5,1023.0,,0
2020-10-21,17.3,,,,17.3,1021.9,,0
2020-10-22,18.8,,,,10.5,1021.6,,0
2020-10-23,18.1,,,,8.3,1019.9,,0
2020-10-24,17.6,,,,6.4,1016.1,,0
2020-10-25,17.9,,,,4.6,1012.6,,0
2020-10-26,18.5,,,,10.7,1013.5,,0
2020-10-27,16.3,,,,6.2,1014.0,,0
2020-10-28,17.9,13.0,23.5,,4.6,1013.6,,0
2020-10-29,16.2,,22.5,1.8,5.8,1014.3,,0
2020-10-30,14.7,,,,5.7,1017.0,,0
2020-10-31,13.6,,,,6.4,1019.6,,0
2020-11-01,13.3,7.0,17.6,,11.7,1020.5,,0
2020-11-02,10.9,3.0,20.7,,8.3,1022.2,,0
2020-11-03,13.1,7.0,19.1,,6.5,1019.4,,0
2020-11-04,14.6,9.0,19.2,,9.4,1020.6,,0
2020-11-05,14.0,9.0,18.2,,13.2,1024.4,,0
2020-11-06,14.1,13.0,16.0,,25.6,1025.5,,0
2020-11-07,14.2,12.0,17.0,,21.0,1027.7,,0
2020-11-08,15.4,13.0,20.1,,21.5,1024.1,,0
2020-11-09,15.3,10.0,19.1,,15.9,1021.8,,0
2020-11-10,15.7,14.0,17.7,,20.8,1022.8,,0
2020-11-11,14.9,13.0,17.7,,21.7,1024.9,,0
2020-11-12,15.0,12.0,18.1,,15.7,1024.6,,0
2020-11-13,11.9,7.0,18.2,,9.0,1024.2,,0
2020-11-14,11.1,7.0,16.2,,8.3,1024.2,,0
2020-11-15,10.9,6.0,18.0,,8.5,1023.8,,0
2020-11-16,9.8,4.0,18.7,,8.5,1022.2,,0
2020-11-17,10.1,4.0,18.0,,9.9,1023.6,,0
2020-11-18,11.4,5.0,15.0,,12.5,1026.2,,0
2020-11-19,12.6,12.0,14.0,,27.4,1022.1,,0
2020-11-20,12.3,10.0,15.2,,22.8,1015.9,,0
2020-11-21,10.5,9.0,12.1,,23.7,1022.7,,0
2020-11-22,10.3,8.0,12.5,,22.9,1029.1,,0
2020-11-23,9.3,3.0,15.2,,9.4,1026.6,,0
2020-11-24,8.4,2.0,14.0,,14.2,1023.0,,0
2020-11-25,11.2,9.0,14.7,,24.8,1023.1,,0
2020-11-26,11.0,8.0,15.0,,19.2,1022.8,,0
2020-11-27,10.0,4.0,16.6,,8.4,1021.2,,0
2020-11-28,8.3,2.0,16.6,,8.7,1020.1,,0
2020-11-29,11.0,4.0,17.7,,9.1,1017.3,,0
2020-11-30,10.6,7.0,15.3,,14.3,1016.0,,0
2020-12-01,5.4,4.0,7.0,,18.3,1021.0,,0
2020-12-02,5.2,1.0,9.7,,12.6,1022.2,,0
2020-12-03,5.8,0.0,13.0,,8.0,1020.7,,0
2020-12-04,9.2,3.0,14.8,,8.9,1015.3,,0
2020-12-05,12.1,8.0,17.7,,7.8,1017.0,,0
2020-12-06,11.0,6.0,17.2,,9.1,1017.5,,0
2020-12-07,11.0,6.0,14.6,,8.1,1012.3,,0
2020-12-08,11.9,7.0,16.6,,7.9,1013.6,,0
2020-12-09,12.3,7.0,17.6,,16.9,1015.8,,0
2020-12-10,16.1,13.0,18.0,,29.4,1010.3,,0
2020-12-11,13.6,12.0,16.1,,17.7,1008.4,,0
2020-12-12,13.3,12.0,14.5,,11.1,1002.3,,0
2020-12-13,12.4,11.0,13.1,,7.9,1003.0,,0
2020-12-14,10.8,9.0,13.0,,19.1,1005.8,,0
2020-12-15,9.1,8.0,9.7,,16.9,1017.7,,0
2020-12-16,9.7,8.0,11.3,,14.6,1024.4,,0
2020-12-17,10.8,9.0,12.2,,12.1,1024.9,,0
2020-12-18,8.6,4.0,13.1,,10.1,1026.5,,0
2020-12-19,6.8,3.0,11.6,,10.4,1028.0,,0
2020-12-20,9.0,7.9,10.5,,15.4,1026.8,,0
2020-12-21,9.1,8.0,11.3,,15.8,1027.0,,0
2020-12-22,7.8,3.0,11.4,,10.3,1026.8,,0
2020-12-23,6.4,1.0,11.5,,4.5,1024.2,,0
2020-12-24,10.4,6.0,15.1,,8.9,1019.8,,0
2020-12-25,14.7,8.0,16.8,,24.2,1014.9,,0
2020-12-26,16.0,14.2,17.0,,23.2,1015.2,,0
2020-12-27,15.9,14.5,17.9,,17.4,1015.7,,0
2020-12-28,14.4,13.2,16.0,,19.0,1012.1,,0
2020-12-29,15.3,14.0,17.0,,28.7,1014.6,,0
2020-12-30,15.6,14.6,17.2,,22.3,1016.4,,0
2020-12-31,15.4,14.0,17.3,,23.2,1013.2,,0
2021-01-01,12.1,8.0,16.6,0.5,11.7,1015.3,,0
2021-01-02,9.8,5.0,14.8,0.1,7.1,1021.4,,0
2021-01-03,12.2,9.0,16.6,1.5,8.2,1020.1,,0
2021-01-04,12.4,8.0,18.0,0.8,8.8,1014.5,,0
2021-01-05,13.8,12.0,15.5,8.8,18.8,1013.5,,0
2021-01-06,12.6,7.0,15.2,0.0,14.5,1020.2,,0
2021-01-07,14.6,14.0,16.0,0.0,23.4,1017.2,,0
2021-01-08,16.3,15.0,18.0,0.0,25.3,1013.2,,0
2021-01-09,14.4,9.0,18.0,35.2,21.9,1012.4,,0
2021-01-10,10.6,9.6,11.6,22.5,11.8,1016.3,,0
2021-01-11,17.3,10.0,20.0,0.0,18.9,1013.0,,0
2021-01-12,16.2,10.0,20.0,28.9,29.4,1007.6,,0
2021-01-13,7.3,6.0,10.0,42.7,11.6,1006.6,,0
2021-01-14,6.2,4.2,9.0,0.0,12.2,1009.6,,0
2021-01-15,2.2,-1.0,7.0,11.2,12.0,1013.9,,0
2021-01-16,1.6,-2.0,3.7,0.0,12.0,1011.1,,0
2021-01-17,-0.1,-1.0,2.5,3.3,16.7,1014.5,,0
2021-01-18,-1.2,-3.0,3.2,0.0,10.9,1021.0,,0
2021-01-19,-1.2,-6.0,5.2,0.0,8.8,1024.3,,0
2021-01-20,4.2,-5.0,10.0,0.0,11.3,1026.9,,0
2021-01-21,9.8,7.0,13.0,0.0,16.4,1026.1,,0
2021-01-22,12.6,11.0,14.2,1.1,25.3,1022.4,,0
2021-01-23,13.3,12.2,14.0,3.8,25.3,1016.3,,0
2021-01-24,13.8,10.0,15.5,6.7,28.3,1009.5,,0
2021-01-25,14.4,12.0,16.3,14.5,34.8,1005.6,,0
2021-01-26,15.1,14.0,16.0,2.8,29.9,1004.9,,0
2021-01-27,3.7,0.0,16.0,45.8,20.7,1003.3,,0
2021-01-28,1.1,-2.0,6.2,6.1,9.1,1012.6,,0
2021-01-29,6.9,-1.0,11.6,0.0,22.8,1011.5,,0
2021-01-30,10.9,7.0,14.5,16.0,20.1,1001.0,,0
2021-01-31,9.9,2.0,15.3,0.0,15.7,1007.8,,0
2021-02-01,15.8,12.9,18.0,17.9,43.5,1004.5,,0
2021-02-02,14.9,11.0,18.0,0.8,14.0,1011.9,,0
2021-02-03,11.7,8.0,17.8,0.0,6.1,1016.7,,0
2021-02-04,11.6,7.0,16.2,0.0,9.3,1016.5,,0
2021-02-05,10.5,7.0,16.3,0.0,6.2,1019.9,,0
2021-02-06,12.4,6.0,16.4,0.0,10.6,1017.1,,0
2021-02-07,14.2,8.0,17.2,0.0,16.5,1013.9,,0
2021-02-08,17.3,16.5,18.2,2.4,37.8,1007.2,,0
2021-02-09,16.7,15.0,19.0,0.2,32.4,1010.9,,0
2021-02-10,15.2,13.0,17.5,3.3,22.3,1012.6,,0
2021-02-11,16.1,10.0,19.0,7.5,30.4,1008.2,,0
2021-02-12,6.5,3.0,14.0,5.9,22.6,1016.9,,0
2021-02-13,2.1,0.0,6.8,0.0,23.9,1024.4,,0
2021-02-14,-1.1,-2.0,-0.9,10.9,33.3,1021.5,,0
2021-02-15,0.8,-1.9,3.3,6.9,27.9,1025.5,,0
2021-02-16,0.2,-1.0,3.7,0.0,23.8,1024.4,,0
2021-02-17,-0.4,-5.0,5.6,0.0,11.2,1023.6,,0
2021-02-18,4.9,-0.7,10.3,0.3,8.4,1020.0,,0
2021-02-19,5.6,1.0,11.0,0.0,10.2,1027.4,,0
2021-02-20,5.4,0.0,9.0,0.0,9.4,1027.5,,0
2021-02-21,4.6,3.0,10.6,0.0,21.0,1029.6,,0
2021-02-22,4.9,-1.0,12.4,0.0,8.8,1030.5,,0
2021-02-23,6.9,0.0,17.1,0.0,10.3,1030.0,,0
2021-02-24,7.2,1.0,12.1,0.0,14.1,1031.8,,0
2021-02-25,8.5,6.0,13.2,0.0,16.3,1032.7,,0
2021-02-26,8.3,3.0,15.2,0.0,13.2,1027.4,,0
2021-02-27,9.8,2.0,19.6,0.0,8.0,1019.9,,0
2021-02-28,8.4,4.0,13.2,0.0,19.2,1025.7,,0
2021-03-01,7.2,-1.0,13.9,0.0,9.7,1027.1,,0
2021-03-02,6.9,5.0,10.5,0.0,17.6,1030.3,,0
2021-03-03,6.7,0.0,15.9,0.0,9.9,1028.9,,0
2021-03-04,7.1,1.0,18.3,0.0,6.8,1024.0,,0
2021-03-05,11.1,0.0,17.3,0.0,12.1,1017.6,,0
2021-03-06,12.1,7.0,16.0,0.9,17.2,1019.5,,0
2021-03-07,5.9,3.0,12.6,0.5,16.7,1025.4,,0
2021-03-08,6.4,0.0,14.7,0.0,7.0,1018.5,,0
2021-03-09,8.8,3.0,16.8,0.0,11.1,1016.2,,0
2021-03-10,9.3,5.0,15.6,0.0,9.8,1011.9,,0
2021-03-11,5.5,4.0,8.9,7.6,19.5,1014.2,,0
2021-03-12,5.2,-1.0,13.5,0.5,5.8,1021.9,,0
2021-03-13,7.8,1.0,15.6,0.0,8.3,1017.7,,0
2021-03-14,10.9,3.0,17.5,0.2,8.8,1013.5,,0
2021-03-15,13.0,8.0,17.7,6.6,18.8,1002.4,,0
2021-03-16,11.2,10.0,13.8,1.6,21.6,999.6,,0
2021-03-17,9.4,7.0,14.7,1.0,14.6,1003.3,,0
2021-03-18,6.7,2.0,14.1,0.3,9.2,1011.3,,0
2021-03-19,6.6,4.0,9.7,2.8,8.4,1013.3,,0
2021-03-20,7.9,4.0,10.6,1.5,9.1,1015.3,,0
2021-03-21,7.7,7.0,8.5,24.4,15.4,1010.3,,0
2021-03-22,8.7,7.0,14.9,8.4,13.1,1000.5,,0
2021-03-23,4.8,4.0,7.8,12.4,22.5,1007.9,,0
2021-03-24,2.9,-2.0,11.6,0.0,10.7,1012.4,,0
2021-03-25,2.7,-2.0,10.7,3.3,7.5,1019.4,,0
2021-03-26,5.4,-1.0,13.9,0.0,7.5,1024.5,,0
2021-03-27,7.6,0.0,14.9,0.0,8.8,1027.9,,0
2021-03-28,9.1,2.0,15.5,0.0,8.8,1028.9,,0
2021-03-29,8.9,5.0,16.2,0.0,9.5,1028.9,,0
2021-03-30,8.4,2.0,15.5,0.3,11.9,1026.5,,0
2021-03-31,8.2,6.0,13.4,0.8,21.9,1021.8,,0
2021-04-01,7.1,2.0,14.7,0.3,12.7,1018.2,,0
2021-04-02,9.6,1.0,15.8,0.0,10.1,1015.7,,0
2021-04-03,14.3,8.0,19.1,0.0,15.4,1012.5,,0
2021-04-04,14.4,11.0,21.4,0.0,18.9,1010.7,,0
2021-04-05,9.1,7.0,13.7,11.2,14.2,1013.1,,0
2021-04-06,13.0,9.0,19.1,6.5,9.5,1006.0,,0
2021-04-07,15.6,13.0,18.1,0.0,23.1,1006.0,,0
2021-04-08,7.4,5.0,17.0,7.1,21.7,1016.6,,0
2021-04-09,5.9,1.0,14.0,3.8,9.9,1026.6,,0
2021-04-10,6.8,-1.0,16.1,0.0,8.1,1026.5,,0
2021-04-11,7.6,0.0,16.6,0.0,9.7,1024.8,,0
2021-04-12,9.8,1.0,19.6,0.0,5.7,1023.0,,0
2021-04-13,11.3,4.0,16.3,0.3,4.6,1018.1,,0
2021-04-14,13.5,7.0,17.5,0.0,16.2,1014.0,,0
2021-04-15,11.9,10.0,18.8,7.5,9.7,1015.4,,0
2021-04-16,11.8,8.0,16.8,1.0,13.4,1017.1,,0
2021-04-17,12.0,11.0,16.5,3.9,17.7,1013.2,,0
2021-04-18,12.6,9.0,16.8,1.9,9.9,1012.7,,0
2021-04-19,13.1,11.0,15.8,14.0,14.2,1011.4,,0
2021-04-20,12.6,8.0,16.6,3.6,11.4,1012.3,,0
2021-04-21,11.9,6.0,19.0,1.1,6.4,1017.8,,0
2021-04-22,13.7,6.0,20.4,0.0,5.7,1021.6,,0
2021-04-23,13.8,7.0,18.1,0.1,7.2,1019.9,,0
2021-04-24,13.5,12.0,18.0,0.0,9.6,1018.8,,0
2021-04-25,11.4,10.0,17.0,7.1,19.7,1015.2,,0
2021-04-26,11.6,7.0,20.1,0.0,12.1,1017.0,,0
2021-04-27,12.8,4.0,20.7,0.0,6.5,1013.4,,0
2021-04-28,14.9,9.0,24.2,0.0,8.0,1011.8,,0
2021-04-29,16.5,10.0,24.0,0.0,7.2,1013.2,,0
2021-04-30,16.6,10.0,22.2,0.0,5.9,1015.6,,0
2021-05-01,18.9,12.0,25.3,0.0,8.1,1014.6,,0
2021-05-02,19.2,15.0,24.9,0.0,12.2,1011.0,,0
2021-05-03,19.3,15.0,22.8,0.0,7.5,1011.5,,0
2021-05-04,18.7,16.0,25.3,0.0,14.2,1014.7,,0
2021-05-05,17.1,11.0,25.3,0.0,8.5,1011.2,,0
2021-05-06,18.2,13.0,27.3,1.3,5.7,1012.1,,0
2021-05-07,19.1,11.0,31.3,0.0,5.1,1013.5,,0
2021-05-08,17.4,15.0,25.2,0.1,8.8,1011.9,,0
2021-05-09,15.3,11.0,22.0,0.0,18.3,1021.8,,0
2021-05-10,14.4,8.0,22.5,0.0,17.3,1020.9,,0
2021-05-11,14.9,10.0,23.4,0.0,18.2,1015.8,,0
2021-05-12,14.7,5.0,24.6,0.0,8.7,1009.9,,0
2021-05-13,17.6,8.0,23.2,0.0,14.3,1007.7,,0
2021-05-14,19.8,13.0,21.5,0.0,21.4,1010.9,,0
2021-05-15,17.6,9.0,25.4,0.4,9.9,1011.4,,0
2021-05-16,16.8,12.0,21.9,0.3,9.8,1008.3,,0
2021-05-17,19.2,12.0,23.0,0.0,12.0,1009.0,,0
2021-05-18,20.0,17.0,24.4,0.5,17.1,1008.6,,0
2021-05-19,20.1,12.0,28.0,0.0,5.5,1011.6,,0
2021-05-20,19.2,14.0,22.3,0.0,15.1,1006.5,,0
2021-05-21,13.9,13.0,17.5,29.5,11.1,1011.5,,0
2021-05-22,16.8,9.0,25.0,24.9,4.9,1018.8,,0
2021-05-23,18.5,11.0,25.3,0.0,5.5,1017.9,,0
2021-05-24,22.1,13.0,29.9,0.0,9.3,1018.5,,0
2021-05-25,20.9,16.0,28.0,0.0,14.2,1017.8,,0
2021-05-26,19.6,15.0,25.5,0.0,17.0,1012.8,,0
2021-05-27,19.8,15.0,26.6,0.0,15.9,1009.9,,0
2021-05-28,18.4,15.0,25.7,0.1,12.1,1010.3,,0
2021-05-29,18.7,13.0,25.5,0.0,6.4,1014.1,,0
2021-05-30,20.2,13.0,26.9,0.1,10.8,1013.0,,0
2021-05-31,17.6,15.0,22.0,7.3,8.5,1010.7,,0
2021-06-01,17.1,14.0,22.9,3.7,9.6,1011.0,,0
2021-06-02,16.2,11.0,23.5,0.0,6.3,1017.4,,0
2021-06-03,17.8,10.0,24.8,0.4,6.9,1020.0,,0
2021-06-04,19.4,13.0,26.4,0.0,8.6,1021.9,,0
2021-06-05,19.2,12.0,27.1,0.0,8.6,1020.5,,0
2021-06-06,19.2,12.0,24.8,0.0,8.5,1016.6,,0
2021-06-07,21.8,15.0,28.6,0.2,6.9,1015.1,,0
2021-06-08,20.8,16.0,27.2,3.2,10.1,1013.1,,0
2021-06-09,21.0,13.0,28.7,0.0,12.0,1011.2,,0
2021-06-10,21.9,14.0,29.6,0.0,10.2,1010.3,,0
2021-06-11,21.9,15.0,29.2,0.0,11.5,1011.5,,0
2021-06-12,21.8,15.0,29.4,2.1,8.1,1012.8,,0
2021-06-13,21.4,15.0,27.9,0.8,8.1,1012.4,,0
2021-06-14,18.3,14.0,25.3,2.6,10.9,1011.7,,0
2021-06-15,17.8,11.0,24.6,0.8,7.1,1012.6,,0
2021-06-16,19.3,16.0,25.7,9.9,7.6,1011.5,,0
2021-06-17,21.9,16.0,26.2,0.3,4.7,1016.2,,0
2021-06-18,22.1,16.0,26.9,1.1,5.1,1014.2,,0
2021-06-19,23.4,20.0,28.9,0.8,7.2,1011.3,,0
2021-06-20,22.9,18.0,29.8,0.0,7.6,1010.5,,0
2021-06-21,23.6,17.0,30.0,0.0,6.3,1011.0,,0
2021-06-22,24.2,18.0,30.2,0.0,4.2,1011.8,,0
2021-06-23,24.1,19.0,28.3,0.1,5.8,1013.5,,0
2021-06-24,26.6,19.0,34.0,0.2,7.0,1015.2,,0
2021-06-25,26.7,21.0,32.6,0.0,4.5,1012.9,,0
2021-06-26,26.0,22.0,33.0,0.0,8.0,1011.2,,0
2021-06-27,26.6,20.0,37.2,0.0,8.6,1011.9,,0
2021-06-28,26.7,20.0,38.0,0.0,10.0,1014.3,,0
2021-06-29,25.7,20.0,36.1,0.0,9.6,1014.2,,0
2021-06-30,26.1,18.0,38.5,0.0,8.5,1012.5,,0
2021-07-01,26.8,18.0,37.6,0.0,6.2,1008.7,,0
2021-07-02,26.9,21.0,36.9,0.8,12.0,1005.8,,0
2021-07-03,24.7,21.0,33.8,2.0,9.8,1008.8,,0
2021-07-04,23.8,17.0,34.6,0.0,9.3,1010.2,,0
2021-07-05,24.0,18.0,33.8,0.0,9.5,1008.1,,0
2021-07-06,25.3,18.0,32.4,0.1,6.1,1008.9,,0
2021-07-07,26.6,20.0,33.7,0.0,9.2,1012.5,,0
2021-07-08,26.6,21.0,32.0,0.0,11.9,1015.7,,0
2021-07-09,25.9,22.0,32.8,0.0,17.2,1015.4,,0
2021-07-10,26.3,19.0,32.3,0.0,14.3,1011.9,,0
2021-07-11,26.6,20.0,33.0,0.0,14.5,1010.0,,0
2021-07-12,26.4,22.0,33.9,0.0,9.7,1010.8,,0
2021-07-13,27.0,21.0,33.8,0.0,11.4,1011.3,,0
2021-07-14,27.2,21.0,33.3,0.0,10.5,1011.4,,0
2021-07-15,27.3,22.0,33.4,0.0,16.7,1010.0,,0
2021-07-16,27.1,22.0,32.5,0.0,14.8,1006.7,,0
2021-07-17,27.1,18.0,34.3,0.0,10.1,1003.3,,0
2021-07-18,27.8,22.0,39.1,0.1,8.5,1002.1,,0
2021-07-19,25.6,20.0,31.0,0.0,9.6,1005.9,,0
2021-07-20,25.7,20.0,30.0,0.0,12.0,1008.3,,0
2021-07-21,27.2,21.0,34.5,0.0,8.3,1010.2,,0
2021-07-22,25.6,22.0,30.9,0.0,14.2,1013.0,,0
2021-07-23,25.2,20.0,30.7,0.0,14.4,1012.1,,0
2021-07-24,24.7,19.0,30.1,0.0,15.9,1011.6,,0
2021-07-25,25.4,21.0,31.2,0.0,18.6,1013.2,,0
2021-07-26,26.3,19.0,33.3,0.0,12.9,1016.0,,0
2021-07-27,26.8,18.0,34.6,0.0,9.7,1016.8,,0
2021-07-28,27.8,21.0,35.6,0.0,11.4,1014.6,,0
2021-07-29,28.0,20.0,36.5,0.0,9.2,1011.8,,0
2021-07-30,28.7,20.0,36.5,0.0,7.9,1009.3,,0
2021-07-31,29.1,21.0,37.5,0.0,6.6,1007.2,,0
2021-08-01,29.1,24.0,39.7,0.0,10.8,1009.3,,0
2021-08-02,28.0,20.0,36.3,0.0,6.7,1009.6,,0
2021-08-03,31.0,22.0,39.7,0.0,5.8,1010.6,,0
2021-08-04,29.3,22.0,37.0,0.0,6.6,1012.1,,0
2021-08-05,28.6,22.0,36.1,0.0,5.5,1009.5,,0
2021-08-06,27.3,21.0,32.0,0.0,9.7,1001.3,,0
2021-08-07,26.6,21.0,32.7,0.0,11.5,1008.3,,0
2021-08-08,25.4,18.0,33.2,0.0,8.9,1014.3,,0
2021-08-09,26.4,18.0,35.1,0.0,7.1,1015.6,,0
2021-08-10,28.1,19.0,36.5,0.0,6.4,1014.5,,0
2021-08-11,28.8,21.0,36.4,0.0,7.0,1012.0,,0
2021-08-12,27.8,23.0,33.6,0.0,11.8,1014.8,,0
2021-08-13,26.6,21.0,32.4,0.0,12.8,1018.2,,0
2021-08-14,25.7,21.0,31.2,0.0,17.4,1018.0,,0
2021-08-15,25.3,21.0,31.3,0.0,16.2,1015.2,,0
2021-08-16,24.8,18.0,32.7,0.0,11.1,1013.3,,0
2021-08-17,24.9,17.0,33.3,0.0,8.6,1009.9,,0
2021-08-18,25.9,18.0,33.4,0.0,9.7,1008.0,,0
2021-08-19,25.9,22.0,31.3,0.0,14.4,1009.9,,0
2021-08-20,24.3,19.0,31.2,0.0,13.1,1013.2,,0
2021-08-21,24.7,18.0,30.9,0.0,13.1,1013.7,,0
2021-08-22,25.3,20.0,31.2,0.0,17.3,1014.0,,0
2021-08-23,26.2,22.0,31.6,0.1,19.8,1013.2,,0
2021-08-24,25.6,21.0,32.7,0.0,13.0,1011.4,,0
2021-08-25,24.7,19.0,32.5,0.0,8.8,1010.4,,0
2021-08-26,24.9,19.0,31.4,0.0,9.0,1010.0,,0
2021-08-27,25.4,20.0,29.3,0.0,5.9,1008.8,,0
2021-08-28,26.6,19.0,34.2,0.1,7.5,1007.7,,0
2021-08-29,25.1,20.0,29.4,0.0,8.0,1005.4,,0
2021-08-30,25.2,18.0,32.3,0.2,6.9,1008.3,,0
2021-08-31,24.9,20.0,31.7,0.0,8.9,1011.8,,0
2021-09-01,23.9,17.0,32.8,0.0,9.5,1012.2,,0
2021-09-02,22.2,17.0,29.1,0.0,9.0,1016.1,,0
2021-09-03,21.4,16.0,27.4,0.0,10.8,1017.8,,0
2021-09-04,20.7,13.0,27.8,0.0,10.5,1014.7,,0
2021-09-05,22.3,16.0,27.9,0.0,13.1,1014.6,,0
2021-09-06,22.7,20.0,28.2,0.7,23.9,1016.7,,0
2021-09-07,21.8,18.0,27.1,0.4,28.3,1018.2,,0
2021-09-08,22.3,19.0,26.6,0.9,22.1,1017.2,,0
2021-09-09,21.8,19.0,26.3,1.0,16.5,1014.8,,0
2021-09-10,20.8,18.0,27.9,2.5,11.3,1015.4,,0
2021-09-11,21.2,13.0,28.7,0.0,6.9,1015.5,,0
2021-09-12,20.4,12.0,28.0,0.0,12.4,1012.0,,0
2021-09-13,21.9,14.0,28.5,0.0,10.8,1011.1,,0
2021-09-14,23.6,18.0,29.4,0.0,9.9,1013.0,,0
2021-09-15,21.5,15.0,30.3,0.0,9.2,1015.9,,0
2021-09-16,21.4,14.0,30.8,0.0,7.6,1016.8,,0
2021-09-17,21.7,15.0,28.4,0.0,7.7,1014.5,,0
2021-09-18,23.0,18.0,26.7,0.0,11.9,1010.7,,0
2021-09-19,22.6,17.0,27.0,0.0,9.3,1012.9,,0
2021-09-20,23.0,17.0,27.1,0.0,12.7,1011.6,,0
2021-09-21,21.9,18.0,27.9,0.0,12.2,1016.2,,0
2021-09-22,18.6,15.0,25.2,0.6,13.2,1016.8,,0
2021-09-23,15.1,12.0,22.2,2.5,12.3,1017.3,,0
2021-09-24,15.4,8.0,23.1,0.0,9.4,1018.1,,0
2021-09-25,18.6,11.0,27.2,0.0,6.7,1019.3,,0
2021-09-26,20.0,13.0,29.0,0.0,10.0,1019.9,,0
2021-09-27,20.1,13.0,28.7,0.0,10.6,1016.4,,0
2021-09-28,20.0,16.0,26.3,0.0,14.2,1016.3,,0
2021-09-29,19.5,16.0,24.7,0.0,16.0,1018.9,,0
2021-09-30,18.7,15.0,24.2,0.0,18.7,1020.4,,0
2021-10-01,17.0,14.0,22.2,0.0,19.3,1021.2,,0
2021-10-02,16.9,14.0,22.7,0.0,19.2,1020.1,,0
2021-10-03,16.4,12.0,23.0,0.0,14.5,1021.8,,0
2021-10-04,16.6,11.0,23.9,0.0,10.1,1022.1,,0
2021-10-05,16.2,9.0,23.6,0.0,10.5,1022.1,,0
2021-10-06,16.4,11.0,22.5,0.0,10.7,1021.8,,0
2021-10-07,17.4,14.0,22.5,0.0,16.1,1018.4,,0
2021-10-08,18.4,15.0,24.3,2.3,18.6,1016.7,,0
2021-10-09,16.9,16.0,19.9,3.3,15.4,1017.6,,0
2021-10-10,17.6,16.0,21.3,0.1,15.1,1019.4,,0
2021-10-11,18.4,15.0,24.6,0.9,8.6,1014.7,,0
2021-10-12,17.1,14.0,21.6,23.9,8.4,1006.7,,0
2021-10-13,14.8,12.0,21.7,23.4,8.2,1012.4,,0
2021-10-14,16.8,10.0,22.9,0.0,8.7,1015.1,,0
2021-10-15,18.8,16.0,23.9,13.5,9.3,1011.3,,0
2021-10-16,17.2,15.0,21.3,10.7,12.1,1010.5,,0
2021-10-17,15.1,14.0,19.4,0.5,8.0,1017.2,,0
2021-10-18,14.8,11.0,20.7,0.0,7.5,1021.6,,0
2021-10-19,14.4,10.0,21.3,0.0,10.6,1025.6,,0
2021-10-20,13.4,10.0,20.6,0.2,6.9,1026.6,,0
2021-10-21,12.4,7.0,22.1,0.0,7.4,1022.3,,0
2021-10-22,15.1,9.0,22.2,0.0,8.8,1020.0,,0
2021-10-23,15.8,10.0,22.1,0.0,6.5,1020.4,,0
2021-10-24,12.6,11.0,17.5,0.0,10.7,1024.4,,0
2021-10-25,12.9,11.0,17.9,0.0,21.4,1027.1,,0
2021-10-26,13.4,10.0,19.5,0.0,20.8,1023.0,,0
2021-10-27,13.4,7.0,20.2,0.0,12.8,1022.3,,0
2021-10-28,13.7,11.0,19.5,0.0,16.6,1023.5,,0
2021-10-29,14.5,12.0,19.1,0.0,17.8,1021.3,,0
2021-10-30,15.2,13.0,20.6,0.0,18.5,1019.7,,0
2021-10-31,14.1,12.0,19.5,2.9,13.3,1018.7,,0
2021-11-01,13.1,9.0,20.3,0.3,6.3,1014.3,,0
2021-11-02,15.3,8.0,19.6,0.0,10.4,1010.8,,0
2021-11-03,16.8,13.0,23.8,2.3,6.4,1015.1,,0
2021-11-04,17.2,11.0,22.5,0.0,5.0,1020.0,,0
2021-11-05,16.4,13.0,23.1,0.0,5.3,1020.5,,0
2021-11-06,15.9,13.0,22.0,0.0,6.3,1021.6,,0
2021-11-07,15.9,14.0,21.2,0.0,19.9,1020.8,,0
2021-11-08,14.2,9.0,20.8,0.0,5.7,1016.4,,0
2021-11-09,15.2,12.0,22.2,0.0,7.5,1021.9,,0
2021-11-10,11.1,9.0,16.4,0.0,26.9,1032.4,,0
2021-11-11,11.5,10.0,16.8,0.0,26.2,1026.6,,0
2021-11-12,10.3,7.0,18.0,0.0,14.8,1020.6,,0
2021-11-13,9.6,4.0,20.2,0.0,7.3,1020.8,,0
2021-11-14,11.3,6.0,18.9,0.0,6.1,1020.3,,0
2021-11-15,12.7,6.0,19.8,0.0,12.0,1021.3,,0
2021-11-16,13.3,12.0,17.6,0.0,20.1,1022.0,,0
2021-11-17,11.1,8.0,15.1,0.0,17.0,1021.2,,0
2021-11-18,9.8,6.0,16.2,0.0,7.2,1023.3,,0
2021-11-19,9.0,5.0,14.5,0.0,8.3,1022.6,,0
2021-11-20,8.2,2.0,17.5,0.0,7.0,1019.2,,0
2021-11-21,8.6,3.0,18.5,0.0,6.2,1017.0,,0
2021-11-22,13.9,4.0,19.1,0.0,11.5,1016.4,,0
2021-11-23,14.6,13.0,17.8,3.0,11.3,1016.4,,0
2021-11-24,10.6,10.0,14.3,5.8,19.7,1021.3,,0
2021-11-25,9.6,9.0,14.1,0.0,14.8,1020.2,,0
2021-11-26,12.5,6.0,17.5,28.8,12.5,1011.9,,0
2021-11-27,17.7,16.0,19.6,3.1,20.2,1008.2,,0
2021-11-28,17.6,16.0,19.1,3.8,25.2,1006.3,,0
2021-11-29,20.0,16.7,22.1,11.1,43.5,1000.5,,0
2021-11-30,11.6,5.0,17.0,7.9,26.5,1004.6,,0
2021-12-01,9.1,3.0,15.2,1.3,10.9,1015.3,,0
2021-12-02,13.3,11.0,17.3,0.0,20.9,1013.7,,0
2021-12-03,16.9,14.0,19.7,0.2,26.0,1011.6,,0
2021-12-04,13.6,9.0,18.4,11.4,15.3,1009.0,,0
2021-12-05,13.7,11.0,19.2,15.2,7.4,1010.6,,0
2021-12-06,16.3,14.0,19.2,0.0,19.8,1009.0,,0
2021-12-07,13.0,12.0,16.5,4.6,14.5,1001.0,,0
2021-12-08,8.9,8.0,12.7,15.5,5.9,1006.0,,0
2021-12-09,13.8,5.0,17.5,0.0,17.9,1014.5,,0
2021-12-10,14.9,12.0,19.3,17.1,31.2,1010.6,,0
2021-12-11,15.9,13.0,18.5,0.4,24.0,1010.9,,0
2021-12-12,13.7,13.0,16.3,9.1,18.8,1010.6,,0
2021-12-13,11.4,10.0,17.1,21.6,6.2,1013.0,,0
2021-12-14,9.2,7.0,11.0,5.2,16.2,1015.2,,0
2021-12-15,6.6,5.0,10.8,14.5,21.0,1020.8,,0
2021-12-16,5.6,4.0,11.3,0.0,14.9,1024.0,,0
2021-12-17,6.1,3.0,11.6,2.9,5.7,1020.9,,0
2021-12-18,5.1,4.0,9.8,2.8,18.2,1018.1,,0
2021-12-19,3.2,0.0,10.8,0.3,18.0,1016.4,,0
2021-12-20,4.0,-2.0,12.7,0.0,6.2,1012.0,,0
2021-12-21,2.8,0.0,11.6,4.1,7.3,1021.2,,0
2021-12-22,3.0,-2.0,10.8,0.0,6.9,1026.0,,0
2021-12-23,0.9,-2.0,9.8,0.0,8.7,1027.0,,0
2021-12-24,5.6,-4.0,10.6,0.0,15.4,1020.7,,0
2021-12-25,11.3,9.0,14.0,0.1,23.4,1017.0,,0
2021-12-26,13.9,13.0,15.7,0.0,22.9,1015.8,,0
2021-12-27,15.5,14.3,17.0,0.0,23.5,1015.3,,0
2021-12-28,15.3,14.5,17.0,0.2,24.3,1011.2,,0
2021-12-29,12.8,11.0,15.1,1.8,12.0,1007.6,,0
2021-12-30,10.2,9.1,11.7,13.7,12.3,1008.7,,0
2021-12-31,9.2,6.0,11.8,0.0,17.9,1020.1,,0
2022-01-01,7.8,3.0,13.5,0.0,4.6,1019.6,,0
2022-01-02,8.7,5.0,16.0,0.0,6.0,1023.3,,0
2022-01-03,8.7,2.0,14.0,0.0,7.6,1018.7,,0
2022-01-04,12.6,8.0,15.5,0.0,8.6,1015.2,,0
2022-01-05,15.2,14.0,18.0,0.0,26.2,1012.2,,0
2022-01-06,15.5,13.7,16.2,0.0,27.7,1012.7,,0
2022-01-07,13.1,10.0,15.0,5.9,10.9,1015.6,,0
2022-01-08,10.4,8.0,13.0,11.3,8.5,1013.3,,0
2022-01-09,8.7,6.0,13.1,1.0,5.9,1005.4,,0
2022-01-10,9.9,6.0,12.2,5.9,8.2,1000.5,,0
2022-01-11,9.2,5.0,11.0,17.6,23.9,1006.2,,0
2022-01-12,1.1,0.0,4.0,8.6,32.0,1020.7,,0
2022-01-13,-0.2,-2.0,1.2,0.0,28.2,1030.5,,0
2022-01-14,0.7,-4.0,7.0,0.0,5.6,1024.9,,0
2022-01-15,3.0,-2.0,10.5,0.0,8.8,1019.4,,0
2022-01-16,1.9,-2.0,8.5,0.0,6.7,1026.7,,0
2022-01-17,4.1,-3.0,9.7,0.0,12.2,1021.9,,0
2022-01-18,6.9,1.0,10.0,0.1,11.1,1021.7,,0
2022-01-19,1.9,-2.0,6.2,0.0,10.0,1030.6,,0
2022-01-20,5.0,-3.0,10.0,0.0,18.9,1024.3,,0
2022-01-21,8.2,2.0,12.0,11.1,21.5,1016.9,,0
2022-01-22,0.6,-1.0,4.0,1.4,15.3,1017.8,,0
2022-01-23,0.1,-3.0,4.0,0.0,11.7,1020.8,,0
2022-01-24,-0.3,-3.0,2.3,0.0,13.3,1025.1,,0
2022-01-25,-0.3,-2.0,3.2,0.0,22.2,1027.0,,0
2022-01-26,-0.3,-4.0,5.0,0.0,7.1,1024.3,,0
2022-01-27,2.6,-3.0,8.2,0.0,5.1,1025.0,,0
2022-01-28,4.5,-2.0,10.3,0.0,8.4,1021.4,,0
2022-01-29,5.7,2.0,8.9,0.6,10.6,1021.2,,0
2022-01-30,5.1,-1.0,10.5,0.0,8.0,1017.2,,0
2022-01-31,6.0,1.0,12.0,0.0,5.8,1013.2,,0
2022-02-01,10.4,2.0,14.0,2.5,24.2,1004.7,,0
2022-02-02,9.5,4.0,14.0,12.3,12.1,1004.0,,0
2022-02-03,4.2,2.0,6.9,34.0,17.4,1011.4,,0
2022-02-04,3.5,0.0,9.0,0.0,8.2,1021.4,,0
2022-02-05,4.6,-2.0,11.5,0.0,6.0,1020.3,,0
2022-02-06,6.2,2.0,13.1,0.0,6.5,1022.7,,0
2022-02-07,9.3,1.0,15.0,1.3,20.0,1012.3,,0
2022-02-08,5.9,2.9,15.0,40.0,22.3,1008.9,,0
2022-02-09,5.2,1.0,10.3,26.4,9.8,1023.6,,0
2022-02-10,4.6,0.0,11.9,0.0,6.7,1027.9,,0
2022-02-11,4.9,-2.0,13.7,0.0,5.2,1024.6,,0
2022-02-12,6.7,0.0,16.0,0.3,9.0,1025.7,,0
2022-02-13,7.3,5.0,8.0,0.0,20.2,1026.9,,0
2022-02-14,5.6,3.0,10.4,0.0,9.2,1024.7,,0
2022-02-15,4.9,-1.0,13.0,0.0,5.1,1024.2,,0
2022-02-16,6.2,0.0,14.5,0.0,5.7,1020.8,,0
2022-02-17,8.3,3.0,14.0,0.0,8.7,1013.1,,0
2022-02-18,11.3,8.0,14.5,1.3,8.3,1012.7,,0
2022-02-19,6.4,1.0,12.3,0.0,7.1,1020.7,,0
2022-02-20,8.0,3.0,13.2,0.0,4.8,1018.2,,0
2022-02-21,10.6,7.0,15.0,0.1,6.8,1013.4,,0
2022-02-22,13.4,10.0,16.0,2.8,12.6,1005.7,,0
2022-02-23,9.3,8.0,11.0,2.5,13.5,1014.2,,0
2022-02-24,6.7,5.6,7.7,3.3,18.6,1018.4,,0
2022-02-25,6.5,3.0,11.8,1.0,10.4,1018.3,,0
2022-02-26,6.9,-1.0,13.5,0.0,9.0,1020.1,,0
2022-02-27,8.4,5.0,11.0,17.6,13.5,1017.7,,0
2022-02-28,4.1,3.7,5.1,0.3,10.8,1018.6,,0
2022-03-01,3.5,0.0,6.5,0.0,15.7,1022.7,,0
2022-03-02,4.0,1.0,7.5,0.0,19.3,1017.5,,0
2022-03-03,4.6,0.0,9.8,0.3,5.3,1014.9,,0
2022-03-04,4.9,0.0,10.5,4.2,6.5,1015.4,,0
2022-03-05,6.2,2.0,11.0,4.8,8.2,1014.1,,0
2022-03-06,7.9,6.5,11.0,9.4,14.0,1011.7,,0
2022-03-07,5.9,3.0,8.8,6.9,13.8,1012.7,,0
2022-03-08,4.9,3.0,6.5,0.5,14.2,1012.9,,0
2022-03-09,4.7,2.0,7.1,0.0,18.5,1014.2,,0
2022-03-10,2.1,0.0,5.5,0.0,18.5,1018.4,,0
2022-03-11,-0.1,-3.0,3.3,0.0,17.3,1025.4,,0
2022-03-12,-0.3,-5.0,3.2,0.0,11.2,1028.6,,0
2022-03-13,1.2,-5.0,7.5,0.0,5.7,1029.3,,0
2022-03-14,2.8,-3.0,9.5,0.0,8.5,1033.4,,0
2022-03-15,3.8,-3.0,11.2,0.0,7.8,1035.3,,0
2022-03-16,4.7,0.0,10.2,0.0,5.2,1026.7,,0
2022-03-17,6.8,5.0,11.0,0.0,13.4,1026.3,,0
2022-03-18,2.9,1.0,7.8,0.0,20.2,1035.6,,0
2022-03-19,2.0,-3.0,6.3,0.0,15.6,1037.5,,0
2022-03-20,3.9,0.0,8.1,0.0,19.7,1034.7,,0
2022-03-21,4.8,1.0,8.8,0.4,27.7,1030.1,,0
2022-03-22,5.8,2.0,10.3,4.4,16.0,1024.1,,0
2022-03-23,5.8,3.0,11.0,1.8,17.3,1023.1,,0
2022-03-24,6.7,-3.0,15.2,0.0,9.1,1021.8,,0
2022-03-25,8.0,1.0,15.0,0.0,6.0,1019.2,,0
2022-03-26,7.9,3.0,15.1,0.0,11.9,1026.9,,0
2022-03-27,7.6,1.0,13.6,0.0,10.9,1027.6,,0
2022-03-28,9.5,4.0,17.1,0.0,6.0,1026.5,,0
2022-03-29,11.8,8.0,15.9,0.0,10.5,1018.0,,0
2022-03-30,11.8,7.0,15.2,0.0,14.8,1013.2,,0
2022-03-31,14.9,12.6,17.0,0.1,25.0,1010.6,,0
2022-04-01,19.5,17.0,21.0,0.0,40.8,1004.0,,0
2022-04-02,16.2,14.8,19.0,2.6,31.7,1006.0,,0
2022-04-03,14.0,11.7,16.0,9.3,25.8,1010.6,,0
2022-04-04,10.6,7.0,15.2,0.0,9.2,1017.9,,0
2022-04-05,10.8,9.0,16.4,0.5,11.7,1012.6,,0
2022-04-06,10.8,4.0,19.8,0.0,8.4,1013.1,,0
2022-04-07,10.8,5.0,16.2,0.8,10.5,1004.6,,0
2022-04-08,13.7,11.6,15.7,0.0,14.4,1007.2,,0
2022-04-09,15.3,10.0,17.8,0.0,19.0,1007.9,,0
2022-04-10,17.3,16.0,18.9,1.2,24.4,1004.9,,0
2022-04-11,8.6,7.0,13.7,4.8,12.4,1013.1,,0
2022-04-12,9.1,3.0,15.2,0.5,7.5,1021.0,,0
2022-04-13,9.8,2.0,17.6,0.0,8.2,1020.3,,0
2022-04-14,11.4,3.0,19.9,0.0,8.7,1021.3,,0
2022-04-15,12.8,4.0,22.0,0.0,9.6,1019.5,,0
2022-04-16,13.0,7.0,22.0,0.0,7.2,1013.7,,0
2022-04-17,11.4,9.0,15.4,0.0,12.7,1007.8,,0
2022-04-18,6.6,5.0,8.0,19.2,20.3,1008.8,,0
2022-04-19,7.8,6.0,12.7,4.1,12.6,1012.7,,0
2022-04-20,9.8,3.0,15.0,0.0,12.6,1015.5,,0
2022-04-21,13.4,10.0,16.7,0.7,10.2,1016.1,,0
2022-04-22,15.5,8.0,22.1,0.0,6.3,1013.9,,0
2022-04-23,15.8,11.0,20.0,0.1,10.6,1008.5,,0
2022-04-24,16.1,9.0,25.1,0.0,6.6,1010.3,,0
2022-04-25,14.4,9.0,17.7,0.0,8.8,1009.3,,0
2022-04-26,17.8,11.0,26.2,0.0,7.8,1010.7,,0
2022-04-27,16.4,11.0,23.8,0.0,10.8,1013.3,,0
2022-04-28,16.9,9.0,25.0,0.0,12.3,1014.1,,0
2022-04-29,16.7,12.0,22.1,0.0,19.7,1016.2,,0
2022-04-30,15.1,13.0,19.1,0.0,17.8,1016.7,,0
2022-05-01,14.9,10.0,20.3,0.0,14.5,1017.3,,0
2022-05-02,14.1,11.8,18.3,0.0,15.1,1012.5,,0
2022-05-03,11.8,10.0,13.4,1.8,10.9,1011.5,,0
2022-05-04,12.8,8.0,18.8,0.0,7.3,1014.2,,0
2022-05-05,13.8,6.0,21.2,0.0,7.6,1017.2,,0
2022-05-06,15.1,7.0,21.7,0.0,10.2,1021.7,,0
2022-05-07,15.1,11.0,20.8,0.0,14.3,1019.9,,0
2022-05-08,14.4,9.0,20.5,0.0,16.0,1018.9,,0
2022-05-09,14.3,8.0,22.0,0.0,15.3,1019.1,,0
2022-05-10,14.6,6.0,22.4,0.0,14.8,1018.2,,0
2022-05-11,14.8,5.0,23.9,0.0,10.2,1018.2,,0
2022-05-12,17.6,9.0,27.2,0.0,8.9,1020.4,,0
2022-05-13,17.6,8.0,27.5,0.0,7.7,1017.5,,0
2022-05-14,15.7,9.0,23.0,0.0,7.7,1015.2,,0
2022-05-15,19.6,10.0,28.6,0.0,7.5,1016.0,,0
2022-05-16,20.9,14.0,28.6,0.0,6.8,1017.5,,0
2022-05-17,20.0,13.0,27.7,0.0,5.2,1015.7,,0
2022-05-18,16.8,11.0,25.8,14.7,9.1,1013.9,,0
2022-05-19,14.5,10.0,20.2,0.8,17.7,1024.6,,0
2022-05-20,16.1,8.0,24.1,0.0,11.4,1023.5,,0
2022-05-21,18.3,8.0,27.3,0.0,7.8,1016.4,,0
2022-05-22,16.5,10.0,20.5,0.0,6.0,1009.5,,0
2022-05-23,21.5,16.0,28.1,0.0,5.8,1008.6,,0
2022-05-24,20.5,14.0,27.2,0.8,6.9,1011.0,,0
2022-05-25,21.3,15.0,28.1,0.0,7.2,1015.2,,0
2022-05-26,20.8,16.0,25.0,,5.2,1017.1,,0
2022-05-27,24.6,18.0,33.1,0.0,8.6,1016.1,,0
2022-05-28,22.6,17.0,28.7,0.0,5.4,1010.5,,0
2022-05-29,23.8,19.0,28.9,0.3,8.2,1006.9,,0
2022-05-30,21.6,18.0,24.0,0.0,11.4,1009.6,,0
2022-05-31,23.4,15.0,31.8,0.0,8.1,1013.6,,0
2022-06-01,23.7,16.0,30.5,0.0,9.5,1013.3,,0
2022-06-02,23.9,17.0,30.8,0.0,10.9,1012.6,,0
2022-06-03,25.1,17.0,32.2,0.0,14.5,1013.5,,0
2022-06-04,25.3,19.0,32.1,0.0,13.8,1014.6,,0
2022-06-05,25.1,19.0,32.2,0.0,10.9,1012.9,,0
2022-06-06,23.3,19.0,28.7,0.0,11.8,1011.7,,0
2022-06-07,20.9,16.0,25.8,0.0,9.1,1012.0,,0
2022-06-08,21.9,15.0,28.2,0.0,8.5,1009.6,,0
2022-06-09,21.5,17.0,25.4,1.6,10.8,1007.8,,0
2022-06-10,23.6,19.0,29.1,0.5,10.2,1006.7,,0
2022-06-11,23.1,20.0,30.1,0.0,8.3,1006.1,,0
2022-06-12,20.7,18.6,22.2,1.0,9.7,1007.5,,0
2022-06-13,23.9,19.0,30.6,1.8,11.7,1009.2,,0
2022-06-14,24.0,17.0,32.4,0.0,9.3,1011.7,,0
2022-06-15,24.1,18.0,29.0,0.0,14.0,1015.6,,0
2022-06-16,23.0,18.0,28.5,0.0,14.3,1016.6,,0
2022-06-17,22.8,16.0,29.0,0.0,14.8,1015.4,,0
2022-06-18,23.1,16.0,29.5,0.0,15.5,1013.7,,0
2022-06-19,23.3,19.0,28.3,0.0,19.4,1015.0,,0
2022-06-20,22.9,17.0,28.8,0.0,14.4,1011.9,,0
2022-06-21,21.7,16.0,25.7,0.0,9.3,1009.4,,0
2022-06-22,23.6,18.0,28.0,0.0,7.0,1009.0,,0
2022-06-23,25.9,20.0,32.5,0.0,9.4,1009.9,,0
2022-06-24,23.4,18.0,29.0,0.0,12.2,1012.0,,0
2022-06-25,22.3,16.0,27.0,0.0,6.8,1012.5,,0
2022-06-26,23.6,18.0,30.0,1.8,9.3,1013.4,,0
2022-06-27,24.1,18.0,31.0,0.0,8.4,1014.8,,0
2022-06-28,24.3,19.0,29.5,1.5,9.2,1013.6,,0
2022-06-29,24.7,19.0,30.6,0.0,9.3,1013.2,,0
2022-06-30,24.9,17.0,31.5,0.0,11.9,1011.5,,0
2022-07-01,26.6,19.0,33.3,0.0,11.9,1012.6,,0
2022-07-02,26.8,20.0,32.9,0.0,15.4,1014.1,,0
2022-07-03,25.5,21.0,31.3,0.0,21.5,1014.4,,0
2022-07-04,24.8,19.0,31.4,0.0,20.4,1013.0,,0
2022-07-05,25.5,20.0,32.0,0.0,17.2,1012.2,,0
2022-07-06,25.2,19.0,32.3,0.0,11.3,1010.5,,0
2022-07-07,25.8,18.0,32.4,0.0,9.9,1011.4,,0
2022-07-08,25.7,22.0,31.2,0.0,12.8,1011.0,,0
2022-07-09,22.2,19.2,28.6,36.1,11.5,1007.3,,0
2022-07-10,22.6,19.0,28.0,8.9,11.3,1008.8,,0
2022-07-11,23.3,17.0,29.9,0.0,9.6,1013.2,,0
2022-07-12,22.9,16.0,29.8,0.0,10.2,1016.0,,0
2022-07-13,23.3,16.0,29.9,0.0,9.1,1016.0,,0
2022-07-14,24.1,18.0,29.7,0.0,15.2,1014.7,,0
2022-07-15,25.6,20.0,31.5,0.0,16.3,1011.4,,0
2022-07-16,25.6,19.0,32.2,0.0,9.1,1013.2,,0
2022-07-17,26.5,19.0,33.7,0.0,11.7,1015.3,,0
2022-07-18,25.5,21.0,29.2,0.0,18.0,1017.6,,0
2022-07-19,23.9,19.0,29.3,0.0,19.2,1017.8,,0
2022-07-20,24.2,19.0,30.1,0.0,20.1,1016.4,,0
2022-07-21,25.4,18.0,34.1,0.0,9.3,1013.8,,0
2022-07-22,26.1,18.0,33.9,0.0,9.4,1013.9,,0
2022-07-23,26.6,17.0,35.1,0.0,8.8,1014.7,,0
2022-07-24,27.1,20.0,35.4,0.0,9.1,1012.4,,0
2022-07-25,26.1,21.0,32.1,0.0,10.5,1010.7,,0
2022-07-26,26.2,20.0,33.5,0.0,12.4,1009.7,,0
2022-07-27,26.2,18.0,35.3,0.0,11.0,1008.3,,0
2022-07-28,26.6,17.0,33.4,0.0,15.9,1009.1,,0
2022-07-29,27.2,23.0,32.6,0.0,23.1,1011.3,,0
2022-07-30,27.2,21.0,33.7,0.0,17.1,1010.6,,0
2022-07-31,26.6,20.0,33.5,0.0,11.6,1008.7,,0
2022-08-01,27.2,22.0,32.9,0.0,10.6,1009.1,,0
2022-08-02,25.5,18.0,31.6,0.0,13.1,1010.4,,0
2022-08-03,26.1,20.0,32.2,0.0,17.8,1011.5,,0
2022-08-04,26.7,22.0,33.0,0.0,17.3,1011.8,,0
2022-08-05,26.9,20.0,33.2,0.0,15.7,1011.0,,0
2022-08-06,27.2,21.0,33.2,0.0,17.1,1008.0,,0
2022-08-07,27.4,23.0,33.3,0.0,18.8,1007.4,,0
2022-08-08,28.0,24.0,33.0,0.0,20.3,1009.2,,0
2022-08-09,28.3,23.0,34.3,0.0,17.2,1009.8,,0
2022-08-10,25.7,21.0,31.1,0.7,16.8,1010.3,,0
2022-08-11,25.6,22.0,31.9,7.4,17.0,1011.8,,0
2022-08-12,25.7,21.0,31.8,0.0,13.6,1011.4,,0
2022-08-13,25.8,20.0,32.0,0.0,12.3,1007.7,,0
2022-08-14,25.3,19.0,32.2,0.0,9.6,1005.0,,0
2022-08-15,22.9,18.8,28.7,33.3,9.4,1006.8,,0
2022-08-16,23.5,18.0,29.0,0.0,11.3,1010.4,,0
2022-08-17,25.5,19.0,32.5,0.0,6.4,1009.3,,0
2022-08-18,27.6,20.0,36.2,0.0,9.5,1009.3,,0
2022-08-19,27.6,21.0,35.3,0.0,9.3,1009.0,,0
2022-08-20,26.6,20.0,33.6,0.0,11.2,1008.2,,0
2022-08-21,26.8,22.0,33.2,0.0,12.6,1004.5,,0
2022-08-22,25.6,22.0,32.3,18.0,10.5,1004.1,,0
2022-08-23,25.6,22.0,30.9,3.0,6.6,1006.9,,0
2022-08-24,23.6,20.0,30.8,6.1,10.2,1008.1,,0
2022-08-25,23.4,19.0,30.3,6.1,7.1,1008.2,,0
2022-08-26,22.8,20.9,27.4,34.8,4.2,1007.1,,0
2022-08-27,24.3,21.0,29.7,4.6,5.9,1009.8,,0
2022-08-28,25.3,19.0,33.0,0.0,9.1,1011.8,,0
2022-08-29,25.6,18.0,32.4,0.0,12.1,1012.0,,0
2022-08-30,26.2,19.0,32.9,0.0,11.1,1011.3,,0
2022-08-31,24.8,22.0,30.8,3.6,9.2,1010.5,,0
2022-09-01,24.8,19.0,31.4,0.0,10.2,1009.9,,0
2022-09-02,25.7,20.0,31.8,0.0,8.1,1009.7,,0
2022-09-03,24.9,21.0,30.0,0.1,7.3,1012.5,,0
2022-09-04,24.1,22.0,28.1,0.0,14.9,1017.0,,0
2022-09-05,22.0,20.0,26.6,0.5,20.4,1018.1,,0
2022-09-06,21.6,18.0,27.2,0.0,20.7,1018.3,,0
2022-09-07,22.0,18.0,27.4,0.0,18.3,1017.1,,0
2022-09-08,21.7,16.0,29.0,0.0,13.6,1016.7,,0
2022-09-09,21.9,15.0,30.2,0.0,8.1,1016.2,,0
2022-09-10,22.4,16.0,28.2,0.0,7.7,1012.8,,0
2022-09-11,23.0,17.0,29.6,0.0,7.7,1009.7,,0
2022-09-12,21.3,18.0,27.2,0.0,13.0,1009.0,,0
2022-09-13,20.7,15.0,27.4,0.0,8.9,1010.9,,0
2022-09-14,20.3,13.0,27.3,0.0,9.6,1014.4,,0
2022-09-15,20.3,13.0,26.4,0.0,13.0,1013.5,,0
2022-09-16,22.2,15.0,27.9,0.0,12.8,1010.0,,0
2022-09-17,23.0,17.0,27.8,0.0,11.8,1005.2,,0
2022-09-18,24.1,20.0,28.3,0.1,14.2,1006.0,,0
2022-09-19,19.3,16.0,25.2,0.0,14.2,1013.2,,0
2022-09-20,18.4,11.0,25.0,0.0,10.7,1012.9,,0
2022-09-21,17.8,14.0,22.4,0.7,13.1,1013.5,,0
2022-09-22,15.3,12.0,21.2,0.0,10.2,1015.1,,0
2022-09-23,15.1,8.0,22.1,0.0,9.5,1016.8,,0
2022-09-24,15.1,7.0,22.8,0.0,8.2,1020.1,,0
2022-09-25,16.0,7.0,24.3,0.0,8.8,1018.9,,0
2022-09-26,16.3,7.0,23.1,0.0,14.3,1014.8,,0
2022-09-27,22.0,19.0,24.7,0.3,25.5,1007.0,,0
2022-09-28,23.5,22.0,24.8,0.2,19.4,1006.2,,0
2022-09-29,23.5,21.0,25.1,0.0,19.7,1009.0,,0
2022-09-30,22.1,18.0,27.7,0.0,11.3,1014.9,,0
2022-10-01,20.2,14.0,26.9,0.0,5.6,1018.6,,0
2022-10-02,23.8,18.0,28.5,3.7,11.0,1011.2,,0
2022-10-03,19.9,13.0,26.1,0.0,10.1,1013.2,,0
2022-10-04,16.9,14.0,22.6,0.5,12.0,1017.2,,0
2022-10-05,16.4,10.0,22.2,0.0,11.9,1024.5,,0
2022-10-06,18.5,14.0,23.5,0.0,18.2,1023.6,,0
2022-10-07,18.2,16.0,23.7,0.0,18.5,1021.3,,0
2022-10-08,17.5,14.0,24.2,0.0,11.2,1018.7,,0
2022-10-09,16.7,10.0,25.1,0.0,7.7,1019.1,,0
2022-10-10,17.1,10.0,23.0,0.0,13.0,1022.2,,0
2022-10-11,18.2,15.0,23.4,0.0,14.3,1019.6,,0
2022-10-12,17.6,14.0,22.9,0.0,12.6,1019.8,,0
2022-10-13,16.9,12.0,23.0,0.0,11.0,1019.9,,0
2022-10-14,17.4,12.0,20.6,0.5,11.9,1014.6,,0
2022-10-15,16.5,16.0,18.2,1.0,21.7,1014.4,,0
2022-10-16,16.7,15.0,19.7,0.0,20.8,1021.4,,0
2022-10-17,16.5,11.0,21.1,0.0,16.0,1027.7,,0
2022-10-18,17.3,15.0,20.0,0.0,22.9,1025.2,,0
2022-10-19,15.3,11.0,20.0,0.0,13.1,1017.4,,0
2022-10-20,15.2,8.0,21.7,0.0,10.3,1019.4,,0
2022-10-21,13.4,8.0,18.9,0.0,12.9,1024.4,,0
2022-10-22,12.2,5.0,20.1,0.0,6.8,1024.1,,0
2022-10-23,13.8,8.0,20.6,0.0,8.6,1021.4,,0
2022-10-24,16.6,10.0,25.1,0.0,7.9,1021.8,,0
2022-10-25,16.2,10.0,23.9,0.0,6.6,1018.7,,0
2022-10-26,16.9,10.0,25.1,0.0,8.1,1018.9,,0
2022-10-27,16.7,12.0,23.0,0.0,9.5,1024.4,,0
2022-10-28,16.4,12.0,21.2,0.0,15.7,1025.6,,0
2022-10-29,15.4,11.0,20.6,0.0,14.4,1023.4,,0
2022-10-30,13.8,9.0,20.3,0.0,12.8,1020.0,,0
2022-10-31,14.6,8.0,22.9,0.0,10.1,1018.8,,0
2022-11-01,15.2,10.0,22.0,0.0,9.8,1021.9,,0
2022-11-02,14.7,9.0,22.3,0.0,5.8,1020.3,,0
2022-11-03,15.2,9.0,22.5,0.0,8.9,1018.6,,0
2022-11-04,15.1,10.0,20.6,0.0,6.9,1016.0,,0
2022-11-05,14.7,8.0,22.6,0.0,7.7,1013.5,,0
2022-11-06,15.9,12.0,22.4,0.0,7.4,1013.1,,0
2022-11-07,14.9,11.0,20.2,0.0,12.3,1016.4,,0
2022-11-08,12.6,7.0,18.3,0.0,11.4,1020.2,,0
2022-11-09,12.4,7.0,17.2,0.0,8.8,1021.9,,0
2022-11-10,10.7,6.0,18.3,0.0,8.8,1023.0,,0
2022-11-11,12.5,4.0,18.5,0.0,10.1,1025.9,,0
2022-11-12,14.7,13.0,18.7,1.1,16.2,1025.6,,0
2022-11-13,14.3,10.0,18.7,0.0,11.1,1027.7,,0
2022-11-14,12.6,8.0,17.5,0.0,10.6,1024.2,,0
2022-11-15,11.9,8.0,17.0,0.0,13.3,1019.0,,0
2022-11-16,11.1,5.0,16.4,0.0,13.0,1011.9,,0
2022-11-17,18.0,16.0,20.0,0.1,29.9,1006.3,,0
2022-11-18,19.6,18.2,21.0,1.0,26.3,1006.3,,0
2022-11-19,20.6,19.5,22.0,0.1,27.9,1011.8,,0
2022-11-20,21.0,19.7,22.1,0.0,34.4,1013.5,,0
2022-11-21,19.6,17.0,22.0,13.7,41.2,1007.4,,0
2022-11-22,16.9,15.0,18.0,0.0,17.8,1011.0,,0
2022-11-23,15.9,14.6,18.0,13.7,23.9,1006.1,,0
2022-11-24,13.3,10.0,18.1,12.2,7.7,1006.7,,0
2022-11-25,8.5,5.0,13.4,3.8,9.7,1014.5,,0
2022-11-26,8.3,4.0,14.4,0.5,8.8,1022.8,,0
2022-11-27,9.6,6.0,11.4,0.0,15.1,1023.2,,0
2022-11-28,9.6,8.0,11.0,7.6,18.0,1017.1,,0
2022-11-29,9.8,8.0,11.2,0.8,17.5,1014.9,,0
2022-11-30,12.4,8.0,16.5,0.9,12.2,1014.5,,0
2022-12-01,13.4,12.0,15.0,4.9,11.4,1014.6,,0
2022-12-02,11.2,10.6,12.0,17.7,8.5,1019.3,,0
2022-12-03,11.6,11.0,12.7,0.0,13.6,1024.4,,0
2022-12-04,10.4,10.0,12.0,0.0,16.9,1025.7,,0
2022-12-05,10.6,9.7,11.4,0.0,10.5,1025.2,,0
2022-12-06,11.1,7.0,14.2,0.0,8.9,1021.2,,0
2022-12-07,10.4,7.0,15.5,0.0,4.4,1017.0,,0
2022-12-08,13.1,8.0,16.3,0.0,7.2,1016.9,,0
2022-12-09,16.6,14.7,18.1,1.8,19.7,1017.0,,0
2022-12-10,17.7,16.7,19.0,1.2,28.2,1011.4,,0
2022-12-11,18.2,16.7,19.0,8.6,36.9,1001.3,,0
2022-12-12,16.4,14.7,17.7,1.3,19.0,1005.2,,0
2022-12-13,11.3,7.0,17.0,17.3,17.6,1009.4,,0
2022-12-14,8.8,6.0,12.8,0.0,11.4,1013.8,,0
2022-12-15,14.5,6.0,18.3,0.3,18.9,1011.9,,0
2022-12-16,17.4,15.7,19.2,0.0,18.7,1017.6,,0
2022-12-17,18.2,16.1,19.3,0.0,16.6,1018.5,,0
2022-12-18,13.9,10.0,19.0,3.4,10.1,1024.0,,0
2022-12-19,7.3,5.0,10.0,1.0,27.2,1033.1,,0
2022-12-20,5.3,3.0,8.0,0.1,24.2,1031.0,,0
2022-12-21,8.2,1.0,11.7,0.0,15.8,1023.1,,0
2022-12-22,5.3,0.0,12.8,0.0,6.1,1018.4,,0
2022-12-23,7.1,3.0,12.9,0.0,5.0,1015.9,,0
2022-12-24,7.6,3.0,14.0,0.0,5.1,1016.1,,0
2022-12-25,9.3,5.0,16.7,0.0,5.7,1021.0,,0
2022-12-26,6.8,2.0,15.7,0.0,6.7,1027.4,,0
2022-12-27,8.4,3.0,15.1,0.0,6.6,1025.1,,0
2022-12-28,9.3,5.0,15.6,0.4,9.5,1026.2,,0
2022-12-29,7.8,5.0,13.2,0.0,7.0,1026.7,,0
2022-12-30,7.9,2.0,14.3,0.0,7.2,1027.2,,0
2022-12-31,10.3,7.0,16.1,0.0,4.8,1029.0,,0
2023-01-01,6.9,4.0,12.3,0.0,9.3,1031.2,,0
2023-01-02,4.9,1.0,12.3,0.0,7.5,1030.2,,0
2023-01-03,5.9,0.0,13.2,0.0,6.9,1027.3,,0
2023-01-04,9.6,5.0,13.3,0.0,10.8,1025.5,,0
2023-01-05,9.1,6.0,14.1,0.0,8.6,1021.6,,0
2023-01-06,9.2,5.0,16.7,0.2,5.2,1020.5,,0
2023-01-07,8.0,3.0,15.5,0.0,8.0,1023.6,,0
2023-01-08,6.4,1.0,13.0,0.0,10.0,1021.8,,0
2023-01-09,6.9,1.0,13.4,0.0,8.1,1019.5,,0
2023-01-10,13.5,11.6,16.0,20.7,28.1,1010.3,,0
2023-01-11,11.6,9.0,13.5,7.4,8.3,1011.2,,0
2023-01-12,8.5,6.0,11.1,0.0,9.5,1016.2,,0
2023-01-13,8.4,8.0,9.0,0.0,14.0,1018.3,,0
2023-01-14,9.3,8.0,10.7,0.0,13.9,1018.4,,0
2023-01-15,9.1,6.0,10.5,0.1,12.3,1019.4,,0
2023-01-16,7.8,2.0,12.8,0.0,9.3,1015.0,,0
2023-01-17,15.2,13.0,17.0,0.2,36.0,1009.3,,0
2023-01-18,17.1,16.5,18.1,0.0,42.4,1010.5,,0
2023-01-19,17.1,16.0,18.5,0.0,37.0,1014.1,,0
2023-01-20,14.7,12.0,17.0,2.8,25.8,1010.0,,0
2023-01-21,13.8,12.0,15.9,1.2,18.7,1014.5,,0
2023-01-22,12.6,9.0,16.1,0.0,10.5,1019.7,,0
2023-01-23,10.1,6.0,14.4,0.0,11.5,1023.9,,0
2023-01-24,8.9,7.0,10.2,0.0,18.0,1026.9,,0
2023-01-25,5.8,4.9,7.0,0.0,19.3,1026.7,,0
2023-01-26,8.8,5.0,13.0,2.7,12.8,1015.3,,0
2023-01-27,10.1,8.0,12.2,21.8,10.0,1005.4,,0
2023-01-28,7.2,6.0,9.7,3.3,10.3,1010.8,,0
2023-01-29,5.8,4.0,8.2,0.0,12.3,1018.4,,0
2023-01-30,4.7,1.0,7.2,0.0,8.9,1016.8,,0
2023-01-31,3.8,1.0,7.5,0.0,7.2,1012.8,,0
2023-02-01,5.1,-1.0,9.6,0.0,8.9,1018.3,,0
2023-02-02,7.5,1.0,12.8,0.2,11.5,1018.3,,0
2023-02-03,6.4,2.0,9.7,0.9,7.3,1020.5,,0
2023-02-04,6.9,1.0,11.1,3.5,14.8,1013.8,,0
2023-02-05,2.6,0.0,6.0,0.0,21.8,1014.8,,0
2023-02-06,0.1,-1.8,2.0,8.8,26.4,1022.2,,0
2023-02-07,0.8,0.0,3.1,0.0,23.8,1029.9,,0
2023-02-08,0.9,-2.0,3.6,0.0,17.1,1034.9,,0
2023-02-09,1.7,0.0,4.0,0.0,18.9,1036.0,,0
2023-02-10,3.2,0.0,6.6,0.0,16.3,1034.3,,0
2023-02-11,2.1,-1.0,7.7,0.0,13.2,1032.2,,0
2023-02-12,2.3,-4.0,9.5,0.0,8.7,1028.2,,0
2023-02-13,5.5,1.0,9.1,0.0,15.9,1034.3,,0
2023-02-14,3.3,-3.0,11.6,0.0,8.2,1028.7,,0
2023-02-15,4.8,-1.0,10.0,0.0,9.9,1029.5,,0
2023-02-16,4.5,-2.0,12.1,0.0,6.6,1030.9,,0
2023-02-17,6.2,-1.0,12.2,0.0,11.4,1027.8,,0
2023-02-18,12.2,11.0,13.2,0.0,20.0,1024.4,,0
2023-02-19,12.7,11.0,14.6,0.0,20.5,1020.2,,0
2023-02-20,12.6,7.0,15.1,0.0,11.7,1019.9,,0
2023-02-21,9.3,3.0,14.1,0.0,11.3,1019.1,,0
2023-02-22,10.4,4.0,15.7,0.0,6.6,1015.8,,0
2023-02-23,10.2,5.0,17.1,0.0,8.3,1016.3,,0
2023-02-24,9.3,4.0,14.4,0.0,8.7,1016.2,,0
2023-02-25,12.4,5.0,16.2,0.0,20.0,1012.4,,0
2023-02-26,15.9,14.6,17.2,0.0,34.5,1011.7,,0
2023-02-27,16.6,14.0,18.4,0.0,25.3,1016.1,,0
2023-02-28,11.4,10.5,13.5,0.6,10.3,1021.0,,0
2023-03-01,10.1,9.0,12.1,0.2,20.2,1018.3,,0
2023-03-02,9.0,8.0,10.5,0.0,18.5,1018.2,,0
2023-03-03,8.7,5.0,10.4,1.0,12.1,1016.1,,0
2023-03-04,7.2,3.0,10.0,3.4,5.9,1016.4,,0
2023-03-05,9.9,8.7,11.3,12.0,5.2,1009.5,,0
2023-03-06,9.7,5.0,13.1,1.3,9.0,1012.2,,0
2023-03-07,12.5,10.0,13.9,0.0,15.6,1011.2,,0
2023-03-08,13.0,11.0,14.7,1.8,13.3,1010.9,,0
2023-03-09,13.2,11.5,14.7,0.0,17.6,1011.5,,0
2023-03-10,15.5,14.0,17.8,0.0,24.7,1008.9,,0
2023-03-11,15.3,11.8,17.0,18.1,27.8,1000.3,,0
2023-03-12,10.9,8.0,16.0,7.2,15.4,1007.8,,0
2023-03-13,7.9,6.0,12.1,0.0,19.3,1018.5,,0
2023-03-14,7.4,3.0,13.2,0.0,14.8,1015.9,,0
2023-03-15,8.3,0.0,14.8,5.3,11.4,1006.3,,0
2023-03-16,10.2,8.0,14.0,14.0,10.1,1007.0,,0
2023-03-17,6.7,6.0,8.4,12.2,19.2,1016.9,,0
2023-03-18,7.4,4.0,10.9,0.0,11.5,1019.5,,0
2023-03-19,8.3,6.0,13.2,0.3,11.0,1020.5,,0
2023-03-20,9.7,2.0,17.0,0.0,7.4,1019.5,,0
2023-03-21,10.7,5.0,17.8,0.0,6.8,1013.8,,0
2023-03-22,10.9,9.0,14.0,0.0,10.6,1012.2,,0
2023-03-23,10.7,8.0,15.6,0.3,10.1,1016.2,,0
2023-03-24,9.8,3.0,16.9,0.0,8.4,1016.9,,0
2023-03-25,9.7,4.0,15.3,0.0,8.2,1011.9,,0
2023-03-26,12.7,8.0,19.6,0.0,6.5,1009.4,,0
2023-03-27,13.2,7.0,20.2,6.9,19.5,1004.6,,0
2023-03-28,11.2,7.9,16.0,9.8,11.6,1005.9,,0
2023-03-29,7.6,3.0,10.2,0.1,13.8,1021.3,,0
2023-03-30,7.4,0.0,14.8,0.0,7.8,1023.6,,0
2023-03-31,10.6,4.0,15.1,0.0,14.8,1016.2,,0
2023-04-01,16.3,14.0,18.7,0.2,29.0,1007.2,,0
2023-04-02,15.0,13.0,17.0,2.5,15.8,1008.1,,0
2023-04-03,14.1,11.0,17.6,6.4,7.7,1007.0,,0
2023-04-04,13.3,10.0,18.1,8.6,11.8,1002.6,,0
2023-04-05,10.1,7.0,12.0,6.6,9.6,1010.5,,0
2023-04-06,8.9,6.0,12.0,6.8,7.7,1011.4,,0
2023-04-07,10.3,6.0,16.0,3.8,8.6,1014.8,,0
2023-04-08,10.0,4.0,15.7,0.3,9.4,1018.2,,0
2023-04-09,11.1,6.0,16.7,0.0,12.7,1017.1,,0
2023-04-10,10.1,9.0,12.1,2.4,17.7,1013.2,,0
2023-04-11,10.5,9.0,12.6,1.8,9.0,1009.2,,0
2023-04-12,12.3,8.0,15.2,1.3,9.1,1005.3,,0
2023-04-13,11.5,5.0,17.0,0.0,11.7,1010.6,,0
2023-04-14,17.2,14.0,20.6,0.0,25.3,1010.3,,0
2023-04-15,16.5,14.5,18.0,9.3,20.7,1011.7,,0
2023-04-16,15.1,13.0,19.4,4.4,5.6,1011.4,,0
2023-04-17,14.4,11.0,19.0,3.6,5.0,1009.9,,0
2023-04-18,12.4,9.0,16.7,3.8,7.9,1010.0,,0
2023-04-19,12.5,9.0,16.2,5.1,5.1,1010.7,,0
2023-04-20,12.4,7.0,16.8,0.1,7.3,1011.8,,0
2023-04-21,13.0,8.0,17.2,0.0,8.9,1011.6,,0
2023-04-22,13.7,9.0,20.0,6.6,8.7,1013.0,,0
2023-04-23,12.6,9.0,18.5,0.0,11.4,1015.4,,0
2023-04-24,12.4,5.0,19.7,0.0,8.1,1014.4,,0
2023-04-25,14.8,9.0,18.6,0.1,15.3,1008.6,,0
2023-04-26,16.1,12.0,18.2,4.2,15.8,1005.3,,0
2023-04-27,10.9,9.0,15.1,4.3,11.7,1011.8,,0
2023-04-28,10.1,5.0,16.9,0.5,8.9,1018.3,,0
2023-04-29,11.6,3.0,18.1,0.0,8.3,1016.6,,0
2023-04-30,12.3,6.0,17.5,0.1,9.5,1014.4,,0
2023-05-01,14.9,6.0,23.6,0.0,10.0,1016.9,,0
2023-05-02,15.2,7.0,20.6,0.0,13.6,1019.4,,0
2023-05-03,16.0,13.0,20.2,3.7,10.9,1018.9,,0
2023-05-04,16.7,13.0,21.5,11.0,10.0,1017.5,,0
2023-05-05,14.7,12.0,17.5,3.3,13.7,1015.2,,0
2023-05-06,15.7,12.0,19.2,0.7,17.1,1013.0,,0
2023-05-07,16.8,11.0,22.9,0.0,11.5,1016.6,,0
2023-05-08,15.3,8.0,22.2,0.0,8.8,1017.5,,0
2023-05-09,14.4,11.0,17.7,0.0,15.6,1017.7,,0
2023-05-10,13.8,11.0,17.5,0.4,17.6,1017.6,,0
2023-05-11,13.4,10.0,15.7,0.0,16.8,1017.6,,0
2023-05-12,13.3,10.0,16.3,0.0,17.1,1018.2,,0
2023-05-13,13.9,6.0,20.6,0.0,9.4,1021.7,,0
2023-05-14,14.5,8.0,20.1,0.0,9.6,1021.4,,0
2023-05-15,18.3,12.0,26.3,0.0,7.4,1014.9,,0
2023-05-16,18.4,14.0,23.2,1.3,9.7,1010.1,,0
2023-05-17,18.6,15.0,22.8,4.7,8.3,1007.6,,0
2023-05-18,16.3,14.0,19.1,4.0,9.3,1010.6,,0
2023-05-19,16.9,12.0,24.2,0.9,5.5,1014.4,,0
2023-05-20,17.3,11.0,22.8,0.6,10.4,1014.1,,0
2023-05-21,17.2,12.0,23.2,0.9,12.2,1009.2,,0
2023-05-22,17.8,13.0,23.5,0.0,14.7,1009.2,,0
2023-05-23,17.6,11.0,22.5,0.3,11.7,1011.3,,0
2023-05-24,18.1,13.0,24.0,1.2,9.5,1013.0,,0
2023-05-25,18.6,11.0,26.1,0.0,12.2,1013.8,,0
2023-05-26,19.1,13.0,26.0,0.0,15.9,1012.9,,0
2023-05-27,19.3,13.0,25.0,0.0,16.4,1011.1,,0
2023-05-28,18.8,16.0,21.0,0.3,19.5,1009.4,,0
2023-05-29,19.6,17.0,24.0,1.1,16.0,1010.1,,0
2023-05-30,21.0,17.0,26.0,2.2,10.8,1012.8,,0
2023-05-31,20.8,15.0,28.1,0.0,13.1,1014.9,,0
2023-06-01,20.5,12.0,28.0,0.0,15.1,1013.8,,0
2023-06-02,20.8,12.0,26.8,0.0,15.1,1010.6,,0
2023-06-03,19.9,17.0,24.0,0.9,11.7,1012.0,,0
2023-06-04,20.4,14.0,26.9,0.1,16.2,1017.0,,0
2023-06-05,20.1,13.0,26.3,0.0,18.6,1018.3,,0
2023-06-06,20.4,14.0,27.0,0.0,20.8,1016.5,,0
2023-06-07,21.3,15.0,27.5,0.0,18.5,1014.4,,0
2023-06-08,21.7,16.0,28.6,0.0,20.2,1012.1,,0
2023-06-09,21.5,15.0,28.7,0.0,15.3,1010.8,,0
2023-06-10,22.3,14.0,30.0,0.0,11.8,1008.6,,0
2023-06-11,23.3,19.0,29.5,0.5,10.2,1007.2,,0
2023-06-12,22.6,16.0,29.0,0.0,16.3,1008.1,,0
2023-06-13,21.7,17.0,26.1,0.0,19.9,1008.9,,0
2023-06-14,21.9,15.0,28.7,0.0,12.9,1011.6,,0
2023-06-15,22.3,15.0,27.0,0.0,14.3,1011.6,,0
2023-06-16,22.4,18.0,26.0,4.0,13.4,1005.9,,0
2023-06-17,20.8,18.0,24.0,16.0,11.3,1004.6,,0
2023-06-18,21.5,19.0,27.0,5.3,12.4,1009.5,,0
2023-06-19,22.6,16.0,29.0,0.0,9.3,1013.2,,0
2023-06-20,22.8,18.0,31.0,0.0,10.1,1015.1,,0
2023-06-21,23.3,14.0,31.1,1.5,11.9,1016.0,,0
2023-06-22,25.1,17.0,32.3,0.0,12.9,1016.9,,0
2023-06-23,24.5,18.0,30.9,0.0,15.7,1015.7,,0
2023-06-24,24.6,16.0,32.1,0.0,14.9,1013.1,,0
2023-06-25,24.4,16.0,33.1,0.0,12.7,1010.4,,0
2023-06-26,24.4,18.0,30.7,0.6,14.4,1009.2,,0
2023-06-27,25.2,19.0,31.2,0.0,14.6,1010.9,,0
2023-06-28,25.2,17.0,33.0,0.0,9.2,1010.4,,0
2023-06-29,21.8,19.0,25.0,0.3,19.8,1013.1,,0
2023-06-30,22.5,15.0,30.0,0.0,9.6,1013.6,,0
2023-07-01,23.6,15.0,31.0,0.0,10.6,1010.3,,0
2023-07-02,24.2,16.0,32.0,0.0,9.9,1007.8,,0
2023-07-03,25.8,19.0,33.0,0.6,12.1,1009.4,,0
2023-07-04,26.7,19.0,33.5,0.0,15.0,1011.5,,0
2023-07-05,27.0,20.0,34.1,0.0,19.1,1009.6,,0
2023-07-06,27.6,23.0,35.0,0.0,22.2,1008.7,,0
2023-07-07,26.8,20.0,35.5,0.7,12.5,1011.5,,0
2023-07-08,25.4,20.0,32.0,0.1,13.5,1013.8,,0
2023-07-09,24.3,18.0,30.9,0.0,11.7,1016.6,,0
2023-07-10,25.2,16.0,33.4,0.0,12.1,1017.2,,0
2023-07-11,26.6,18.0,33.5,0.0,8.6,1016.5,,0
2023-07-12,27.3,20.0,36.0,0.0,7.9,1016.3,,0
2023-07-13,28.7,21.0,37.0,0.0,7.6,1015.1,,0
2023-07-14,30.0,22.0,39.0,0.0,8.8,1012.6,,0
2023-07-15,29.2,25.0,34.0,0.0,19.9,1013.7,,0
2023-07-16,27.3,22.0,34.1,0.0,19.8,1015.0,,0
2023-07-17,27.1,21.0,34.4,0.0,20.2,1014.9,,0
2023-07-18,27.4,21.0,33.7,0.0,16.9,1013.0,,0
2023-07-19,27.9,22.0,35.7,0.0,13.4,1011.1,,0
2023-07-20,29.0,20.0,37.1,0.0,9.5,1008.1,,0
2023-07-21,29.6,22.0,37.3,0.0,14.7,1010.5,,0
2023-07-22,29.6,22.0,37.1,0.0,8.8,1013.2,,0
2023-07-23,31.2,22.0,39.2,0.0,8.9,1012.7,,0
2023-07-24,27.6,24.0,33.7,0.0,16.3,1013.8,,0
2023-07-25,28.1,20.0,36.0,0.0,6.6,1010.3,,0
2023-07-26,28.6,20.0,35.0,0.0,11.6,1003.8,,0
2023-07-27,26.1,21.0,32.7,0.0,15.6,1005.5,,0
2023-07-28,23.9,18.0,31.1,0.0,12.5,1013.9,,0
2023-07-29,25.3,17.0,32.6,0.0,13.5,1011.4,,0
2023-07-30,25.8,20.0,33.2,0.0,14.4,1010.1,,0
2023-07-31,25.8,17.0,32.5,0.0,16.1,1007.7,,0
2023-08-01,25.9,20.0,32.7,0.0,14.2,1008.3,,0
2023-08-02,26.8,19.0,34.0,0.0,8.7,1008.3,,0
2023-08-03,28.2,21.0,36.0,0.0,6.2,1009.3,,0
2023-08-04,29.7,21.0,37.1,0.0,16.2,1008.4,,0
2023-08-05,28.1,20.0,36.6,0.0,12.6,1005.4,,0
2023-08-06,27.5,23.0,31.0,0.2,19.0,1003.0,,0
2023-08-07,27.2,21.0,32.0,0.0,10.3,1007.7,,0
2023-08-08,25.7,20.0,31.5,0.0,18.8,1010.2,,0
2023-08-09,24.4,21.0,29.8,0.0,23.7,1013.7,,0
2023-08-10,24.8,21.0,30.0,0.0,16.7,1013.3,,0
2023-08-11,24.8,20.0,30.0,0.0,16.9,1016.2,,0
2023-08-12,25.9,20.0,31.0,0.0,28.5,1014.7,,0
2023-08-13,25.6,23.0,29.0,0.0,33.5,1013.3,,0
2023-08-14,26.5,25.0,30.0,0.0,26.2,1012.9,,0
2023-08-15,27.3,24.0,31.6,0.0,17.6,1012.0,,0
2023-08-16,27.3,23.0,32.5,0.0,15.2,1011.0,,0
2023-08-17,28.5,25.0,34.0,0.0,27.6,1009.2,,0
2023-08-18,28.3,24.0,34.0,0.0,26.7,1009.5,,0
2023-08-19,28.0,25.0,33.0,0.0,29.5,1010.0,,0
2023-08-20,28.9,25.0,34.0,0.0,29.1,1010.6,,0
2023-08-21,29.3,23.0,36.6,0.0,23.5,1011.6,,0
2023-08-22,30.4,25.0,37.0,0.0,24.4,1011.8,,0
2023-08-23,28.7,22.0,35.0,0.0,21.2,1012.3,,0
2023-08-24,27.9,22.0,34.2,0.0,20.5,1012.0,,0
2023-08-25,27.7,23.0,34.0,0.0,20.0,1011.6,,0
2023-08-26,28.1,23.0,35.2,0.0,22.8,1010.1,,0
2023-08-27,26.6,22.0,31.2,0.0,20.7,1009.1,,0
2023-08-28,25.8,20.0,32.0,0.0,14.9,1008.4,,0
2023-08-29,25.2,18.0,31.2,0.0,11.7,1005.3,,0
2023-08-30,24.7,19.0,30.0,0.0,12.1,1005.5,,0
2023-08-31,25.1,19.0,29.0,0.0,13.9,1010.6,,0
2023-09-01,24.4,18.0,30.6,0.2,11.8,1014.5,,0
2023-09-02,26.9,23.0,32.0,0.0,18.9,1015.4,,0
2023-09-03,26.1,22.0,31.2,0.0,20.6,1015.2,,0
2023-09-04,24.4,19.0,29.0,0.8,21.3,1009.6,,0
2023-09-05,23.8,22.0,27.5,5.5,25.7,1010.0,,0
2023-09-06,25.1,23.0,29.1,2.8,27.1,1014.2,,0
2023-09-07,25.8,22.0,30.0,0.0,28.9,1015.0,,0
2023-09-08,25.2,21.0,30.0,0.0,31.5,1014.2,,0
2023-09-09,24.6,21.0,29.0,0.0,29.3,1013.9,,0
2023-09-10,23.8,20.0,29.0,0.0,29.5,1014.2,,0
2023-09-11,23.0,19.0,27.2,0.0,27.8,1014.1,,0
2023-09-12,22.7,18.0,29.0,0.0,19.7,1015.6,,0
2023-09-13,21.4,13.0,29.0,0.0,11.5,1016.8,,0
2023-09-14,21.8,14.0,30.0,0.0,10.5,1015.7,,0
2023-09-15,23.0,15.0,31.2,0.0,12.5,1015.8,,0
2023-09-16,23.4,17.0,30.0,0.0,15.9,1017.2,,0
2023-09-17,24.2,19.0,30.0,0.0,24.1,1017.2,,0
2023-09-18,23.0,19.0,28.0,0.0,28.0,1016.4,,0
2023-09-19,22.6,18.0,28.0,0.0,21.9,1015.2,,0
2023-09-20,21.3,14.0,29.0,0.0,12.1,1016.0,,0
2023-09-21,21.7,14.0,29.0,0.0,10.7,1015.9,,0
2023-09-22,22.8,16.0,30.0,0.0,7.2,1016.3,,0
2023-09-23,24.0,17.0,33.0,0.0,6.9,1015.5,,0
2023-09-24,25.3,16.0,33.0,0.0,11.4,1012.6,,0
2023-09-25,24.1,20.0,28.0,0.0,23.7,1012.8,,0
2023-09-26,24.3,22.0,29.0,0.0,28.5,1012.7,,0
2023-09-27,23.8,22.0,27.5,3.0,26.6,1013.0,,0
2023-09-28,21.4,19.0,24.0,26.1,17.6,1014.9,,0
2023-09-29,21.3,16.0,27.0,0.0,9.7,1017.0,,0
2023-09-30,20.5,15.0,27.0,0.0,11.9,1015.6,,0
2023-10-01,21.0,15.0,28.0,0.0,11.6,1015.4,,0
2023-10-02,20.8,14.0,26.0,0.0,15.1,1019.5,,0
2023-10-03,20.0,16.0,25.0,0.0,18.9,1023.2,,0
2023-10-04,17.8,11.0,24.2,0.0,9.5,1022.4,,0
2023-10-05,17.8,11.0,25.0,0.0,14.5,1021.7,,0
2023-10-06,18.9,12.0,25.0,0.0,12.6,1020.4,,0
2023-10-07,21.0,16.0,26.0,0.0,17.4,1020.8,,0
2023-10-08,18.4,11.0,26.0,0.0,9.9,1017.1,,0
2023-10-09,17.8,13.0,22.2,0.0,15.2,1020.4,,0
2023-10-10,17.4,10.0,25.0,0.0,10.1,1019.1,,0
2023-10-11,18.2,14.0,22.0,0.0,22.0,1023.0,,0
2023-10-12,18.2,12.0,23.0,0.0,16.7,1021.6,,0
2023-10-13,17.4,10.0,26.0,0.0,9.4,1020.1,,0
2023-10-14,18.4,12.0,25.1,0.0,12.6,1016.0,,0
2023-10-15,17.0,11.0,23.0,0.0,11.2,1011.6,,0
2023-10-16,15.2,12.0,21.0,0.0,17.2,1014.7,,0
2023-10-17,16.5,13.0,20.5,0.0,15.0,1018.7,,0
2023-10-18,15.2,12.0,18.0,2.5,11.9,1016.7,,0
2023-10-19,14.4,8.0,22.0,0.0,8.1,1016.9,,0
2023-10-20,17.3,10.0,23.0,0.0,15.8,1014.5,,0
2023-10-21,19.1,13.0,26.0,0.0,10.0,1016.6,,0
2023-10-22,17.9,12.0,25.0,0.0,7.6,1017.3,,0
2023-10-23,18.6,13.0,25.0,0.0,7.4,1016.9,,0
2023-10-24,18.4,14.0,24.0,0.0,7.6,1016.2,,0
2023-10-25,18.8,12.0,25.0,0.0,13.4,1012.0,,0
2023-10-26,22.7,21.0,26.0,0.0,17.8,1009.2,,0
2023-10-27,22.8,20.0,27.0,0.0,22.7,1007.9,,0
2023-10-28,22.7,20.0,27.0,0.0,19.0,1010.1,,0
2023-10-29,20.6,16.0,26.0,0.9,6.9,1015.3,,0
2023-10-30,18.9,14.0,24.0,0.0,11.7,1017.9,,0
2023-10-31,17.6,13.0,23.0,0.0,8.6,1016.4,,0
2023-11-01,20.6,15.0,25.0,0.3,12.9,1013.6,,0
2023-11-02,17.6,13.0,24.0,6.7,7.9,1010.3,,0
2023-11-03,18.6,11.0,25.0,0.0,17.6,1008.0,,0
2023-11-04,23.7,16.0,29.0,21.4,31.7,1002.8,,0
2023-11-05,20.1,17.0,23.0,0.0,21.2,1008.7,,0
2023-11-06,21.1,15.0,25.0,0.0,18.3,1013.4,,0
2023-11-07,18.1,14.0,25.0,0.0,6.0,1019.9,,0
2023-11-08,17.9,13.0,23.0,0.0,11.1,1017.2,,0
2023-11-09,15.6,11.0,19.0,13.9,15.1,1019.1,,0
2023-11-10,13.4,7.0,19.0,4.3,7.5,1017.6,,0
2023-11-11,20.3,17.0,24.0,15.9,31.2,1008.2,,0
2023-11-12,17.7,13.0,21.0,0.0,8.8,1012.5,,0
2023-11-13,14.6,10.0,19.0,28.2,10.6,1013.8,,0
2023-11-14,11.8,7.0,19.0,0.0,7.4,1018.1,,0
2023-11-15,15.1,8.0,22.0,0.0,15.3,1011.9,,0
2023-11-16,14.2,8.0,18.1,14.3,13.1,1017.5,,0
2023-11-17,11.9,6.0,18.0,0.0,12.3,1014.9,,0
2023-11-18,12.0,7.0,19.0,14.5,17.3,1005.3,,0
2023-11-19,8.8,6.0,13.8,5.1,10.9,1013.6,,0
2023-11-20,10.3,4.0,17.0,0.0,12.3,1015.1,,0
2023-11-21,13.4,8.0,19.0,0.0,10.6,1014.6,,0
2023-11-22,18.6,17.0,21.0,0.0,17.3,1012.1,,0
2023-11-23,15.2,12.0,19.0,5.3,13.3,1018.2,,0
2023-11-24,15.5,12.0,18.1,2.2,13.0,1008.5,,0
2023-11-25,17.7,16.0,19.0,1.2,29.2,991.4,,0
2023-11-26,9.1,3.0,18.0,25.7,21.4,996.0,,0
2023-11-27,4.8,2.0,10.4,8.6,8.5,1017.1,,0
2023-11-28,11.1,3.0,19.0,8.1,33.0,1008.8,,0
2023-11-29,19.1,14.0,21.0,47.5,36.4,1004.4,,0
2023-11-30,12.7,10.0,16.7,10.4,9.5,1015.8,,0
2023-12-01,17.1,10.0,20.0,0.0,24.1,1016.1,,0
2023-12-02,19.3,18.0,22.0,0.0,29.8,1013.1,,0
2023-12-03,19.8,19.0,22.0,0.0,29.4,1012.7,,0
2023-12-04,11.2,8.0,19.0,24.6,25.3,1019.2,,0
2023-12-05,11.1,9.0,13.0,0.0,15.8,1018.4,,0
2023-12-06,11.5,10.0,14.0,7.0,14.4,1010.7,,0
2023-12-07,11.3,10.0,13.7,5.6,10.0,1012.4,,0
2023-12-08,7.5,5.0,11.0,5.8,25.6,1012.6,,0
2023-12-09,4.3,3.0,5.1,0.9,18.2,1016.8,,0
2023-12-10,6.0,1.0,11.1,0.0,5.2,1017.4,,0
2023-12-11,8.5,5.0,13.4,0.0,10.0,1016.1,,0
2023-12-12,9.1,4.0,16.0,0.0,4.9,1015.4,,0
2023-12-13,10.9,5.0,17.0,0.0,11.7,1014.5,,0
2023-12-14,18.2,16.0,21.0,0.0,27.6,1010.3,,0
2023-12-15,15.8,10.6,21.0,34.8,23.1,1014.7,,0
2023-12-16,8.2,6.0,11.0,37.4,37.5,1023.2,,0
2023-12-17,5.9,5.0,9.4,15.0,27.2,1035.6,,0
2023-12-18,6.8,3.0,11.2,0.0,11.3,1032.2,,0
2023-12-19,6.4,1.0,13.2,0.0,10.9,1025.6,,0
2023-12-20,9.1,2.0,16.0,0.4,10.5,1016.1,,0
2023-12-21,12.6,9.0,15.0,0.9,8.8,1007.1,,0
2023-12-22,10.2,5.0,15.0,1.9,9.5,1000.7,,0
2023-12-23,12.0,5.0,17.0,0.0,17.5,1005.9,,0
2023-12-24,14.4,9.0,18.0,0.0,10.6,1012.7,,0
2023-12-25,14.7,8.0,19.0,0.0,17.2,1016.8,,0
2023-12-26,15.5,10.0,19.0,0.0,15.5,1020.2,,0
2023-12-27,15.3,11.0,19.0,0.0,8.7,1021.9,,0
2023-12-28,10.5,7.0,17.0,0.0,9.0,1026.9,,0
2023-12-29,9.4,3.0,16.0,0.0,6.5,1022.6,,0
2023-12-30,12.8,9.0,17.0,0.0,7.0,1020.0,,0
2023-12-31,11.8,8.0,17.0,0.1,6.7,1019.8,,0
2024-01-01,13.4,9.0,16.0,3.5,11.7,1017.0,,0
2024-01-02,14.8,10.0,17.0,8.1,16.2,1014.8,,0
2024-01-03,12.7,7.0,17.0,0.1,13.9,1013.2,,0
2024-01-04,15.2,13.0,17.0,0.0,18.0,1010.3,,0
2024-01-05,12.8,7.0,17.0,0.5,7.0,1016.4,,0
2024-01-06,13.4,6.0,18.0,0.0,16.7,1014.8,,0
2024-01-07,16.1,11.0,18.0,5.9,31.6,1002.6,,0
2024-01-08,15.2,11.0,17.0,2.3,27.5,1006.6,,0
2024-01-09,4.2,0.0,11.0,31.8,29.0,1015.5,,0
2024-01-10,0.2,-1.0,1.7,1.6,25.8,1026.1,,0
2024-01-11,2.6,0.0,6.0,0.0,14.1,1023.1,,0
2024-01-12,2.9,-1.0,7.0,0.0,14.3,1016.7,,0
2024-01-13,3.1,-2.0,6.2,0.0,15.6,1019.8,,0
2024-01-14,3.5,-3.0,10.0,0.0,10.6,1016.4,,0
2024-01-15,11.3,8.0,14.0,0.0,23.2,1010.7,,0
2024-01-16,13.2,9.0,16.0,7.7,13.5,1008.3,,0
2024-01-17,9.1,5.0,15.0,0.0,7.3,1017.1,,0
2024-01-18,15.7,9.0,19.0,0.6,22.4,1011.7,,0
2024-01-19,16.8,14.2,20.0,0.2,20.6,1009.3,,0
2024-01-20,10.9,2.0,17.0,19.6,21.6,1015.2,,0
2024-01-21,3.4,2.0,5.0,12.0,33.7,1026.2,,0
2024-01-22,4.6,3.0,6.7,0.0,33.8,1030.7,,0
2024-01-23,6.5,5.0,9.5,0.0,22.7,1024.7,,0
2024-01-24,6.0,1.0,9.7,0.0,18.9,1025.6,,0
2024-01-25,5.5,0.0,13.0,0.4,7.4,1019.6,,0
2024-01-26,7.2,2.0,12.7,0.0,8.8,1020.2,,0
2024-01-27,5.3,0.0,9.0,0.5,7.2,1022.3,,0
2024-01-28,6.6,4.0,9.2,0.0,19.3,1028.4,,0
2024-01-29,4.4,2.0,7.1,0.0,24.0,1032.9,,0
2024-01-30,4.4,3.0,6.0,1.2,31.8,1031.8,,0
2024-01-31,5.3,4.0,7.0,0.0,32.3,1030.4,,0
2024-02-01,5.5,2.0,10.2,0.0,14.3,1026.4,,0
2024-02-02,4.5,-2.0,11.2,0.0,11.4,1022.9,,0
2024-02-03,6.7,1.0,11.5,0.0,8.8,1024.1,,0
2024-02-04,8.1,2.0,14.0,0.0,10.0,1021.1,,0
2024-02-05,10.8,4.0,17.0,0.0,14.6,1019.4,,0
2024-02-06,12.2,5.0,18.0,0.0,10.0,1019.8,,0
2024-02-07,15.3,13.0,19.0,0.0,23.2,1015.1,,0
2024-02-08,15.6,12.7,19.0,0.0,23.4,1012.4,,0
2024-02-09,14.6,12.0,19.0,0.0,17.6,1012.4,,0
2024-02-10,15.6,13.7,19.0,0.0,27.8,1012.9,,0
2024-02-11,17.0,15.5,19.0,0.9,38.2,1011.9,,0
2024-02-12,14.1,12.0,17.0,12.9,32.1,1007.5,,0
2024-02-13,10.7,7.0,13.0,6.2,6.0,1008.3,,0
2024-02-14,9.4,7.0,11.3,7.6,14.5,1013.1,,0
2024-02-15,8.2,6.0,9.0,2.8,20.5,1018.6,,0
2024-02-16,7.7,6.0,9.2,3.0,18.8,1021.6,,0
2024-02-17,7.2,7.0,8.0,0.0,18.8,1025.6,,0
2024-02-18,8.2,5.0,11.6,0.0,13.9,1027.9,,0
2024-02-19,7.1,3.0,9.2,0.0,13.8,1025.8,,0
2024-02-20,8.4,4.0,12.0,0.0,14.2,1022.9,,0
2024-02-21,7.5,3.0,13.2,0.0,7.7,1024.0,,0
2024-02-22,7.4,2.0,14.0,0.0,7.5,1022.0,,0
2024-02-23,12.5,4.0,18.0,1.0,14.5,1017.8,,0
2024-02-24,15.0,11.0,19.0,0.0,15.5,1019.3,,0
2024-02-25,13.6,10.0,19.0,0.0,7.0,1017.5,,0
2024-02-26,12.0,9.0,15.5,0.0,8.8,1011.1,,0
2024-02-27,11.0,6.0,16.0,0.2,10.9,1017.1,,0
2024-02-28,10.4,6.0,17.1,0.0,9.4,1021.5,,0
2024-02-29,9.7,6.0,16.2,0.0,10.1,1021.0,,0
2024-03-01,10.5,8.0,13.5,0.0,12.2,1014.7,,0
2024-03-02,11.7,8.0,16.0,1.4,6.4,1011.6,,0
2024-03-03,11.3,7.0,16.0,0.6,7.8,1014.0,,0
2024-03-04,9.8,5.0,16.0,0.0,8.0,1014.1,,0
2024-03-05,11.1,8.0,16.0,9.3,9.8,1007.6,,0
2024-03-06,9.8,6.0,14.5,0.3,11.1,1014.9,,0
2024-03-07,9.0,5.0,14.2,1.8,9.8,1016.6,,0
2024-03-08,7.7,7.0,9.8,11.9,16.2,1017.1,,0
2024-03-09,7.2,2.0,12.7,0.0,9.0,1020.8,,0
2024-03-10,8.3,2.0,16.0,0.0,4.6,1020.4,,0
2024-03-11,11.9,5.0,19.0,0.0,6.3,1018.8,,0
2024-03-12,16.2,13.0,18.0,18.2,28.8,1011.9,,0
2024-03-13,13.1,9.0,17.0,18.2,8.1,1010.8,,0
2024-03-14,11.5,8.0,16.0,3.3,5.9,1013.5,,0
2024-03-15,10.9,7.0,14.7,1.3,9.9,1017.2,,0
2024-03-16,9.7,4.0,16.0,0.0,9.7,1019.6,,0
2024-03-17,9.8,4.0,16.0,0.0,11.0,1019.0,,0
2024-03-18,10.4,4.0,18.0,0.0,8.5,1015.4,,0
2024-03-19,10.8,4.0,18.0,0.0,9.0,1011.6,,0
2024-03-20,8.0,4.0,11.0,4.0,21.6,1018.6,,0
2024-03-21,7.2,1.0,13.0,0.0,7.5,1020.2,,0
2024-03-22,8.9,5.0,12.0,0.0,12.1,1018.3,,0
2024-03-23,8.4,1.0,16.0,0.0,5.1,1017.5,,0
2024-03-24,10.2,3.0,16.0,0.0,12.0,1010.5,,0
2024-03-25,14.2,8.0,18.0,10.4,20.2,1005.0,,0
2024-03-26,9.4,4.0,15.0,0.0,7.3,1014.2,,0
2024-03-27,15.1,9.0,24.0,0.5,10.3,1010.7,,0
2024-03-28,17.5,10.0,23.0,1.0,12.7,1010.8,,0
2024-03-29,15.2,9.0,22.0,0.0,10.4,1016.9,,0
2024-03-30,15.4,8.0,23.0,0.0,6.5,1018.5,,0
2024-03-31,15.8,9.0,22.0,0.0,11.7,1019.4,,0
2024-04-01,16.4,10.0,23.0,0.0,11.9,1018.1,,0
2024-04-02,17.6,9.0,25.0,0.0,9.7,1011.8,,0
2024-04-03,17.1,11.0,22.0,0.0,13.0,1014.8,,0
2024-04-04,14.8,6.0,23.0,0.0,7.3,1014.8,,0
2024-04-05,15.0,8.0,23.1,0.0,6.5,1019.6,,0
2024-04-06,15.4,8.0,24.2,0.0,8.1,1019.6,,0
2024-04-07,15.2,12.0,19.1,1.6,13.1,1017.2,,0
2024-04-08,15.0,10.0,21.0,0.0,20.6,1019.5,,0
2024-04-09,14.9,7.0,22.2,0.0,11.2,1017.1,,0
2024-04-10,14.7,7.0,23.0,0.0,11.9,1016.3,,0
2024-04-11,16.6,10.0,23.9,0.0,18.0,1020.6,,0
2024-04-12,17.9,12.0,25.5,0.0,16.8,1022.0,,0
2024-04-13,17.9,12.0,25.3,0.0,12.2,1022.0,,0
2024-04-14,17.6,10.0,26.7,0.0,10.2,1021.7,,0
2024-04-15,17.6,10.0,26.0,0.0,6.5,1018.0,,0
2024-04-16,19.0,10.0,28.0,0.0,15.3,1010.0,,0
2024-04-17,21.8,17.0,26.0,0.1,22.0,1002.6,,0
2024-04-18,18.3,16.0,20.0,9.0,19.3,1003.3,,0
2024-04-19,15.2,11.0,19.0,4.7,12.0,1009.0,,0
2024-04-20,11.7,8.0,13.0,50.7,16.9,1005.4,,0
2024-04-21,12.5,7.0,17.0,0.8,9.4,1011.4,,0
2024-04-22,16.3,12.0,19.0,1.3,10.6,1016.4,,0
2024-04-23,16.1,14.0,18.2,3.5,13.3,1012.2,,0
2024-04-24,17.7,15.0,21.0,0.0,11.4,1005.2,,0
2024-04-25,18.1,14.0,22.0,1.1,11.2,1004.5,,0
2024-04-26,16.9,13.0,21.0,0.0,9.2,1012.0,,0
2024-04-27,15.5,10.0,21.0,0.0,19.3,1015.6,,0
2024-04-28,14.7,12.0,17.5,0.0,19.4,1019.1,,0
2024-04-29,16.2,13.0,20.0,0.0,22.1,1021.0,,0
2024-04-30,15.6,14.0,18.0,0.4,22.3,1018.6,,0
2024-05-01,15.3,12.0,18.0,0.0,23.9,1016.5,,0
2024-05-02,15.6,8.0,21.0,0.0,5.9,1012.4,,0
2024-05-03,15.6,11.0,21.0,3.3,10.0,1007.3,,0
2024-05-04,13.4,10.0,17.5,12.5,7.5,1005.7,,0
2024-05-05,15.7,12.0,20.5,0.8,16.0,1014.2,,0
2024-05-06,14.5,6.0,22.0,0.0,8.5,1016.1,,0
2024-05-07,15.7,8.0,23.0,0.0,8.9,1014.7,,0
2024-05-08,18.7,11.0,26.0,0.0,6.8,1014.5,,0
2024-05-09,17.4,15.0,20.0,0.5,15.7,1013.9,,0
2024-05-10,16.1,15.0,18.0,0.7,27.6,1012.0,,0
2024-05-11,16.6,12.0,21.7,0.0,21.7,1013.2,,0
2024-05-12,15.9,8.0,23.7,0.1,9.0,1015.3,,0
2024-05-13,15.3,11.0,19.0,1.4,13.9,1016.4,,0
2024-05-14,14.1,8.0,20.0,0.0,10.5,1017.0,,0
2024-05-15,15.4,8.0,21.0,0.0,13.7,1017.1,,0
2024-05-16,15.5,12.0,19.0,0.0,12.1,1019.8,,0
2024-05-17,16.6,10.0,23.0,0.0,9.0,1017.1,,0
2024-05-18,18.5,12.0,25.0,0.0,9.2,1015.9,,0
2024-05-19,18.5,16.0,23.0,0.0,15.9,1012.4,,0
2024-05-20,19.0,14.0,25.0,0.0,16.9,1012.8,,0
2024-05-21,18.8,12.0,24.5,0.0,15.5,1014.1,,0
2024-05-22,20.6,14.0,28.0,0.0,8.5,1010.3,,0
2024-05-23,18.2,14.0,22.2,4.5,10.9,1011.1,,0
2024-05-24,20.2,14.0,26.0,0.0,7.9,1014.9,,0
2024-05-25,20.5,13.0,27.1,0.0,14.2,1014.7,,0
2024-05-26,19.9,16.0,25.0,0.0,25.2,1014.0,,0
2024-05-27,18.6,13.0,25.0,0.0,16.1,1015.7,,0
2024-05-28,17.8,11.0,25.0,0.0,9.5,1014.2,,0
2024-05-29,18.6,12.0,24.0,0.0,8.5,1011.8,,0
2024-05-30,19.0,13.0,25.0,0.0,11.0,1010.7,,0
2024-05-31,19.3,12.0,25.0,0.0,11.4,1013.6,,0
2024-06-01,21.4,14.0,28.0,0.0,10.1,1016.9,,0
2024-06-02,22.1,14.0,30.0,0.0,5.7,1016.4,,0
2024-06-03,25.9,17.0,35.0,0.0,10.9,1013.5,,0
2024-06-04,23.9,18.0,30.0,0.0,9.1,1010.4,,0
2024-06-05,24.3,17.0,33.0,0.0,7.4,1011.8,,0
2024-06-06,25.4,20.0,32.0,0.6,12.3,1013.2,,0
2024-06-07,25.6,21.0,31.5,0.0,19.7,1013.5,,0
2024-06-08,24.6,17.0,31.0,0.0,15.8,1011.7,,0
2024-06-09,25.1,20.0,32.0,0.0,12.1,1010.5,,0
2024-06-10,26.0,17.0,35.0,0.0,9.2,1010.0,,0
2024-06-11,25.2,18.0,32.0,0.0,10.5,1009.0,,0
2024-06-12,27.0,19.0,35.0,0.0,7.4,1010.6,,0
2024-06-13,26.7,21.0,33.0,0.0,9.6,1011.5,,0
2024-06-14,25.9,22.0,33.7,0.0,13.9,1008.7,,0
2024-06-15,23.7,17.0,30.7,0.0,11.6,1011.3,,0
2024-06-16,24.8,17.0,32.1,0.0,10.4,1010.8,,0
2024-06-17,26.3,18.0,34.2,0.0,11.2,1012.8,,0
2024-06-18,26.4,19.0,34.7,0.0,18.4,1014.7,,0
2024-06-19,26.3,20.0,33.7,0.0,21.4,1015.0,,0
2024-06-20,27.4,20.0,35.2,0.0,20.7,1013.6,,0
2024-06-21,27.6,23.0,33.5,0.0,24.0,1013.2,,0
2024-06-22,25.8,22.0,31.0,0.0,24.1,1009.7,,0
2024-06-23,25.7,21.0,31.7,0.0,22.9,1006.7,,0
2024-06-24,26.1,21.0,32.2,0.0,20.5,1008.0,,0
2024-06-25,26.4,21.0,32.0,0.0,23.9,1011.6,,0
2024-06-26,26.2,23.0,30.7,0.0,24.8,1013.3,,0
2024-06-27,25.6,21.0,31.0,0.0,20.4,1010.3,,0
2024-06-28,24.9,19.0,30.2,0.0,19.5,1009.1,,0
2024-06-29,26.5,22.0,31.0,0.0,27.6,1011.3,,0
2024-06-30,26.8,20.0,32.2,0.0,21.1,1012.8,,0
2024-07-01,26.2,19.0,33.0,0.0,13.8,1010.9,,0
2024-07-02,26.3,18.0,34.2,0.0,8.4,1005.3,,0
2024-07-03,26.6,22.0,31.6,0.4,13.7,999.6,,0
2024-07-04,24.9,22.0,27.1,6.1,12.5,1004.8,,0
2024-07-05,25.2,19.0,31.7,0.3,11.3,1011.3,,0
2024-07-06,26.5,19.0,33.0,0.0,16.6,1013.7,,0
2024-07-07,27.5,22.0,33.0,0.0,23.1,1012.1,,0
2024-07-08,28.1,23.0,35.0,0.0,22.5,1010.9,,0
2024-07-09,29.9,24.0,36.6,0.0,19.8,1010.5,,0
2024-07-10,30.8,24.0,37.2,0.0,17.6,1010.4,,0
2024-07-11,29.2,24.0,36.2,0.9,13.1,1011.2,,0
2024-07-12,28.0,21.0,34.2,0.0,13.9,1010.0,,0
2024-07-13,30.1,22.0,35.7,0.4,15.9,1008.6,,0
2024-07-14,28.6,22.0,35.5,0.0,17.0,1009.2,,0
2024-07-15,28.0,20.0,35.0,0.0,15.2,1009.4,,0
2024-07-16,28.8,20.0,36.2,0.0,18.1,1008.7,,0
2024-07-17,30.8,23.0,37.5,0.0,15.5,1009.8,,0
2024-07-18,31.4,25.0,38.7,0.0,16.7,1010.6,,0
2024-07-19,30.4,24.0,37.5,0.0,19.3,1010.1,,0
2024-07-20,30.1,25.0,35.7,0.0,18.7,1007.8,,0
2024-07-21,28.7,24.0,36.6,0.0,14.9,1006.3,,0
2024-07-22,29.6,21.0,37.3,0.0,13.0,1006.7,,0
2024-07-23,29.2,26.0,36.2,0.1,15.6,1008.6,,0
2024-07-24,27.9,23.0,34.7,0.0,16.6,1007.1,,0
2024-07-25,26.7,23.0,31.0,2.8,16.3,1005.0,,0
2024-07-26,26.3,21.0,32.0,0.0,10.3,1008.2,,0
2024-07-27,27.0,20.0,33.5,0.0,13.2,1014.2,,0
2024-07-28,27.1,21.0,33.2,0.0,17.6,1015.8,,0
2024-07-29,28.6,21.0,35.7,0.0,19.3,1010.5,,0
2024-07-30,27.8,23.0,32.0,0.0,18.7,1009.5,,0
2024-07-31,26.5,20.0,32.0,0.0,20.5,1012.2,,0
2024-08-01,26.7,22.0,33.0,0.0,21.0,1010.9,,0
2024-08-02,25.8,17.0,33.7,0.0,14.1,1007.8,,0
2024-08-03,26.9,18.0,36.0,0.0,9.3,1005.4,,0
2024-08-04,27.5,20.0,34.0,0.2,14.9,1006.1,,0
2024-08-05,26.4,21.0,32.8,0.1,12.8,1007.8,,0
2024-08-06,26.6,20.0,34.6,0.0,8.7,1008.3,,0
2024-08-07,26.8,21.0,32.0,0.0,13.9,1010.4,,0
2024-08-08,26.0,20.0,32.2,0.0,15.3,1011.2,,0
2024-08-09,26.9,21.0,33.5,0.0,14.1,1011.2,,0
2024-08-10,27.2,20.0,33.9,0.2,13.2,1014.0,,0
2024-08-11,28.5,21.0,34.9,0.0,17.5,1014.8,,0
2024-08-12,28.0,24.0,34.0,0.0,21.0,1012.2,,0
2024-08-13,28.7,22.0,36.5,0.0,17.9,1009.6,,0
2024-08-14,28.3,22.0,34.0,0.0,18.6,1009.4,,0
2024-08-15,28.9,25.0,35.0,0.0,22.6,1012.2,,0
2024-08-16,27.2,22.0,34.0,0.0,19.2,1013.4,,0
2024-08-17,26.8,20.0,33.0,0.0,19.2,1011.3,,0
2024-08-18,26.5,20.0,32.0,0.0,16.6,1008.7,,0
2024-08-19,26.4,19.0,33.5,0.0,9.6,1008.9,,0
2024-08-20,27.6,20.0,34.0,0.0,10.8,1008.5,,0
2024-08-21,26.7,23.0,30.5,0.7,13.8,1005.3,,0
2024-08-22,27.8,20.0,36.0,0.0,11.4,1007.6,,0
2024-08-23,28.1,20.0,35.1,0.0,14.9,1011.9,,0
2024-08-24,28.2,23.0,35.0,0.0,16.6,1013.6,,0
2024-08-25,26.9,22.0,33.0,0.0,20.6,1010.5,,0
2024-08-26,28.1,23.0,34.1,0.0,19.7,1009.2,,0
2024-08-27,26.6,22.0,32.5,,16.2,1011.2,,0
2024-08-28,26.4,20.0,33.8,,9.1,,,0
2024-08-29,25.9,19.0,31.8,,8.0,,,0
2024-08-30,25.7,20.0,31.5,,8.9,,,0
2024-08-31,23.8,19.0,30.4,0.0,11.2,,,0
2024-09-01,24.6,21.6,30.2,,11.6,,,0
2024-09-02,25.5,21.0,31.2,,8.0,,,0
2024-09-03,26.3,19.0,34.3,,7.9,,,0
2024-09-04,26.2,19.0,33.2,,11.8,1012.9,,0
2024-09-05,26.0,20.0,32.0,0.0,11.2,1011.7,,0
2024-09-06,25.8,19.0,33.1,0.0,8.8,1012.6,,0
2024-09-07,25.6,19.0,30.7,0.0,12.3,1014.4,,0
2024-09-08,24.9,20.0,30.0,0.0,15.8,1014.7,,0
2024-09-09,24.0,19.0,29.7,0.0,13.4,1010.6,,0
2024-09-10,23.7,20.0,28.0,2.3,9.0,1004.6,,0
2024-09-11,23.2,20.0,26.0,16.8,14.8,1005.8,,0
2024-09-12,23.3,17.0,28.0,0.3,10.2,1010.6,,0
2024-09-13,24.5,19.0,30.0,0.0,12.6,1008.2,,0
2024-09-14,25.9,22.0,29.0,0.7,17.3,1006.1,,0
2024-09-15,22.7,20.0,26.0,0.8,14.4,1006.5,,0
2024-09-16,20.9,16.0,25.5,0.0,7.7,1008.3,,0
2024-09-17,21.0,14.0,27.0,0.4,13.2,1014.1,,0
2024-09-18,22.4,18.0,27.0,2.2,14.7,1015.5,,0
2024-09-19,22.2,17.0,27.0,0.0,15.5,1015.0,,0
2024-09-20,21.5,16.0,27.0,0.4,15.9,1015.5,,0
2024-09-21,20.3,17.0,24.2,0.0,17.5,1017.3,,0
2024-09-22,20.4,15.0,27.0,0.0,12.0,1016.6,,0
2024-09-23,20.2,13.0,27.5,0.0,9.9,1015.6,,0
2024-09-24,19.7,13.0,27.0,0.0,9.1,1015.8,,0
2024-09-25,21.0,14.0,29.0,0.0,8.1,1016.9,,0
2024-09-26,21.8,14.0,30.2,0.0,10.4,1015.7,,0
2024-09-27,21.7,14.0,30.1,0.0,11.5,1013.7,,0
2024-09-28,21.3,14.0,29.6,0.0,8.4,1011.0,,0
2024-09-29,20.7,15.0,27.0,8.2,11.9,1008.4,,0
2024-09-30,17.1,15.0,21.6,10.2,16.5,1011.9,,0
2024-10-01,16.5,11.0,21.7,0.0,8.8,1012.6,,0
2024-10-02,17.0,10.0,25.0,0.0,8.9,1014.0,,0
2024-10-03,18.2,11.0,24.0,0.0,10.3,1014.5,,0
2024-10-04,20.3,14.0,27.0,0.0,8.6,1013.8,,0
2024-10-05,21.9,15.0,28.0,0.0,11.0,1011.6,,0
2024-10-06,23.0,19.0,25.0,2.7,13.2,1009.5,,0
2024-10-07,20.1,16.0,27.6,0.0,8.8,1013.8,,0
2024-10-08,19.4,14.0,27.2,0.0,10.6,1017.8,,0
2024-10-09,20.1,13.0,24.2,0.0,13.1,1013.5,,0
2024-10-10,22.0,18.0,26.0,0.0,14.0,1010.0,,0
2024-10-11,22.1,16.0,28.0,0.0,8.5,1009.2,,0
2024-10-12,21.1,18.0,27.4,10.7,12.1,1011.4,,0
2024-10-13,18.0,14.0,22.9,0.0,14.7,1016.9,,0
2024-10-14,17.0,11.0,23.5,0.0,10.4,1017.3,,0
2024-10-15,17.4,10.0,24.0,0.0,11.6,1017.8,,0
2024-10-16,17.7,12.0,23.5,0.0,15.0,1021.3,,0
2024-10-17,15.1,11.0,18.5,0.0,21.2,1026.3,,0
2024-10-18,13.5,8.0,17.5,0.0,16.7,1025.5,,0
2024-10-19,12.2,5.0,19.0,0.0,12.6,1024.7,,0
2024-10-20,14.5,8.0,20.0,0.0,16.1,1027.4,,0
2024-10-21,13.9,9.0,18.2,0.0,14.5,1031.2,,0
2024-10-22,14.2,8.0,20.0,0.0,13.7,1030.0,,0
2024-10-23,15.6,10.0,21.0,0.0,13.2,1028.1,,0
2024-10-24,16.0,10.0,21.0,0.0,19.2,1028.5,,0
2024-10-25,16.8,14.0,21.0,0.0,19.1,1026.0,,0
2024-10-26,15.0,11.0,19.1,0.0,16.6,1025.4,,0
2024-10-27,14.8,7.0,20.0,0.0,12.4,1024.3,,0
2024-10-28,13.6,7.0,21.5,0.0,10.0,1023.0,,0
2024-10-29,15.7,9.0,22.0,0.0,12.9,1021.9,,0
2024-10-30,15.8,11.0,20.0,0.0,14.7,1021.7,,0
2024-10-31,14.5,9.0,20.0,0.0,13.7,1022.2,,0
2024-11-01,14.5,9.0,19.6,0.0,11.2,1022.0,,0
2024-11-02,13.3,8.0,21.0,0.0,6.9,1018.8,,0
2024-11-03,12.9,7.0,17.0,0.0,19.3,1024.5,,0
2024-11-04,11.4,6.0,16.2,0.0,12.9,1024.2,,0
2024-11-05,11.0,5.0,17.1,0.0,17.8,1027.3,,0
2024-11-06,11.9,7.0,16.0,0.0,20.8,1029.2,,0
2024-11-07,13.5,11.0,17.1,0.0,18.3,1030.6,,0
2024-11-08,14.5,12.4,18.2,0.0,11.5,1028.0,,0
2024-11-09,14.0,11.4,17.5,0.0,11.5,1024.6,,0
2024-11-10,10.4,8.7,12.7,0.0,11.5,1022.8,,0
2024-11-11,11.3,8.7,14.6,0.0,8.7,1022.7,,0
2024-11-12,13.9,10.0,18.1,0.0,6.1,1022.3,,0
2024-11-13,14.4,13.5,15.2,0.8,6.6,1023.2,,0
2024-11-14,14.5,13.1,17.0,3.9,5.7,1019.7,,0
2024-11-15,13.3,11.3,14.2,10.5,8.2,1015.8,,0
2024-11-16,10.2,8.8,11.2,8.9,15.2,1018.7,,0
2024-11-17,10.2,9.2,11.0,3.3,10.4,1015.3,,0
2024-11-18,11.2,7.0,16.0,0.0,6.3,1013.3,,0
2024-11-19,9.4,5.0,17.0,0.0,7.4,1016.8,,0
2024-11-20,14.1,5.0,19.0,0.0,21.0,1010.0,,0
2024-11-21,17.2,10.0,22.0,3.9,33.2,1004.2,,0
2024-11-22,13.8,7.0,19.4,0.0,19.0,1010.9,,0
2024-11-23,12.6,7.1,19.9,11.9,26.9,1014.8,,0
2024-11-24,6.5,2.3,9.0,0.0,8.8,1033.9,,0
2024-11-25,6.1,1.0,11.2,0.0,6.2,1029.6,,0
2024-11-26,6.4,1.3,11.9,0.0,4.9,1024.7,,0
2024-11-27,10.6,6.0,14.8,0.0,5.2,1023.7,,0
2024-11-28,10.3,5.5,15.7,0.0,3.7,1026.3,,0
2024-11-29,11.6,6.7,16.2,0.0,3.0,1022.1,,0
2024-11-30,12.9,10.8,15.2,32.9,6.0,1020.2,,0
2024-12-01,12.0,11.0,13.0,28.6,24.2,1018.7,,0
2024-12-02,11.6,10.0,13.5,0.0,10.1,1018.7,,0
2024-12-03,10.3,9.0,11.2,0.0,13.4,1017.2,,0
2024-12-04,10.5,8.5,13.2,0.0,6.4,1019.2,,0
2024-12-05,11.4,9.0,15.0,0.0,7.1,1022.0,,0
2024-12-06,11.2,8.5,14.6,0.0,4.2,1020.3,,0
2024-12-07,15.2,11.7,18.2,1.1,13.6,1013.2,,0
2024-12-08,13.2,11.2,15.0,14.3,11.1,1009.6,,0
2024-12-09,15.8,13.5,17.5,39.0,22.0,1012.9,,0
2024-12-10,15.5,11.8,17.6,,20.5,1016.4,,0
2024-12-11,11.2,8.9,13.5,,3.6,1020.9,,0
2024-12-12,9.4,6.2,13.4,,4.1,1024.3,,0
2024-12-13,8.5,6.9,10.4,,5.5,1030.1,,0
2024-12-14,8.4,5.5,11.8,0.0,3.8,1030.6,,0
2024-12-15,11.7,6.8,15.0,7.0,12.3,1019.2,,0
2024-12-16,8.3,4.1,10.6,0.0,8.9,1028.8,,0
2024-12-17,7.7,2.7,13.5,0.0,8.8,1028.9,,0
2024-12-18,10.0,6.2,16.0,0.0,6.4,1025.6,,0
2024-12-19,9.4,6.0,14.0,0.0,3.6,1018.9,,0
2024-12-20,12.1,6.3,15.9,0.0,15.8,1010.8,,0
2024-12-21,14.0,9.2,17.0,28.0,14.8,1007.5,,0
2024-12-22,8.2,6.1,11.1,3.0,4.8,1015.4,,0
2024-12-23,11.8,8.2,14.5,0.0,12.5,1006.6,,0
2024-12-24,12.5,11.1,14.1,11.6,10.2,1001.4,,0
2024-12-25,9.1,8.0,12.6,2.3,8.3,1009.0,,0
2024-12-26,7.4,5.6,8.4,14.1,17.9,1017.9,,0
2024-12-27,4.7,3.2,6.0,4.5,15.8,1024.3,,0
2024-12-28,4.5,2.6,6.3,1.1,17.4,1022.5,,0
2024-12-29,5.5,4.2,7.0,0.8,14.1,1025.2,,0
2024-12-30,6.2,3.7,9.0,0.0,5.7,1028.1,,0
2024-12-31,5.5,1.1,11.5,0.0,4.6,1031.1,,0
2025-01-01,6.7,2.1,13.0,0.0,3.6,1031.2,,0
2025-01-02,7.8,2.6,13.5,0.0,9.4,1027.5,,0
2025-01-03,12.7,11.7,14.0,0.0,20.5,1020.0,,0
2025-01-04,11.8,7.6,14.3,2.8,13.4,1017.8,,0
2025-01-05,8.5,6.2,12.7,0.0,5.9,1021.6,,0
2025-01-06,8.5,3.5,13.7,0.0,5.4,1021.5,,0
2025-01-07,14.1,12.4,16.1,0.0,21.1,1020.7,,0
2025-01-08,14.7,13.0,16.6,0.0,17.9,1020.9,,0
2025-01-09,14.1,12.8,17.0,0.0,10.7,1020.2,,0
2025-01-10,13.0,10.0,15.6,0.3,9.5,1015.0,,0
2025-01-11,11.8,7.7,14.9,3.2,11.3,1014.0,,0
2025-01-12,6.7,4.1,9.0,4.1,12.8,1016.9,,0
2025-01-13,4.2,3.2,4.7,10.6,17.0,1023.6,,0
2025-01-14,4.2,3.7,4.7,7.8,15.9,1027.4,,0
2025-01-15,4.6,4.0,5.2,13.8,10.8,1022.4,,0
2025-01-16,6.6,5.2,8.1,0.0,10.5,1030.9,,0
2025-01-17,6.3,3.5,9.8,0.0,8.2,1036.2,,0
2025-01-18,5.6,0.5,11.9,0.0,5.4,1030.6,,0
2025-01-19,6.7,1.5,13.5,0.0,5.2,1026.4,,0
2025-01-20,6.8,1.0,11.7,0.0,8.0,1024.9,,0
2025-01-21,8.6,4.7,12.0,2.6,3.6,1020.8,,0
2025-01-22,9.3,5.0,13.0,4.6,2.3,1019.0,,0
2025-01-23,9.8,6.0,14.2,0.2,4.2,1019.9,,0
2025-01-24,10.4,6.0,14.9,0.0,4.8,1019.2,,0
2025-01-25,12.0,8.2,14.7,3.9,4.9,1019.9,,0
2025-01-26,8.6,6.2,11.9,0.0,4.3,1024.5,,0
2025-01-27,7.1,4.1,13.4,0.0,2.7,1023.0,,0
2025-01-28,11.3,6.7,14.8,0.0,14.4,1020.0,,0
2025-01-29,14.3,12.6,16.3,0.0,22.5,1020.5,,0
2025-01-30,13.5,11.0,17.2,0.0,8.2,1022.2,,0
2025-01-31,11.5,7.0,16.5,1.2,2.1,1024.1,,0
2025-02-01,10.1,6.7,16.0,0.0,5.4,1026.3,,0
2025-02-02,10.1,7.4,13.5,0.0,7.6,1024.7,,0
2025-02-03,9.2,5.7,13.5,0.0,4.1,1020.5,,0
2025-02-04,7.6,4.8,9.5,0.0,14.2,1024.5,,0
2025-02-05,5.2,3.3,7.7,0.0,15.1,1028.0,,0
2025-02-06,4.7,3.0,7.7,0.0,12.1,1031.4,,0
2025-02-07,3.4,0.6,6.6,0.0,14.4,1035.6,,0
2025-02-08,3.0,1.4,4.7,0.0,14.1,1034.0,,0
2025-02-09,2.8,1.3,3.7,0.0,15.6,1031.3,,0
2025-02-10,4.1,1.8,7.3,0.0,9.6,1028.9,,0
2025-02-11,2.9,0.0,6.6,0.0,6.8,1029.7,,0
2025-02-12,3.8,0.6,7.6,0.0,5.7,1030.4,,0
2025-02-13,4.5,0.1,9.4,0.0,4.1,1027.6,,0
2025-02-14,7.8,2.4,12.3,0.0,7.1,1020.4,,0
2025-02-15,11.5,9.4,13.0,1.6,10.1,1016.1,,0
2025-02-16,9.4,8.2,12.4,14.6,7.3,1015.5,,0
2025-02-17,7.7,6.6,9.0,11.6,10.5,1015.2,,0
2025-02-18,7.2,5.4,9.8,1.7,10.9,1019.4,,0
2025-02-19,4.0,2.5,5.6,0.2,12.8,1025.8,,0
2025-02-20,1.9,-1.0,5.1,0.0,13.2,1031.6,,0
2025-02-21,1.8,-1.0,4.6,0.0,12.4,1033.8,,0
2025-02-22,0.5,-2.9,4.1,0.0,6.7,1035.6,,0
2025-02-23,1.9,-2.3,6.1,0.0,5.9,1034.2,,0
2025-02-24,3.7,-1.9,8.7,0.0,3.7,1032.1,,0
2025-02-25,6.0,4.6,7.3,2.8,2.3,1025.3,,0
2025-02-26,7.0,3.4,11.1,0.0,3.3,1023.1,,0
2025-02-27,9.3,6.2,14.1,0.5,4.9,1021.0,,0
2025-02-28,9.9,7.0,14.2,5.3,7.2,1019.4,,0
2025-03-01,9.5,5.3,15.0,0.0,5.8,1023.1,,0
2025-03-02,9.1,5.0,13.6,1.1,4.6,1022.9,,0
2025-03-03,8.0,5.9,9.8,1.3,12.2,1024.4,,0
2025-03-04,7.1,4.7,11.0,0.0,12.9,1024.6,,0
2025-03-05,8.3,4.3,14.6,0.0,10.0,1026.4,,0
2025-03-06,9.9,5.0,15.8,0.0,8.4,1027.2,,0
2025-03-07,10.8,5.2,16.8,0.0,8.8,1022.2,,0
2025-03-08,10.6,6.0,16.7,0.0,10.9,1014.8,,0
2025-03-09,10.9,5.9,16.8,0.0,9.0,1014.3,,0
2025-03-10,9.8,4.7,14.6,0.0,8.0,1017.0,,0
2025-03-11,13.4,9.1,17.0,0.0,16.9,1016.2,,0
2025-03-12,17.4,14.6,20.5,0.0,24.1,1013.3,,0
2025-03-13,18.3,15.6,20.4,0.0,27.9,1010.4,,0
2025-03-14,15.3,12.7,18.6,,18.1,1014.7,,0
2025-03-15,16.8,11.9,23.5,,5.1,1016.8,,0
2025-03-16,18.4,15.2,23.6,,23.7,1011.2,,0
2025-03-17,14.2,12.6,16.2,,14.0,1008.5,,0
2025-03-18,7.8,3.7,11.7,,12.7,1018.0,,0
2025-03-19,5.5,2.8,9.7,,16.0,1028.7,,0
2025-03-20,6.7,0.1,13.0,,5.8,1030.5,,0
2025-03-21,8.0,1.1,14.0,,7.3,1027.6,,0
2025-03-22,7.7,1.7,16.1,0.0,4.7,1023.9,,0
2025-03-23,10.7,6.2,14.9,0.8,9.9,1023.0,,0
2025-03-24,14.7,12.8,17.2,0.7,22.2,1023.2,,0
2025-03-25,14.3,12.1,15.7,0.0,11.0,1022.0,,0
2025-03-26,15.1,11.0,21.5,0.0,4.3,1016.2,,0
2025-03-27,16.0,11.8,22.5,0.2,6.7,1008.6,,0
2025-03-28,13.3,11.0,16.2,8.6,5.8,1004.0,,0
2025-03-29,11.9,8.6,17.1,1.6,3.7,1004.4,,0
2025-03-30,13.1,10.7,16.5,13.6,3.9,1006.6,,0
2025-03-31,13.9,11.3,18.5,6.9,6.3,1007.5,,0
2025-04-01,13.8,12.0,17.6,13.5,9.9,1004.5,,0
2025-04-02,11.8,11.0,13.4,0.2,11.2,1007.9,,0
2025-04-03,12.8,10.5,18.7,0.0,7.5,1016.2,,0
2025-04-04,13.6,9.2,17.8,0.0,7.5,1015.1,,0
2025-04-05,13.1,8.4,18.4,1.9,5.6,1009.6,,0
2025-04-06,13.2,8.0,16.1,2.7,19.7,1006.5,,0
2025-04-07,4.9,3.2,7.6,12.7,13.2,1013.2,,0
2025-04-08,7.4,4.0,11.0,0.0,9.7,1020.8,,0
2025-04-09,7.6,2.2,12.5,0.0,5.2,1020.0,,0
2025-04-10,9.3,2.5,14.0,0.9,16.4,1016.3,,0
2025-04-11,8.8,3.0,14.0,2.1,13.1,1015.7,,0
2025-04-12,10.8,7.6,13.1,12.6,10.3,1013.8,,0
2025-04-13,10.0,3.0,16.8,0.0,5.8,1021.4,,0
2025-04-14,11.8,5.5,17.0,0.0,7.4,1022.6,,0
2025-04-15,12.8,9.9,16.5,0.0,5.5,1023.2,,0
2025-04-16,15.5,10.2,22.0,0.0,5.9,1023.4,,0
2025-04-17,16.3,11.0,21.0,0.0,9.0,1020.7,,0
2025-04-18,15.6,11.7,22.0,0.0,6.7,1014.4,,0
2025-04-19,14.6,10.2,20.1,0.0,5.9,1011.6,,0
2025-04-20,15.4,11.0,22.9,0.0,5.5,1013.1,,0
2025-04-21,16.5,10.5,24.3,0.0,6.6,1011.7,,0
2025-04-22,16.0,11.6,23.9,0.0,8.9,1011.9,,0
2025-04-23,15.2,11.2,20.2,0.0,11.3,1012.0,,0
2025-04-24,14.0,10.1,19.7,0.0,12.1,1008.1,,0
2025-04-25,15.5,10.0,22.4,0.5,4.3,1008.6,,0
2025-04-26,15.4,10.7,21.1,7.7,5.1,1010.7,,0
2025-04-27,16.2,12.2,19.8,0.1,13.6,1017.8,,0
2025-04-28,13.0,10.2,17.7,0.0,16.9,1023.5,,0
2025-04-29,12.4,9.2,16.8,0.0,18.3,1020.2,,0
2025-04-30,13.4,9.9,18.3,0.0,16.4,1016.6,,0
2025-05-01,14.1,10.4,19.2,0.0,16.3,1012.9,,0
2025-05-02,15.9,10.6,22.4,0.0,10.4,1016.1,,0
2025-05-03,16.4,8.6,23.6,0.0,9.0,1017.5,,0
2025-05-04,15.2,10.6,19.3,0.0,6.7,1012.4,,0
2025-05-05,16.8,12.5,21.7,0.0,10.8,1009.6,,0
2025-05-06,17.9,13.7,21.6,0.0,11.5,1012.0,,0
2025-05-07,19.3,15.3,23.5,0.0,13.4,1011.8,,0
2025-05-08,18.4,14.5,24.4,0.0,9.6,1010.2,,0
2025-05-09,18.7,15.6,22.3,0.0,6.2,1011.7,,0
2025-05-10,16.9,14.4,19.2,10.7,13.2,1013.6,,0
2025-05-11,16.8,13.0,22.0,0.0,10.9,1014.8,,0
2025-05-12,17.0,13.5,22.0,0.0,6.0,1010.4,,0
2025-05-13,16.9,13.8,20.4,0.0,12.7,1012.1,,0
2025-05-14,15.7,12.0,21.0,0.0,7.9,1015.6,,0
2025-05-15,15.5,8.5,22.3,0.0,5.4,1015.0,,0
2025-05-16,18.0,14.6,23.9,0.2,4.4,1008.4,,0
2025-05-17,17.9,16.6,20.7,20.2,23.4,1008.8,,0
2025-05-18,17.3,14.5,20.2,1.2,9.1,1016.6,,0
2025-05-19,16.4,10.9,19.9,0.0,10.8,1018.3,,0
2025-05-20,19.6,12.2,26.2,0.0,6.0,1016.9,,0
2025-05-21,19.1,13.7,24.6,0.0,3.6,1016.7,,0
2025-05-22,20.2,15.2,27.6,0.0,4.9,1012.6,,0
2025-05-23,19.8,15.5,22.7,0.0,11.1,1010.2,,0
2025-05-24,23.5,17.7,30.7,0.0,5.8,1009.1,,0
2025-05-25,20.5,19.1,22.1,6.4,10.2,1006.3,,0
2025-05-26,16.1,13.0,21.3,15.0,8.3,1009.5,,0
2025-05-27,17.8,11.0,24.6,0.0,9.1,1012.5,,0
2025-05-28,19.7,13.2,25.5,0.0,6.9,1011.4,,0
2025-05-29,20.5,15.4,26.0,0.0,7.5,1009.8,,0
2025-05-30,21.1,16.0,25.5,0.0,9.6,1011.3,,0
2025-05-31,21.1,17.1,25.6,0.7,10.9,1015.6,,0
2025-06-01,21.3,15.7,26.8,0.0,7.4,1017.4,,0
2025-06-02,22.2,16.0,28.9,0.0,6.4,1018.9,,0
2025-06-03,23.0,16.2,29.8,0.0,5.7,1018.5,,0
2025-06-04,25.1,18.4,32.4,0.0,5.1,1017.0,,0
2025-06-05,26.1,19.6,31.7,0.0,9.5,1015.8,,0
2025-06-06,25.3,21.1,31.4,0.0,13.2,1015.1,,0
2025-06-07,24.2,19.6,29.9,0.0,12.5,1015.4,,0
2025-06-08,23.9,18.1,30.2,0.0,11.0,1013.7,,0
2025-06-09,24.5,17.5,32.5,0.0,8.0,1013.0,,0
2025-06-10,25.3,20.5,30.8,0.0,14.6,1015.1,,0
2025-06-11,24.8,19.7,30.5,0.0,11.9,1012.6,,0
2025-06-12,25.5,17.0,32.3,0.0,10.6,1013.6,,0
2025-06-13,24.9,20.6,29.7,0.0,12.3,1015.6,,0
2025-06-14,24.1,20.5,28.6,0.0,11.5,1016.5,,0
2025-06-15,23.6,18.5,28.2,0.0,9.4,1016.6,,0
2025-06-16,24.0,17.4,29.9,0.0,7.8,1015.7,,0
2025-06-17,25.1,17.0,32.7,0.0,8.0,1015.7,,0
2025-06-18,26.4,19.6,32.8,0.0,10.3,1016.6,,0
2025-06-19,27.2,21.7,32.5,0.0,9.0,1015.5,,0
2025-06-20,27.1,21.1,33.5,0.0,6.8,1012.5,,0
2025-06-21,24.9,21.9,29.0,0.0,10.8,1015.3,,0
2025-06-22,23.9,19.7,28.4,0.0,12.7,1017.9,,0
2025-06-23,25.1,17.6,32.2,0.0,7.5,1015.6,,0
2025-06-24,27.2,18.8,34.5,0.0,6.3,1012.9,,0
2025-06-25,28.6,21.0,37.2,0.0,7.7,1012.1,,0
2025-06-26,29.9,22.2,37.1,0.0,9.4,1011.5,,0
2025-06-27,30.1,25.1,35.5,0.0,10.2,1011.7,,0
2025-06-28,28.3,24.8,32.0,0.5,10.8,1010.6,,0
2025-06-29,25.8,23.2,29.2,0.0,13.5,1013.0,,0
2025-06-30,26.6,20.2,33.5,0.0,8.9,1012.5,,0
2025-07-01,27.5,21.9,33.8,0.0,8.6,1010.9,,0
2025-07-02,26.2,22.5,30.6,0.0,12.2,1014.8,,0
2025-07-03,26.3,19.0,32.7,0.0,10.0,1016.9,,0
2025-07-04,26.8,22.0,33.2,0.0,12.2,1016.4,,0
2025-07-05,27.7,22.0,34.5,0.0,11.2,1014.3,,0
2025-07-06,27.4,22.0,34.2,0.0,12.8,1012.2,,0
2025-07-07,28.6,21.0,36.2,0.0,8.4,1007.9,,0
2025-07-08,27.7,22.7,35.9,0.0,5.1,1005.9,,0
2025-07-09,26.4,22.7,29.2,0.0,13.3,1004.0,,0
2025-07-10,26.2,22.3,30.7,0.0,12.7,1007.0,,0
2025-07-11,26.8,22.5,32.0,0.0,11.6,1009.2,,0
2025-07-12,27.1,22.0,33.2,0.0,11.4,1012.3,,0
2025-07-13,28.1,22.1,34.7,0.0,11.6,1014.8,,0
2025-07-14,28.7,21.0,35.1,0.0,11.5,1012.4,,0
2025-07-15,29.2,24.5,35.1,0.0,15.2,1007.3,,0
2025-07-16,29.5,24.4,35.2,0.0,9.9,1006.5,,0
2025-07-17,29.6,23.2,35.9,0.0,6.9,1006.8,,0
2025-07-18,27.8,24.2,32.7,0.7,10.3,1008.6,,0
2025-07-19,28.1,24.1,33.5,0.1,10.4,1009.4,,0
2025-07-20,28.5,22.7,34.8,0.0,7.4,1009.0,,0
2025-07-21,28.4,23.1,36.0,0.0,4.5,1008.4,,0
2025-07-22,28.2,23.7,33.8,0.0,6.4,1008.2,,0
2025-07-23,30.8,24.2,39.8,0.0,7.1,1006.1,,0
2025-07-24,30.9,26.3,36.6,0.0,13.1,1006.4,,0
2025-07-25,30.8,25.6,37.4,0.0,12.2,1009.5,,0
2025-07-26,30.5,25.6,36.8,0.0,12.2,1009.6,,0
2025-07-27,29.1,23.0,36.9,0.0,13.2,1002.6,,0
2025-07-28,27.9,23.1,34.0,0.0,8.0,1000.1,,0
2025-07-29,27.0,21.0,30.2,0.0,17.0,1002.0,,0
2025-07-30,28.3,22.4,33.5,0.0,9.7,1006.8,,0
2025-07-31,28.7,24.9,33.7,0.0,12.2,1008.1,,0
2025-08-01,27.1,22.5,33.1,0.0,13.7,1008.5,,0
2025-08-02,27.6,24.4,32.0,0.0,13.4,1008.4,,0
2025-08-03,28.0,23.3,32.7,0.0,10.4,1010.3,,0
2025-08-04,28.7,24.0,34.7,0.0,9.6,1011.3,,0
2025-08-05,28.5,24.2,34.0,0.0,12.0,1011.4,,0
2025-08-06,28.4,25.6,33.3,0.4,13.8,1009.7,,0
2025-08-07,28.8,25.0,33.9,0.0,15.8,1012.3,,0
2025-08-08,28.6,25.2,32.7,0.2,17.1,1014.9,,0
2025-08-09,28.1,23.5,33.9,0.0,13.3,1016.9,,0
2025-08-10,28.6,24.5,34.0,0.0,14.2,1015.7,,0
2025-08-11,29.3,24.5,35.6,0.0,13.9,1013.5,,0
2025-08-12,28.4,24.9,33.2,0.0,15.7,1014.3,,0
2025-08-13,27.2,24.2,31.8,0.0,15.2,1014.9,,0
2025-08-14,27.2,23.9,31.3,0.0,16.1,1013.0,,0
2025-08-15,27.3,24.3,31.7,0.0,16.3,1012.4,,0
2025-08-16,26.9,23.7,31.2,0.0,17.0,1009.6,,0
2025-08-17,26.2,22.6,31.0,0.0,11.3,1007.3,,0
2025-08-18,26.0,19.0,32.1,0.0,7.2,1009.6,,0
2025-08-19,25.1,18.0,30.9,0.0,12.0,1011.3,,0
2025-08-20,25.6,21.1,30.8,0.0,8.6,1010.9,,0
2025-08-21,26.7,20.6,34.5,0.0,5.4,1011.0,,0
2025-08-22,25.5,21.1,29.1,0.0,11.4,1007.6,,0
2025-08-23,27.6,23.5,33.3,0.0,9.7,1007.2,,0
2025-08-24,26.4,22.0,30.6,0.0,12.4,1011.8,,0
2025-08-25,24.6,18.0,30.0,0.0,16.7,1014.4,,0
2025-08-26,24.2,19.0,29.0,0.0,17.8,1014.8,,0
2025-08-27,24.4,18.0,30.0,0.0,27.6,1013.8,,0
2025-08-28,25.0,21.0,30.0,0.0,27.4,1014.2,,0
2025-08-29,25.2,19.0,32.0,0.0,19.3,1012.2,,0
2025-08-30,24.0,17.0,31.0,0.0,10.1,1011.0,,0
2025-08-31,23.7,17.0,29.0,0.0,12.5,1009.5,,0
2025-09-01,24.6,17.0,32.0,0.0,9.4,1010.1,,0
2025-09-02,24.8,16.0,33.0,0.0,13.4,1010.2,,0
2025-09-03,26.3,18.0,34.0,0.0,18.4,1010.2,,0
2025-09-04,26.5,22.0,31.0,0.0,28.5,1008.7,,0
2025-09-05,26.7,24.0,31.0,0.0,27.8,1010.3,,0
2025-09-06,23.9,20.0,26.0,0.2,18.3,1014.5,,0
2025-09-07,22.9,17.0,29.0,0.4,15.9,1015.4,,0
2025-09-08,23.5,18.0,29.0,0.0,17.5,1013.8,,0
2025-09-09,22.9,17.0,29.0,0.0,12.4,1014.2,,0
2025-09-10,23.8,17.0,32.0,0.0,10.8,1015.8,,0
2025-09-11,24.5,18.0,32.0,0.0,10.8,1014.6,,0
2025-09-12,24.6,19.0,30.0,0.0,14.2,1014.3,,0
2025-09-13,24.9,21.0,30.0,0.0,24.0,1018.4,,0
2025-09-14,23.9,20.0,28.0,0.0,25.3,1016.8,,0
2025-09-15,22.1,18.0,27.0,0.0,17.4,1016.8,,0
2025-09-16,22.4,15.0,29.0,0.0,12.5,1017.2,,0
2025-09-17,22.5,14.0,29.0,0.0,17.4,1013.4,,0
2025-09-18,21.1,17.0,26.0,0.0,21.7,1020.0,,0
2025-09-19,19.4,12.0,25.0,0.0,14.4,1024.1,,0
2025-09-20,20.8,13.0,27.0,0.0,21.6,1023.3,,0
2025-09-21,22.0,17.0,27.0,0.0,23.9,1019.3,,0
2025-09-22,22.8,19.0,28.0,0.0,20.5,1015.8,,0
2025-09-23,20.7,14.0,28.0,0.0,11.8,1015.6,,0
2025-09-24,21.0,14.0,29.0,0.0,13.0,1014.4,,0
2025-09-25,21.4,15.0,28.0,0.0,23.1,1015.5,,0
2025-09-26,21.0,19.0,25.0,0.0,32.4,1019.1,,0
2025-09-27,19.8,18.0,24.0,0.0,31.8,1019.4,,0
2025-09-28,18.7,16.0,22.0,1.8,12.0,1015.8,,0
2025-09-29,17.2,14.2,21.8,5.9,12.8,1014.3,,0
2025-09-30,17.6,12.6,23.7,0.0,10.5,1017.9,,0
