time,tavg,tmin,tmax,prcp,snow,wdir,wspd,wpgt,pres,tsun
2020-10-05,19.7,10.8,25.0,0.0,,,,,,
2020-10-06,21.6,12.3,26.5,0.0,,,,,,
2020-10-07,23.4,16.3,27.6,0.0,,,,,,
2020-10-08,24.5,15.2,30.1,0.0,,,,,,
2020-10-09,23.7,17.8,28.8,0.0,,,,,,
2020-10-10,21.4,,26.2,0.0,,,,,,
2020-10-11,19.7,12.0,24.8,0.0,,,,,,
2020-10-12,20.8,11.7,27.5,0.0,,,,,,
2020-10-13,20.6,12.2,26.0,0.0,,,,,,
2020-10-14,21.8,13.4,27.3,0.0,,,,,,
2020-10-15,19.0,11.0,23.9,0.0,,,,,,
2020-10-16,20.4,10.7,24.1,0.0,,,,,,
2020-10-17,20.7,10.6,24.6,0.0,,,,,,
2020-10-18,21.7,13.8,26.5,0.0,,,,,,
2020-10-19,15.9,9.8,19.8,0.0,,,,,,
2020-10-20,14.4,10.9,17.7,0.0,,,,,,
2020-10-21,14.4,7.2,19.8,0.0,,,,,,
2020-10-22,16.7,8.2,22.5,0.0,,,,,,
2020-10-23,18.9,9.0,24.4,0.0,,,,,,
2020-10-24,19.6,13.6,24.7,0.0,,,,,,
2020-10-25,18.8,11.2,24.0,0.0,,,,,,
2020-10-26,20.3,12.1,25.5,0.0,,,,,,
2020-10-27,,,,,,,,,,
2020-10-28,18.9,13.1,23.3,0.0,,,,,,
2020-10-29,17.6,10.5,23.3,0.0,,,,,,
2020-10-30,16.8,8.8,21.5,0.0,,,,,,
2020-10-31,11.6,,15.1,0.0,,,,,,
2020-11-01,10.7,6.1,15.5,0.0,,,,,,
2020-11-02,9.1,4.5,13.4,0.0,,,,,,
2020-11-03,10.8,3.4,15.6,0.0,,,,,,
2020-11-04,,,,,,,,,,
2020-11-05,9.4,6.1,10.8,17.5,,,,,,
2020-11-06,8.3,,9.9,0.5,,,,,,
2020-11-07,6.5,2.2,9.7,0.0,,,,,,
2020-11-08,7.6,1.6,12.9,0.0,,,,,,
2020-11-09,8.3,1.7,13.9,0.0,,,,,,
2020-11-10,8.8,2.4,13.3,0.0,,,,,,
2020-11-11,6.6,2.0,10.8,0.0,,,,,,
2020-11-12,5.6,-0.2,10.1,0.0,,,,,,
2020-11-13,6.9,1.0,11.5,0.0,,,,,,
2020-11-14,8.4,2.2,11.8,0.0,,,,,,
2020-11-15,6.3,1.3,10.5,0.0,,,,,,
2020-11-16,,,,,,,,,,
2020-11-17,7.7,1.4,11.3,0.0,,,,,,
2020-11-18,6.9,-0.4,9.9,0.0,,,,,,
2020-11-19,4.9,-1.4,7.7,0.0,,,,,,
2020-11-20,3.6,0.6,5.9,0.0,,,,,,
2020-11-21,4.0,,6.4,0.0,,,,,,
2020-11-22,2.8,-3.3,5.9,0.0,,,,,,
2020-11-23,2.4,-3.6,5.4,0.0,,,,,,
2020-11-24,4.3,-2.5,8.0,0.0,,,,,,
2020-11-25,3.4,-3.2,6.5,0.0,,,,,,
2020-11-26,1.7,-2.9,5.4,0.0,,,,,,
2020-11-27,2.0,-4.9,5.9,0.0,,,,,,
2020-11-28,3.9,-3.8,8.4,0.0,,,,,,
2020-11-29,5.2,-1.8,8.6,0.0,,,,,,
2020-11-30,6.0,-0.2,9.6,0.0,,,,,,
2020-12-01,6.8,2.3,8.3,1.0,,,,,,
2020-12-02,8.0,2.7,10.4,0.3,,,,,,
2020-12-03,8.6,4.3,10.8,0.0,,,,,,
2020-12-04,8.1,2.6,11.4,0.0,,,,,,
2020-12-05,5.6,0.7,9.3,0.0,,,,,,
2020-12-06,5.7,-1.0,9.5,0.0,,,,,,
2020-12-07,8.2,1.1,11.8,0.0,,,,,,
2020-12-08,6.8,,11.3,16.0,,,,,,
2020-12-09,5.4,1.1,9.4,0.3,,,,,,
2020-12-10,7.4,2.9,11.6,0.0,,,,,,
2020-12-11,6.6,4.3,9.5,2.0,,,,,,
2020-12-12,8.2,5.6,10.5,0.0,,,,,,
2020-12-13,8.3,5.9,10.4,0.3,,,,,,
2020-12-14,8.2,,10.2,3.0,,,,,,
2020-12-15,6.4,5.1,7.4,0.3,,,,,,
2020-12-16,5.6,3.4,7.7,0.0,,,,,,
2020-12-17,4.4,2.8,8.5,0.0,,,,,,
2020-12-18,2.7,,5.3,0.0,,,,,,
2020-12-19,2.3,,5.4,0.0,,,,,,
2020-12-20,1.8,-2.3,5.0,0.0,,,,,,
2020-12-21,1.6,-3.1,5.1,0.0,,,,,,
2020-12-22,1.3,-1.6,3.0,0.0,,,,,,
2020-12-23,-1.2,,0.8,0.3,,,,,,
2020-12-24,-0.8,-6.4,2.4,0.0,,,,,,
2020-12-25,5.7,-1.7,10.9,0.0,,,,,,
2020-12-26,6.2,1.3,10.6,0.0,,,,,,
2020-12-27,5.9,0.5,9.5,0.0,,,,,,
2020-12-28,6.6,,9.3,0.0,,,,,,
2020-12-29,7.3,1.7,12.4,0.0,,,,,,
2020-12-30,6.6,1.7,11.0,0.0,,,,,,
2020-12-31,6.7,1.6,11.4,0.0,,,,,,
2021-01-01,6.9,1.9,11.2,0.0,,,,,,
2021-01-02,5.9,1.3,9.9,0.0,,,7.0,,1024.2,
2021-01-03,4.9,0.0,9.0,0.0,,,5.6,,1024.8,
2021-01-04,6.6,0.7,10.7,0.0,,,5.7,,1021.8,
2021-01-05,9.0,4.6,13.7,0.0,,,17.3,,1019.3,
2021-01-06,7.3,3.3,10.9,2.8,,,5.8,,1024.0,
2021-01-07,8.7,3.5,14.0,0.0,,,8.6,,1022.0,
2021-01-08,9.1,5.0,13.0,0.0,,,10.3,,1020.3,
2021-01-09,9.3,4.4,14.0,0.0,,,12.6,,1019.4,
2021-01-10,10.8,6.3,13.8,0.0,,,14.6,,1020.6,
2021-01-11,13.9,10.1,16.8,1.0,,,19.8,,1020.9,
2021-01-12,15.8,12.0,19.8,0.0,,,21.9,,1017.9,
2021-01-13,7.3,0.5,13.9,17.0,,,26.9,,1006.2,
2021-01-14,0.5,-3.8,2.4,7.1,1.0,,8.0,,1006.2,
2021-01-15,0.2,-3.4,5.8,7.1,1.0,,14.0,,1011.2,
2021-01-16,1.6,-2.6,4.3,8.9,14.0,,9.0,,1009.9,
2021-01-17,0.9,-4.7,3.7,2.5,,,16.4,,1004.0,
2021-01-18,-5.9,-7.9,-2.6,2.3,4.0,,11.2,,1017.5,
2021-01-19,-8.1,-10.2,-5.6,0.0,3.0,,6.6,,1022.6,
2021-01-20,-8.0,-13.4,-4.6,0.0,2.0,,7.4,,1028.0,
2021-01-21,-3.3,-9.3,0.9,0.0,2.0,,7.2,,1033.4,
2021-01-22,0.3,-5.1,4.4,0.0,2.0,,5.8,,1030.2,
2021-01-23,1.0,-4.2,5.6,0.0,1.0,,6.2,,1024.7,
2021-01-24,3.3,-2.0,6.1,0.0,,,10.5,,1020.1,
2021-01-25,4.6,0.8,6.4,0.0,,,17.9,,1018.7,
2021-01-26,5.7,3.0,7.3,0.0,,,19.0,,1018.3,
2021-01-27,7.8,3.5,10.9,0.0,,,28.3,,1007.9,
2021-01-28,1.3,-1.9,3.4,0.3,,,16.2,,1008.4,
2021-01-29,-2.0,-3.5,-0.1,1.0,1.0,,8.4,,1014.7,
2021-01-30,1.9,-4.9,4.6,0.0,,,17.3,,1011.2,
2021-01-31,4.2,1.4,7.1,23.6,,,13.2,,1012.8,
2021-02-01,6.4,2.3,9.8,0.0,,,22.0,,1019.7,
2021-02-02,7.4,4.3,12.7,0.0,,,20.6,,1020.1,
2021-02-03,9.1,3.5,14.1,0.3,,,10.0,,1018.6,
2021-02-04,8.6,2.9,12.7,0.0,,,5.2,,1017.5,
2021-02-05,7.6,3.5,10.9,0.0,,,10.9,,1019.9,
2021-02-06,9.4,3.2,13.8,0.0,,,10.5,,1019.6,
2021-02-07,13.1,6.8,17.4,0.0,,,12.9,,1017.8,
2021-02-08,13.5,8.9,17.0,0.0,,,15.6,,1017.4,
2021-02-09,12.8,5.8,17.1,0.0,,,17.9,,1017.6,
2021-02-10,7.0,3.8,12.1,0.1,,,13.7,,1017.0,
2021-02-11,7.7,2.2,15.4,0.0,,,14.3,,1016.8,
2021-02-12,7.4,3.0,12.3,0.4,,,18.2,,1012.9,
2021-02-13,4.8,-3.3,8.3,0.0,,,7.2,,1021.6,
2021-02-14,7.6,0.2,13.5,0.0,,,8.0,,1015.3,
2021-02-15,7.4,0.0,13.9,1.4,,,13.4,,1010.6,
2021-02-16,-6.0,-8.3,-1.6,17.9,,,12.8,,1013.6,
2021-02-17,-8.3,-12.6,-6.6,14.0,22.0,,16.8,,1016.5,
2021-02-18,-7.9,-15.1,-3.9,0.5,17.0,,5.3,,1023.9,
2021-02-19,-6.9,-10.9,-3.9,0.6,,,11.6,,1027.3,
2021-02-20,-9.8,-13.2,-6.4,0.1,,,5.0,,1032.7,
2021-02-21,-5.2,-16.2,-1.8,0.0,,,8.0,,1033.9,
2021-02-22,-1.7,-9.4,3.1,0.0,8.0,,5.0,,1033.4,
2021-02-23,1.9,-6.6,6.8,0.0,6.0,,4.9,,1032.0,
2021-02-24,4.4,-2.3,8.4,0.0,4.0,,4.5,,1028.1,
2021-02-25,1.8,-2.0,5.1,0.0,3.0,,10.6,,1030.6,
2021-02-26,2.4,-4.3,6.7,0.0,1.0,,5.6,,1028.9,
2021-02-27,5.0,-1.7,10.5,0.0,1.0,,4.6,,1021.3,
2021-02-28,5.8,-1.2,10.3,0.0,,,10.1,,1018.3,
2021-03-01,-0.1,-3.3,3.1,3.0,4.0,,10.3,,1024.3,
2021-03-02,1.7,-5.1,5.2,0.0,1.0,,9.2,,1024.8,
2021-03-03,3.1,-3.3,8.6,0.0,,,10.2,,1022.7,
2021-03-04,2.0,-5.4,6.7,0.0,,,7.8,,1023.9,
2021-03-05,7.9,-0.4,13.5,0.0,,,9.2,,1021.1,
2021-03-06,10.4,4.3,15.1,0.0,,,12.1,,1019.6,
2021-03-07,5.4,0.4,10.1,0.3,,,11.2,,1018.9,
2021-03-08,3.1,-2.0,8.1,0.0,,,10.0,,1017.9,
2021-03-09,6.3,-0.4,11.3,0.0,,,8.1,,1016.2,
2021-03-10,9.3,1.0,14.0,1.0,,,7.2,,1013.8,
2021-03-11,8.2,-0.5,13.8,2.3,,,13.3,,1005.2,
2021-03-12,-2.4,-5.9,1.1,16.0,3.0,,12.8,,1020.4,
2021-03-13,5.5,-4.2,11.4,0.0,1.0,,6.0,,1018.6,
2021-03-14,9.2,3.9,12.3,0.0,,,6.1,,1014.1,
2021-03-15,7.1,4.7,9.4,1.0,,,12.6,,1009.6,
2021-03-16,6.5,2.3,10.7,2.3,,,24.3,,1004.6,
2021-03-17,2.8,0.5,5.3,8.8,,,19.0,,1005.8,
2021-03-18,1.1,-1.4,4.4,23.9,1.0,,12.9,,1011.2,
2021-03-19,5.4,-0.2,9.2,2.0,1.0,,12.9,,1015.4,
2021-03-20,7.6,3.1,11.0,0.0,,,12.7,,1015.4,
2021-03-21,12.9,5.8,17.0,0.0,,,14.4,,1010.6,
2021-03-22,13.6,7.9,19.7,3.0,,,21.4,,1003.9,
2021-03-23,8.9,4.8,16.7,5.1,,,16.3,,999.5,
2021-03-24,1.5,-1.2,4.5,6.2,,,12.8,,1001.3,
2021-03-25,-2.8,-5.7,0.1,5.1,3.0,,11.5,,1012.4,
2021-03-26,-2.9,-6.6,1.2,0.3,1.0,,10.6,,1021.0,
2021-03-27,-0.8,-3.5,2.8,0.5,1.0,,14.2,,1027.5,
2021-03-28,2.7,-3.7,7.1,0.5,1.0,,6.7,,1030.0,
2021-03-29,4.4,-1.1,9.6,0.0,,,6.3,,1025.9,
2021-03-30,3.3,-1.6,8.3,1.5,,,7.0,,1020.1,
2021-03-31,4.9,-0.7,12.4,2.0,,,8.6,,1014.4,
2021-04-01,4.8,2.2,7.3,11.9,,,6.7,,1012.2,
2021-04-02,5.3,2.6,8.4,0.5,,,7.7,,1014.4,
2021-04-03,9.1,2.6,13.6,0.0,,,14.8,,1016.4,
2021-04-04,8.5,2.3,14.3,0.0,,,14.3,,1016.8,
2021-04-05,14.4,8.3,17.1,0.0,,,22.8,,1014.3,
2021-04-06,15.9,10.0,20.2,0.0,,,16.4,,1013.6,
2021-04-07,19.5,11.2,23.3,0.0,,,21.7,,1009.4,
2021-04-08,16.5,8.2,21.7,0.0,,,15.2,,1009.2,
2021-04-09,3.7,-1.8,8.8,5.4,,,15.5,,1014.7,
2021-04-10,-2.2,-3.6,-1.2,5.6,6.0,,21.7,,1018.5,
2021-04-11,-1.2,-3.1,0.6,29.0,36.0,,11.9,,1020.2,
2021-04-12,2.4,-2.6,6.3,5.1,33.0,,3.9,,1022.3,
2021-04-13,4.9,0.7,8.5,0.0,14.0,,5.1,,1022.2,
2021-04-14,11.0,2.3,16.0,0.0,6.0,,12.5,,1018.1,
2021-04-15,13.9,7.1,18.2,0.0,1.0,,11.0,,1016.6,
2021-04-16,16.1,9.0,20.1,0.0,,,14.1,,1015.1,
2021-04-17,16.9,11.4,21.5,0.3,,,13.3,,1017.1,
2021-04-18,16.7,10.8,20.7,3.3,,,15.8,,1018.8,
2021-04-19,17.1,10.3,22.9,0.0,,,10.9,,1014.5,
2021-04-20,16.1,10.5,20.8,0.0,,,12.9,,1008.3,
2021-04-21,11.0,5.0,17.2,0.0,,,9.1,,1014.4,
2021-04-22,10.9,6.2,15.9,0.4,,,8.7,,1019.0,
2021-04-23,11.9,4.2,18.6,0.0,,,6.0,,1020.5,
2021-04-24,14.1,7.4,20.5,0.0,,,7.3,,1016.0,
2021-04-25,14.4,7.4,20.0,0.0,,,7.6,,1010.1,
2021-04-26,10.7,6.4,16.1,9.6,,,9.6,,1009.3,
2021-04-27,9.6,3.3,16.7,0.0,,,6.3,,1016.5,
2021-04-28,16.6,7.7,24.2,0.0,,,12.2,,1015.2,
2021-04-29,18.6,13.6,24.5,0.0,,,18.2,,1017.0,
2021-04-30,18.2,11.7,22.3,0.0,,,14.4,,1017.3,
2021-05-01,20.9,10.5,23.6,1.5,,,10.8,,1018.5,
2021-05-02,22.6,11.6,25.0,0.0,,,7.7,,1016.4,
2021-05-03,24.8,15.7,27.4,0.0,,,12.4,,1012.8,
2021-05-04,20.7,14.8,23.7,0.6,,,12.0,,1012.5,
2021-05-05,17.6,7.4,21.2,0.0,,,7.4,,1012.3,
2021-05-06,14.1,9.3,17.7,7.1,,,10.7,,1012.2,
2021-05-07,16.0,7.5,20.7,0.0,,,7.3,,1017.1,
2021-05-08,21.4,13.0,27.7,0.0,,,12.8,,1013.7,
2021-05-09,12.1,5.8,15.0,0.0,,,14.8,,1016.0,
2021-05-10,9.9,1.9,14.9,0.0,,,12.2,,1020.9,
2021-05-11,14.5,2.5,19.9,0.0,,,9.0,,1014.9,
2021-05-12,20.6,11.0,25.9,0.0,,,10.5,,1009.6,
2021-05-13,23.0,13.4,28.0,0.0,,,11.4,,1009.3,
2021-05-14,24.2,14.9,29.1,0.0,,,9.7,,1011.5,
2021-05-15,23.8,13.7,29.5,0.0,,,11.2,,1010.5,
2021-05-16,21.4,14.9,25.1,0.0,,,11.2,,1005.8,
2021-05-17,16.7,10.9,20.7,0.0,,,11.7,,1009.2,
2021-05-18,22.3,11.9,26.9,0.0,,,12.9,,1009.9,
2021-05-19,20.1,11.5,24.9,0.0,,,11.3,,1014.3,
2021-05-20,28.7,14.2,32.0,0.0,,,17.0,,1009.3,
2021-05-21,27.8,15.0,31.9,0.0,,,18.9,,1006.2,
2021-05-22,14.3,9.6,17.3,0.0,,,15.5,,1012.1,
2021-05-23,12.9,7.6,15.7,0.0,,,15.0,,1015.9,
2021-05-24,15.0,8.8,19.4,0.0,,,13.4,,1019.2,
2021-05-25,21.3,8.8,24.8,0.0,,,10.2,,1018.0,
2021-05-26,24.8,12.8,28.1,0.0,,,7.8,,1013.4,
2021-05-27,20.5,12.9,27.4,0.4,,,9.8,,1010.4,
2021-05-28,20.5,14.0,27.1,0.3,,,8.3,,1007.9,
2021-05-29,17.2,12.8,20.6,0.0,,,16.3,,1009.6,
2021-05-30,20.0,9.3,25.1,0.0,,,7.2,,1013.8,
2021-05-31,20.7,14.1,26.3,2.0,,,9.4,,1009.3,
2021-06-01,15.7,11.0,23.7,3.0,,,9.0,,1008.5,
2021-06-02,12.7,9.0,16.0,7.1,,,12.6,,1013.8,
2021-06-03,14.7,5.9,19.3,0.0,,,10.6,,1017.5,
2021-06-04,14.9,7.6,19.1,0.0,,,9.5,,1018.6,
2021-06-05,14.4,7.9,18.7,0.0,,,7.4,,1017.5,
2021-06-06,16.9,8.9,21.3,0.0,,,7.5,,1016.4,
2021-06-07,20.2,11.5,25.4,0.0,,,9.4,,1015.5,
2021-06-08,20.7,13.8,26.6,0.3,,,8.2,,1013.0,
2021-06-09,19.9,12.1,26.3,0.0,,,11.4,,1011.0,
2021-06-10,17.7,11.7,23.9,23.9,,,7.3,,1009.8,
2021-06-11,19.2,11.8,24.3,0.0,,,5.0,,1011.5,
2021-06-12,18.8,11.8,22.7,4.8,,,6.2,,1013.1,
2021-06-13,20.9,12.1,25.5,0.0,,,6.8,,1012.5,
2021-06-14,21.7,13.2,26.3,0.0,,,6.8,,1007.9,
2021-06-15,21.4,10.4,25.4,0.0,,,8.0,,1008.9,
2021-06-16,18.8,11.4,24.0,0.0,,,10.5,,1009.4,
2021-06-17,18.6,11.4,22.4,0.0,,,14.2,,1016.2,
2021-06-18,21.7,11.1,24.6,0.0,,,8.0,,1015.4,
2021-06-19,24.8,12.6,28.2,0.0,,,7.3,,1011.0,
2021-06-20,27.2,14.2,30.1,0.0,,,8.6,,1008.8,
2021-06-21,22.1,15.4,27.9,10.9,,,8.8,,1009.0,
2021-06-22,20.8,15.1,24.9,0.8,,,9.0,,1012.3,
2021-06-23,22.7,14.0,26.3,0.3,,,7.2,,1014.1,
2021-06-24,23.7,14.0,27.5,0.0,,,7.8,,1013.7,
2021-06-25,22.9,16.1,26.7,0.0,,,9.1,,1013.0,
2021-06-26,23.5,14.4,25.8,0.0,,,8.8,,1011.2,
2021-06-27,24.1,14.7,27.3,0.0,,,8.8,,1012.0,
2021-06-28,24.9,15.5,28.1,0.0,,,10.5,,1013.7,
2021-06-29,24.8,13.7,28.0,0.0,,,13.8,,1014.3,
2021-06-30,25.7,13.5,29.8,0.0,,,10.7,,1014.1,
2021-07-01,27.3,14.2,31.5,0.0,,,8.1,,1012.4,
2021-07-02,30.1,20.5,34.3,0.0,,,8.6,,1008.3,
2021-07-03,27.4,19.6,33.4,0.0,,,13.6,,1003.0,
2021-07-04,19.8,14.7,25.5,0.3,,,15.6,,1007.2,
2021-07-05,20.9,12.4,26.2,0.3,,,9.0,,1008.9,
2021-07-06,23.1,15.0,26.7,0.0,,,8.4,,1007.6,
2021-07-07,23.1,14.5,27.7,0.0,,,9.1,,1010.7,
2021-07-08,25.3,16.5,29.8,0.0,,,9.7,,1012.2,
2021-07-09,23.5,15.9,27.9,0.0,,,11.1,,1011.7,
2021-07-10,21.8,14.3,26.4,0.0,,,11.7,,1009.5,
2021-07-11,24.7,14.1,28.1,0.0,,,9.0,,1009.0,
2021-07-12,23.5,18.2,29.2,0.0,,,7.4,,1010.1,
2021-07-13,24.7,16.9,30.4,0.0,,,8.9,,1009.6,
2021-07-14,22.3,14.6,28.8,0.0,,,12.1,,1009.7,
2021-07-15,21.5,14.3,28.5,0.0,,,15.1,,1009.9,
2021-07-16,22.6,14.5,30.0,0.0,,,9.7,,1009.0,
2021-07-17,26.1,19.8,32.6,0.0,,,8.7,,1006.5,
2021-07-18,29.0,20.4,35.6,0.0,,,7.1,,1004.5,
2021-07-19,28.2,19.9,35.3,0.0,,,9.3,,1007.0,
2021-07-20,28.2,19.5,35.3,0.0,,,9.9,,1006.6,
2021-07-21,26.6,19.6,32.6,0.0,,,11.6,,1006.7,
2021-07-22,23.5,16.9,28.7,0.0,,,12.0,,1008.1,
2021-07-23,20.6,14.0,26.4,0.0,,,12.4,,1008.9,
2021-07-24,19.7,12.3,26.5,0.0,,,14.4,,1009.8,
2021-07-25,19.9,11.5,27.1,0.0,,,10.4,,1011.4,
2021-07-26,21.2,14.5,27.5,0.0,,,9.6,,1013.3,
2021-07-27,20.7,13.8,27.2,0.0,,,14.1,,1015.4,
2021-07-28,20.0,12.9,26.7,0.0,,,19.3,,1015.3,
2021-07-29,19.4,11.1,27.3,0.0,,,16.6,,1013.1,
2021-07-30,20.8,12.8,28.7,0.0,,,13.4,,1010.9,
2021-07-31,21.8,13.0,29.4,0.0,,,13.5,,1010.2,
2021-08-01,26.2,14.6,29.6,0.0,,,11.0,,1010.7,
2021-08-02,25.5,14.6,29.0,0.0,,,10.0,,1011.2,
2021-08-03,26.8,15.3,30.9,0.0,,,10.2,,1012.7,
2021-08-04,28.2,16.3,32.1,0.0,,,10.8,,1013.6,
2021-08-05,28.6,16.5,32.1,0.0,,,10.0,,1011.9,
2021-08-06,30.2,17.7,33.7,0.0,,,7.8,,1006.4,
2021-08-07,21.2,16.0,27.1,8.9,,,10.8,,1004.6,
2021-08-08,20.0,13.3,21.9,0.0,,,7.8,,1011.6,
2021-08-09,19.9,15.1,23.8,10.9,,,9.2,,1015.1,
2021-08-10,18.7,14.3,21.0,7.9,,,8.5,,1014.2,
2021-08-11,17.5,14.5,21.8,2.3,,,9.0,,1013.0,
2021-08-12,20.3,14.3,23.0,0.0,,,8.2,,1014.0,
2021-08-13,21.3,13.8,24.6,0.0,,,13.6,,1016.2,
2021-08-14,19.4,14.3,22.8,0.0,,,13.6,,1016.6,
2021-08-15,20.6,10.7,24.0,0.0,,,10.9,,1015.3,
2021-08-16,21.9,10.6,25.4,0.0,,,8.2,,1015.2,
2021-08-17,24.2,12.4,28.0,0.0,,,7.4,,1012.9,
2021-08-18,26.3,15.1,30.8,0.0,,,5.8,,1008.2,
2021-08-19,25.6,15.6,30.0,0.0,,,9.5,,1007.2,
2021-08-20,23.6,14.1,29.1,0.0,,,7.7,,1011.3,
2021-08-21,24.1,14.3,29.5,0.0,,,9.0,,1013.2,
2021-08-22,25.2,14.0,28.7,0.0,,,9.7,,1012.4,
2021-08-23,23.2,13.6,27.6,0.0,,,11.2,,1013.3,
2021-08-24,23.1,11.9,27.7,0.0,,,7.7,,1013.1,
2021-08-25,25.9,15.1,29.8,0.0,,,7.2,,1012.1,
2021-08-26,28.9,17.9,32.7,0.0,,,6.6,,1011.2,
2021-08-27,30.1,18.9,34.3,0.0,,,7.4,,1011.0,
2021-08-28,31.9,18.9,36.0,0.0,,,8.8,,1009.0,
2021-08-29,29.9,22.3,34.0,0.0,,,7.5,,1005.4,
2021-08-30,29.8,20.7,33.2,0.0,,,9.6,,1006.7,
2021-08-31,28.0,17.6,32.1,0.0,,,7.1,,1010.5,
2021-09-01,26.7,17.4,31.0,0.0,,,7.1,,1009.5,
2021-09-02,20.8,15.8,24.2,1.2,,,9.3,,1011.6,
2021-09-03,18.3,10.4,21.3,0.0,,,12.5,,1015.6,
2021-09-04,18.7,9.0,22.9,0.0,,,9.3,,1014.3,
2021-09-05,19.0,9.5,24.6,0.0,,,9.1,,1013.0,
2021-09-06,17.4,9.9,23.5,0.0,,,13.0,,1015.7,
2021-09-07,16.6,7.9,22.7,0.0,,,11.2,,1018.9,
2021-09-08,18.7,7.8,24.7,0.0,,,8.6,,1018.0,
2021-09-09,22.8,9.8,27.5,0.0,,,8.0,,1014.6,
2021-09-10,24.1,15.3,27.4,0.0,,,9.4,,1011.0,
2021-09-11,20.4,14.0,23.5,0.0,,,9.6,,1012.4,
2021-09-12,22.1,11.5,25.9,0.0,,,8.2,,1011.5,
2021-09-13,23.2,13.9,26.9,0.0,,,7.0,,1009.8,
2021-09-14,22.9,12.1,27.2,0.8,,,7.1,,1009.9,
2021-09-15,18.7,13.6,23.1,4.1,,,6.0,,1011.4,
2021-09-16,13.3,11.7,15.2,15.5,,,9.1,,1013.7,
2021-09-17,13.9,8.9,16.0,13.7,,,8.0,,1016.1,
2021-09-18,18.6,8.7,22.8,0.0,,,6.3,,1016.1,
2021-09-19,21.9,14.4,25.2,0.0,,,12.8,,1015.2,
2021-09-20,21.7,13.3,24.9,2.0,,,11.8,,1016.5,
2021-09-21,22.4,15.9,26.8,0.0,,,12.4,,1015.0,
2021-09-22,15.3,9.6,19.0,0.0,,,9.0,,1013.1,
2021-09-23,10.4,7.5,14.4,2.0,,,9.7,,1009.9,
2021-09-24,9.7,5.9,14.5,0.5,,,8.8,,1016.5,
2021-09-25,14.2,6.8,18.2,0.0,,,10.9,,1019.5,
2021-09-26,14.9,6.5,19.8,0.0,,,7.8,,1021.7,
2021-09-27,16.2,7.3,21.5,0.0,,,6.2,,1015.8,
2021-09-28,15.5,7.6,20.2,0.0,,,7.8,,1014.6,
2021-09-29,14.6,6.9,19.1,0.0,,,8.3,,1015.7,
2021-09-30,12.3,8.1,15.8,0.0,,,9.2,,1017.0,
2021-10-01,11.8,3.6,16.5,0.0,,,8.3,,1018.6,
2021-10-02,12.7,4.1,17.8,0.0,,,8.9,,1017.0,
2021-10-03,12.3,5.8,17.0,0.0,,,7.3,,1018.0,
2021-10-04,11.7,4.2,15.8,0.0,,,7.3,,1019.7,
2021-10-05,11.8,4.7,16.3,0.0,,,7.9,,1018.2,
2021-10-06,11.1,2.6,14.4,0.0,,,8.2,,1020.2,
2021-10-07,13.2,2.7,16.8,0.0,,,9.5,,1019.3,
2021-10-08,15.2,4.2,19.1,0.0,,,5.3,,1018.6,
2021-10-09,19.3,8.1,22.7,0.0,,,6.8,,1017.5,
2021-10-10,20.7,10.9,24.6,0.0,,,7.1,,1017.7,
2021-10-11,20.4,10.3,24.1,0.0,,,6.6,,1016.4,
2021-10-12,20.1,11.0,24.5,0.0,,,5.7,,1010.9,
2021-10-13,18.1,13.3,21.2,0.0,,,14.8,,1011.6,
2021-10-14,17.2,8.2,21.3,0.0,,,7.8,,1017.0,
2021-10-15,17.7,8.5,21.4,0.0,,,5.6,,1017.5,
2021-10-16,19.3,11.1,22.8,0.0,,,11.9,,1014.3,
2021-10-17,13.4,8.7,16.0,0.3,,,13.2,,1014.6,
2021-10-18,11.6,7.7,15.4,0.0,,,7.4,,1018.5,
2021-10-19,11.1,4.3,15.5,0.0,,,6.3,,1022.0,
2021-10-20,8.7,2.2,12.7,0.0,,,9.2,,1025.9,
2021-10-21,9.4,0.5,14.7,0.0,,,5.6,,1025.1,
2021-10-22,12.2,4.8,17.7,0.0,,,5.4,,1022.3,
2021-10-23,13.2,5.2,18.7,0.0,,,4.9,,1021.5,
2021-10-24,14.1,6.4,19.0,0.0,,,7.6,,1019.6,
2021-10-25,6.4,1.6,10.6,0.0,,,12.6,,1024.7,
2021-10-26,5.2,-2.7,10.3,0.0,,,8.7,,1024.6,
2021-10-27,10.3,1.8,15.4,0.0,,,5.8,,1020.7,
2021-10-28,11.4,4.6,14.9,0.0,,,7.1,,1020.1,
2021-10-29,7.7,1.5,12.1,0.0,,,8.2,,1021.1,
2021-10-30,8.4,0.5,13.5,0.0,,,6.4,,1021.7,
2021-10-31,12.7,5.7,18.7,0.0,,,8.8,,1019.9,
2021-11-01,13.8,10.8,16.4,0.3,,,23.5,,1016.8,
2021-11-02,13.1,8.8,15.9,0.3,,,13.0,,1014.6,
2021-11-03,12.3,7.1,16.2,0.3,,,9.5,,1019.0,
2021-11-04,12.8,6.9,16.8,0.0,,,7.2,,1024.9,
2021-11-05,11.7,4.1,17.3,0.0,,,7.1,,1023.6,
2021-11-06,11.9,4.8,17.3,0.0,,,4.6,,1023.4,
2021-11-07,11.0,3.1,16.4,0.0,,,6.0,,1023.0,
2021-11-08,13.0,5.5,18.0,0.0,,,6.1,,1020.6,
2021-11-09,14.9,7.8,20.1,0.0,,,7.3,,1021.1,
2021-11-10,4.6,-0.7,10.2,12.4,,,18.8,,1026.1,
2021-11-11,0.0,-3.9,4.0,2.3,,,11.7,,1030.1,
2021-11-12,1.2,-4.9,5.8,0.0,,,6.0,,1025.7,
2021-11-13,5.7,-1.5,10.8,0.0,,,5.2,,1023.1,
2021-11-14,8.9,2.6,13.7,0.0,,,5.5,,1021.8,
2021-11-15,7.6,1.8,12.9,0.0,,,5.6,,1020.4,
2021-11-16,4.3,-1.6,8.5,0.0,,,6.3,,1023.4,
2021-11-17,4.6,-1.5,11.9,0.0,,,4.3,,1020.7,
2021-11-18,6.9,2.3,13.3,0.0,,,5.6,,1020.3,
2021-11-19,5.7,1.5,11.0,0.0,,,6.1,,1016.6,
2021-11-20,4.2,2.9,5.8,0.0,,,7.3,,1016.1,
2021-11-21,5.1,-0.1,8.5,0.0,,,7.7,,1019.3,
2021-11-22,9.7,2.1,12.6,0.0,,,7.3,,1020.6,
2021-11-23,11.7,4.3,14.3,0.0,,,11.6,,1020.4,
2021-11-24,9.3,4.7,11.5,0.0,,,7.7,,1017.3,
2021-11-25,3.1,1.7,4.0,7.1,,,5.7,,1019.6,
2021-11-26,7.8,3.4,11.9,0.3,,,7.9,,1019.7,
2021-11-27,11.9,6.7,15.5,0.0,,,16.5,,1017.5,
2021-11-28,13.3,8.5,17.3,3.8,,,18.1,,1015.2,
2021-11-29,17.3,9.9,20.4,0.5,,,20.5,,1015.3,
2021-11-30,15.8,8.1,19.8,0.0,,,24.6,,1007.3,
2021-12-01,2.5,0.0,4.9,7.1,,,14.7,,1013.6,
2021-12-02,3.2,-1.8,6.0,0.3,,,7.9,,1020.4,
2021-12-03,6.1,0.1,9.5,0.0,,,8.0,,1020.2,
2021-12-04,8.2,2.3,10.7,0.5,,,10.3,,1016.7,
2021-12-05,7.7,3.7,10.7,0.0,,,9.1,,1013.4,
2021-12-06,10.1,4.5,14.0,0.0,,,11.6,,1017.8,
2021-12-07,10.1,4.9,12.8,0.0,,,26.2,,1012.4,
2021-12-08,6.1,1.1,8.7,3.3,,,18.6,,1008.1,
2021-12-09,6.2,3.2,8.9,1.0,,,12.4,,1019.8,
2021-12-10,10.1,2.0,13.8,0.0,,,14.9,,1021.6,
2021-12-11,9.7,3.3,11.6,0.0,,,14.4,,1020.2,
2021-12-12,12.2,5.7,16.0,0.0,,,17.3,,1020.2,
2021-12-13,12.7,6.5,16.7,0.0,,,16.6,,1016.7,
2021-12-14,7.2,4.9,8.8,13.9,,,13.9,,1012.7,
2021-12-15,5.2,2.5,9.5,6.1,,,10.9,,1012.3,
2021-12-16,1.9,-1.3,5.0,7.2,,,6.9,,1017.7,
2021-12-17,0.6,-1.0,2.5,4.7,,,8.1,,1016.1,
2021-12-18,-0.6,-2.5,1.1,11.4,7.0,,4.0,,1014.8,
2021-12-19,0.9,-1.6,4.3,0.5,4.0,,10.9,,1009.5,
2021-12-20,-0.3,-2.3,1.1,0.8,2.0,,9.2,,1009.9,
2021-12-21,-2.2,-5.5,0.2,1.0,2.0,,17.4,,1018.5,
2021-12-22,-6.1,-8.2,-3.3,1.0,1.0,,8.4,,1026.3,
2021-12-23,-8.2,-10.0,-6.1,0.0,1.0,,7.0,,1026.5,
2021-12-24,-6.4,-11.7,-2.4,0.0,,,6.0,,1026.0,
2021-12-25,0.8,-6.8,6.2,0.0,,,8.8,,1023.5,
2021-12-26,2.9,-2.6,5.9,0.0,,,10.6,,1024.4,
2021-12-27,5.4,2.8,8.3,0.0,,,7.4,,1023.6,
2021-12-28,5.2,2.2,8.9,0.0,,,8.6,,1019.0,
2021-12-29,5.4,1.2,9.2,0.0,,,10.1,,1016.2,
2021-12-30,5.3,1.7,9.2,0.0,,,19.6,,1015.7,
2021-12-31,3.3,-0.7,6.8,0.0,,,7.5,,1019.4,
2022-01-01,5.5,0.0,9.6,0.0,,,7.6,,1018.4,
2022-01-02,2.4,-3.4,5.0,1.5,,,13.6,,1019.9,
2022-01-03,1.2,-4.1,4.9,3.6,,,9.0,,1022.5,
2022-01-04,4.6,0.7,7.6,0.0,,,14.4,,1017.2,
2022-01-05,7.4,1.9,12.5,0.0,,,11.2,,1018.6,
2022-01-06,8.4,4.2,12.6,0.0,,,11.4,,1019.1,
2022-01-07,7.7,5.2,11.5,0.0,,,8.6,,1019.3,
2022-01-08,7.4,3.0,11.5,0.0,,,13.6,,1017.9,
2022-01-09,7.7,3.7,12.3,0.0,,,25.6,,1011.1,
2022-01-10,4.9,1.7,8.3,2.3,,,20.9,,1007.4,
2022-01-11,5.4,2.9,8.3,0.0,,,19.1,,1012.2,
2022-01-12,3.3,1.4,5.7,0.0,,,13.2,,1012.9,
2022-01-13,-1.5,-4.9,2.1,5.5,,,12.9,,1019.8,
2022-01-14,-6.0,-9.3,-2.9,3.3,4.0,,8.5,,1023.7,
2022-01-15,-4.7,-9.1,-1.8,0.0,2.0,,14.0,,1015.9,
2022-01-16,-5.6,-9.3,-3.1,0.3,3.0,,10.0,,1023.0,
2022-01-17,-4.7,-8.4,-1.6,0.0,2.0,,7.4,,1025.5,
2022-01-18,-1.9,-5.6,1.5,0.0,1.0,,15.1,,1017.9,
2022-01-19,-7.6,-11.3,-6.0,7.1,12.0,,13.6,,1023.6,
2022-01-20,-8.2,-11.6,-5.1,0.0,9.0,,11.8,,1030.6,
2022-01-21,-0.9,-10.3,3.8,0.0,7.0,,11.9,,1023.8,
2022-01-22,2.7,-2.1,4.8,0.0,4.0,,30.1,,1012.4,
2022-01-23,-4.2,-7.6,0.3,21.9,,,15.6,,1009.1,
2022-01-24,-8.4,-12.6,-4.6,9.9,34.0,,15.8,,1022.4,
2022-01-25,-9.2,-13.5,-7.1,0.3,30.0,,6.9,,1024.0,
2022-01-26,-8.3,-9.6,-5.6,16.3,44.0,,5.5,,1019.0,
2022-01-27,-7.7,-13.1,-4.0,4.1,40.0,,11.7,,1024.2,
2022-01-28,-11.0,-14.2,-6.0,0.3,36.0,,7.2,,1027.6,
2022-01-29,-8.4,-15.0,-3.1,0.0,30.0,,6.8,,1027.0,
2022-01-30,-0.5,-10.3,4.9,0.0,26.0,,15.3,,1020.3,
2022-01-31,-1.8,-3.2,-0.8,12.8,,,11.6,,1014.0,
2022-02-01,1.4,-3.6,5.2,11.4,35.0,,15.5,,1015.7,
2022-02-02,4.2,-1.6,5.9,0.0,33.0,,30.9,,1015.7,
2022-02-03,4.4,1.2,6.1,0.0,30.0,,30.7,,1009.2,
2022-02-04,-1.2,-3.7,1.0,2.9,,,14.8,,1013.2,
2022-02-05,-3.8,-6.8,-0.7,4.1,28.0,,8.3,,1023.7,
2022-02-06,-1.3,-8.9,3.0,0.0,,,9.6,,1024.6,
2022-02-07,1.4,-5.8,4.6,0.0,25.0,,11.9,,1021.3,
2022-02-08,6.1,1.5,9.5,0.0,23.0,,29.8,,1011.6,
2022-02-09,1.9,-1.0,4.0,10.8,,,20.4,,1009.6,
2022-02-10,-3.0,-5.3,-2.1,19.1,22.0,,16.1,,1022.6,
2022-02-11,-2.9,-8.8,1.1,3.0,21.0,,5.1,,1031.1,
2022-02-12,1.1,-6.3,6.5,0.0,15.0,,6.2,,1027.9,
2022-02-13,-0.1,-5.4,3.0,0.0,13.0,,7.6,,1025.5,
2022-02-14,-2.4,-5.9,-0.2,0.0,11.0,,6.0,,1023.2,
2022-02-15,-1.7,-3.7,-0.1,0.0,9.0,,6.0,,1025.2,
2022-02-16,-1.7,-3.7,-0.6,0.0,7.0,,5.2,,1026.8,
2022-02-17,-1.2,-7.3,1.9,0.0,4.0,,5.5,,1020.1,
2022-02-18,4.7,-4.8,8.6,0.0,2.0,,12.0,,1012.0,
2022-02-19,0.8,-1.3,2.6,0.0,1.0,,7.1,,1019.9,
2022-02-20,2.4,-0.5,5.0,0.0,1.0,,6.7,,1023.5,
2022-02-21,8.9,2.3,12.0,0.0,1.0,,10.4,,1015.7,
2022-02-22,7.3,4.5,9.3,0.3,1.0,,12.9,,1012.4,
2022-02-23,9.4,4.2,13.3,0.0,,,15.0,,1014.8,
2022-02-24,9.1,5.6,11.8,0.0,,,21.8,,1010.2,
2022-02-25,5.4,2.3,7.8,6.1,,,11.9,,1009.2,
2022-02-26,4.1,0.4,7.3,0.0,,,8.4,,1018.7,
2022-02-27,6.9,2.7,10.4,0.0,,,8.0,,1020.4,
2022-02-28,8.7,3.9,12.9,0.0,,,18.4,,1016.2,
2022-03-01,3.1,-0.4,5.2,3.0,1.0,,6.9,,1018.0,
2022-03-02,3.7,1.9,6.9,0.8,,,8.6,,1010.5,
2022-03-03,-1.1,-3.5,3.6,7.6,1.0,,19.1,,1003.6,
2022-03-04,-1.2,-6.4,1.3,7.6,2.0,,8.8,,1019.3,
2022-03-05,3.4,-4.0,6.4,0.0,1.0,,8.4,,1017.7,
2022-03-06,4.6,0.3,6.2,0.0,,,9.4,,1013.2,
2022-03-07,7.4,-0.8,11.0,0.5,,,9.9,,1010.7,
2022-03-08,4.1,0.5,6.8,8.4,,,11.5,,1010.5,
2022-03-09,1.1,-0.7,2.8,0.0,,,9.2,,1007.8,
2022-03-10,-1.5,-3.4,-0.2,7.1,9.0,,11.2,,1008.8,
2022-03-11,-5.6,-7.9,-4.4,9.9,15.0,,16.8,,1012.5,
2022-03-12,-6.8,-11.4,-2.9,11.4,25.0,,4.3,,1024.5,
2022-03-13,-6.6,-13.0,-3.4,0.0,21.0,,5.5,,1026.3,
2022-03-14,-5.5,-12.0,-2.6,1.0,14.0,,7.0,,1032.4,
2022-03-15,-5.5,-8.8,-3.1,0.8,14.0,,10.6,,1033.6,
2022-03-16,-2.4,-10.7,1.9,0.0,13.0,,7.0,,1030.2,
2022-03-17,-0.9,-3.0,2.7,3.0,9.0,,10.9,,1023.8,
2022-03-18,-4.8,-8.7,-2.4,7.1,17.0,,11.6,,1026.2,
2022-03-19,-7.3,-10.3,-4.8,2.5,18.0,,12.1,,1028.7,
2022-03-20,-4.9,-10.4,-1.9,0.5,14.0,,10.2,,1028.7,
2022-03-21,-3.4,-6.8,-0.9,3.3,14.0,,10.9,,1026.5,
2022-03-22,-1.4,-8.9,3.8,0.5,12.0,,9.8,,1021.9,
2022-03-23,0.7,-4.5,4.1,0.0,9.0,,3.9,,1019.5,
2022-03-24,0.9,-5.6,4.0,0.3,4.0,,4.0,,1016.4,
2022-03-25,1.8,-3.0,4.7,0.8,2.0,,11.5,,1018.9,
2022-03-26,-0.3,-4.1,2.5,1.5,2.0,,12.9,,1023.9,
2022-03-27,3.7,-4.1,6.7,3.0,1.0,,13.1,,1028.6,
2022-03-28,8.6,0.9,11.4,0.0,,,9.2,,1028.9,
2022-03-29,10.6,-0.1,14.2,0.1,,,9.5,,1021.2,
2022-03-30,9.6,1.3,13.0,5.1,,,7.7,,1017.7,
2022-03-31,13.4,5.7,16.1,0.0,,,13.8,,1017.9,
2022-04-01,20.0,9.0,25.6,0.0,,,19.4,,1015.7,
2022-04-02,21.9,11.5,25.7,0.1,,,23.0,,1010.6,
2022-04-03,16.1,9.0,19.8,0.0,,,21.0,,1012.0,
2022-04-04,12.2,4.1,16.5,0.0,,,13.5,,1016.8,
2022-04-05,17.8,8.9,20.8,0.1,,,23.8,,1011.8,
2022-04-06,15.5,10.1,19.0,0.0,,,11.2,,1009.5,
2022-04-07,14.6,5.0,18.2,4.1,,,13.9,,1010.0,
2022-04-08,12.6,8.5,16.2,0.0,,,17.3,,1006.2,
2022-04-09,16.7,3.6,21.3,0.0,,,7.3,,1013.8,
2022-04-10,14.1,10.0,18.3,0.3,,,14.1,,1010.2,
2022-04-11,12.8,4.5,18.8,1.0,,,20.8,,1004.6,
2022-04-12,0.5,-0.5,2.0,8.4,7.0,,17.7,,1015.9,
2022-04-13,2.5,-4.2,5.6,4.1,1.0,,10.2,,1019.7,
2022-04-14,7.6,-1.0,10.9,0.0,,,7.8,,1020.9,
2022-04-15,10.8,1.6,12.9,0.0,,,8.0,,1019.5,
2022-04-16,14.0,3.1,17.2,0.0,,,6.5,,1016.2,
2022-04-17,17.2,5.0,19.3,0.0,,,13.7,,1010.9,
2022-04-18,22.1,14.8,24.1,0.0,,,33.6,,1004.4,
2022-04-19,14.4,6.6,19.8,4.1,,,15.9,,1006.2,
2022-04-20,12.1,4.7,14.9,4.1,,,9.5,,1014.6,
2022-04-21,13.8,2.9,17.4,0.0,,,11.1,,1014.9,
2022-04-22,16.6,5.9,19.8,0.0,,,7.8,,1016.9,
2022-04-23,20.8,8.9,25.2,0.0,,,8.0,,1011.5,
2022-04-24,23.9,12.7,27.2,0.0,,,8.5,,1009.4,
2022-04-25,24.9,13.0,28.3,0.0,,,9.4,,1009.1,
2022-04-26,23.3,12.2,26.8,0.0,,,10.1,,1009.5,
2022-04-27,21.3,12.2,24.9,0.0,,,10.0,,1010.1,
2022-04-28,20.3,9.6,24.2,0.0,,,7.7,,1011.1,
2022-04-29,20.7,10.7,24.2,0.0,,,7.4,,1012.8,
2022-04-30,16.7,11.5,20.2,4.5,,,9.3,,1009.4,
2022-05-01,10.9,8.4,13.6,0.3,,,10.4,,1011.9,
2022-05-02,13.5,6.3,16.2,0.0,,,7.6,,1012.8,
2022-05-03,14.6,7.4,18.6,2.0,,,6.8,,1009.4,
2022-05-04,14.3,8.5,20.3,5.1,,,8.9,,1009.3,
2022-05-05,7.6,5.5,10.5,9.9,,,15.8,,1014.0,
2022-05-06,5.7,3.7,7.2,0.5,,,12.2,,1017.0,
2022-05-07,7.4,4.0,9.6,14.5,,,10.0,,1017.5,
2022-05-08,9.6,5.7,11.7,0.5,,,7.7,,1019.2,
2022-05-09,12.7,2.5,15.8,0.0,,,8.0,,1017.4,
2022-05-10,14.1,3.3,17.0,0.0,,,8.7,,1017.7,
2022-05-11,16.9,7.0,20.2,0.0,,,7.9,,1015.7,
2022-05-12,15.2,8.9,18.1,0.0,,,9.3,,1020.1,
2022-05-13,18.1,6.9,20.7,0.0,,,8.0,,1020.3,
2022-05-14,22.1,11.3,25.7,0.0,,,8.8,,1015.4,
2022-05-15,14.9,9.4,22.3,22.1,,,7.5,,1014.6,
2022-05-16,16.2,7.4,19.4,2.0,,,7.6,,1018.7,
2022-05-17,14.4,10.7,17.5,0.3,,,6.3,,1017.0,
2022-05-18,20.1,7.9,23.0,2.3,,,7.5,,1014.0,
2022-05-19,8.4,6.5,10.9,1.5,,,15.2,,1016.8,
2022-05-20,11.2,2.1,14.3,5.8,,,13.0,,1023.4,
2022-05-21,17.5,4.7,21.5,0.0,,,9.7,,1018.9,
2022-05-22,19.6,9.7,24.8,1.0,,,8.4,,1008.7,
2022-05-23,16.1,8.3,20.7,0.0,,,15.8,,1006.8,
2022-05-24,15.9,7.3,18.6,0.1,,,14.0,,1012.0,
2022-05-25,18.7,9.1,21.5,0.0,,,10.6,,1016.5,
2022-05-26,22.1,12.2,25.0,0.0,,,,,,
2022-05-27,21.3,12.7,24.2,0.0,,,8.6,,1016.5,
2022-05-28,23.9,13.1,26.5,0.0,,,5.6,,1012.8,
2022-05-29,25.4,16.0,28.4,0.0,,,7.4,,1013.3,
2022-05-30,25.4,16.1,30.9,0.5,,,8.8,,1013.4,
2022-05-31,24.8,17.0,29.4,0.5,,,9.7,,1012.1,
2022-06-01,24.3,13.1,29.0,0.0,,,9.3,,1010.7,
2022-06-02,23.9,14.4,31.2,0.0,,,8.3,,1010.3,
2022-06-03,26.3,15.9,32.8,0.0,,,13.8,,1008.2,
2022-06-04,23.9,15.6,30.7,0.0,,,10.5,,1009.3,
2022-06-05,20.8,15.0,28.1,0.3,,,6.5,,1010.5,
2022-06-06,20.3,12.8,25.1,0.0,,,7.6,,1010.0,
2022-06-07,19.4,12.7,24.3,8.9,,,6.3,,1008.9,
2022-06-08,20.4,12.2,26.6,3.3,,,6.6,,1008.5,
2022-06-09,20.8,12.3,24.7,18.5,,,10.4,,1009.8,
2022-06-10,22.8,16.6,27.3,0.0,,,7.3,,1010.6,
2022-06-11,25.3,15.1,30.7,0.0,,,6.4,,1010.3,
2022-06-12,20.9,13.6,26.0,0.0,,,13.2,,1003.7,
2022-06-13,16.9,11.8,22.4,0.0,,,8.5,,1005.7,
2022-06-14,15.7,12.9,22.5,6.1,,,4.6,,1010.0,
2022-06-15,19.2,11.2,23.6,12.2,,,9.3,,1014.6,
2022-06-16,20.9,11.7,25.9,0.0,,,8.4,,1015.7,
2022-06-17,21.9,13.3,27.1,0.0,,,8.0,,1013.7,
2022-06-18,22.8,13.3,27.7,0.0,,,8.4,,1011.6,
2022-06-19,22.2,13.4,27.0,0.0,,,10.2,,1012.0,
2022-06-20,25.1,13.0,29.0,0.0,,,6.8,,1011.9,
2022-06-21,20.2,14.6,25.9,0.0,,,12.8,,1004.9,
2022-06-22,21.6,11.8,25.5,0.0,,,13.3,,1007.7,
2022-06-23,21.8,12.0,24.9,0.0,,,11.5,,1010.9,
2022-06-24,19.1,15.0,22.5,0.8,,,12.7,,1009.4,
2022-06-25,19.2,10.9,23.4,0.0,,,13.7,,1010.2,
2022-06-26,17.4,12.2,21.3,1.0,,,13.6,,1011.3,
2022-06-27,17.1,10.4,20.2,0.0,,,11.0,,1011.9,
2022-06-28,16.8,13.0,21.3,2.0,,,9.2,,1010.5,
2022-06-29,18.2,11.2,21.8,2.3,,,5.0,,1011.2,
2022-06-30,21.0,14.1,25.7,0.3,,,7.5,,1010.3,
2022-07-01,18.5,14.3,21.5,6.1,,,9.8,,1011.1,
2022-07-02,19.2,11.6,25.0,0.0,,,17.0,,1013.5,
2022-07-03,17.5,10.9,25.2,0.0,,,15.4,,1014.1,
2022-07-04,17.1,7.9,26.3,0.0,,,12.3,,1012.8,
2022-07-05,18.3,10.2,26.7,0.0,,,10.8,,1011.4,
2022-07-06,19.4,11.1,33.6,0.0,,,8.7,,1009.3,
2022-07-07,22.5,14.7,29.8,0.0,,,8.5,,1008.2,
2022-07-08,23.9,15.2,29.6,0.0,,,6.5,,1008.9,
2022-07-09,26.8,18.1,31.9,0.0,,,7.8,,1004.4,
2022-07-10,23.7,17.0,29.1,0.0,,,14.8,,1002.2,
2022-07-11,22.4,15.8,27.0,0.0,,,11.2,,1010.2,
2022-07-12,22.0,13.7,27.4,0.0,,,11.1,,1013.7,
2022-07-13,22.7,12.6,27.9,0.0,,,11.0,,1012.3,
2022-07-14,20.8,13.2,25.3,0.0,,,15.3,,1013.0,
2022-07-15,20.4,10.4,26.9,0.0,,,11.9,,1010.7,
2022-07-16,20.9,12.6,25.7,0.0,,,12.1,,1012.1,
2022-07-17,21.2,14.1,25.7,0.0,,,17.5,,1013.6,
2022-07-18,19.8,13.9,23.4,0.0,,,20.3,,1014.0,
2022-07-19,20.3,14.8,25.1,0.0,,,17.5,,1014.2,
2022-07-20,20.8,11.3,25.5,0.0,,,13.3,,1013.8,
2022-07-21,20.1,11.3,22.8,0.0,,,12.9,,1012.4,
2022-07-22,23.1,11.8,26.1,0.0,,,9.9,,1012.7,
2022-07-23,23.2,12.9,26.2,0.0,,,12.1,,1013.5,
2022-07-24,21.4,11.5,24.6,0.0,,,14.4,,1013.2,
2022-07-25,21.9,11.3,26.1,0.0,,,12.5,,1011.2,
2022-07-26,21.8,12.1,31.6,0.0,,,10.1,,1009.7,
2022-07-27,24.2,14.4,29.2,0.0,,,11.2,,1009.6,
2022-07-28,25.7,14.0,32.1,0.0,,,10.8,,1010.5,
2022-07-29,26.8,15.2,33.5,0.0,,,11.1,,1010.3,
2022-07-30,26.2,15.7,32.1,0.0,,,10.2,,1009.0,
2022-07-31,26.7,15.5,31.6,0.0,,,8.6,,1007.2,
2022-08-01,27.6,18.1,33.9,0.0,,,7.2,,1005.4,
2022-08-02,27.6,17.8,33.3,0.0,,,9.4,,1006.6,
2022-08-03,28.1,18.8,32.0,0.0,,,10.6,,1009.3,
2022-08-04,29.8,17.6,33.7,0.0,,,11.1,,1009.9,
2022-08-05,28.7,17.9,32.4,0.0,,,12.1,,1008.5,
2022-08-06,29.6,17.1,33.6,0.0,,,12.2,,1005.8,
2022-08-07,27.1,17.8,30.7,0.0,,,11.8,,1004.6,
2022-08-08,25.1,17.0,29.8,0.0,,,11.3,,1007.6,
2022-08-09,23.7,16.0,30.7,0.0,,,9.5,,1007.8,
2022-08-10,24.4,17.9,30.8,0.0,,,8.2,,1006.4,
2022-08-11,23.2,17.0,29.2,0.0,,,8.3,,1007.7,
2022-08-12,23.3,16.9,29.6,0.0,,,9.4,,1009.7,
2022-08-13,23.6,15.8,30.2,0.0,,,8.0,,1007.8,
2022-08-14,25.2,16.7,32.3,0.0,,,7.9,,1004.5,
2022-08-15,26.6,20.8,32.8,0.0,,,11.3,,1004.6,
2022-08-16,25.2,17.9,30.1,0.0,,,8.9,,1010.8,
2022-08-17,26.1,17.1,30.8,0.0,,,8.7,,1009.5,
2022-08-18,25.9,17.4,31.0,0.0,,,9.3,,1008.4,
2022-08-19,25.3,16.7,30.1,0.0,,,9.2,,1007.8,
2022-08-20,23.9,16.2,30.4,0.0,,,8.6,,1008.0,
2022-08-21,26.2,16.8,31.4,0.0,,,8.9,,1006.2,
2022-08-22,27.6,17.8,33.5,0.0,,,6.7,,1005.7,
2022-08-23,27.9,18.4,34.4,0.0,,,7.6,,1008.0,
2022-08-24,27.9,19.2,34.1,0.0,,,10.3,,1007.3,
2022-08-25,25.6,18.7,30.3,0.0,,,9.9,,1007.1,
2022-08-26,26.4,18.1,32.2,0.0,,,8.6,,1006.7,
2022-08-27,26.2,17.1,31.2,0.0,,,10.0,,1009.7,
2022-08-28,26.9,18.1,32.2,0.0,,,7.8,,1011.4,
2022-08-29,24.6,16.3,31.6,0.0,,,9.1,,1013.2,
2022-08-30,29.8,19.2,35.5,0.0,,,12.2,,1011.4,
2022-08-31,28.8,22.4,34.8,0.0,,,12.1,,1009.9,
2022-09-01,26.5,20.8,32.7,0.0,,,11.3,,1008.6,
2022-09-02,26.2,19.4,33.8,0.0,,,8.6,,1009.7,
2022-09-03,26.4,18.4,33.4,0.0,,,10.3,,1010.9,
2022-09-04,23.0,16.4,29.7,0.0,,,9.2,,1014.4,
2022-09-05,20.2,14.9,25.9,0.0,,,10.5,,1013.9,
2022-09-06,15.8,11.9,21.1,0.0,,,15.6,,1014.5,
2022-09-07,13.9,6.6,20.6,0.0,,,12.3,,1016.8,
2022-09-08,14.5,6.6,22.8,0.0,,,9.3,,1017.4,
2022-09-09,17.6,9.2,26.1,0.0,,,7.9,,1017.6,
2022-09-10,20.0,11.6,28.2,0.0,,,8.1,,1015.2,
2022-09-11,23.3,16.5,30.2,0.0,,,6.7,,1011.1,
2022-09-12,25.2,17.0,32.0,0.0,,,12.3,,1005.0,
2022-09-13,18.7,14.4,23.0,1.0,,,8.6,,1007.8,
2022-09-14,17.7,9.3,22.2,0.0,,,7.5,,1014.0,
2022-09-15,20.7,10.8,26.5,0.0,,,6.2,,1016.0,
2022-09-16,24.2,14.5,29.8,0.0,,,6.8,,1013.6,
2022-09-17,24.1,15.6,33.5,0.0,,,9.5,,1009.0,
2022-09-18,28.1,21.5,33.1,0.0,,,9.2,,1007.2,
2022-09-19,23.0,16.7,27.5,0.0,,,10.8,,1009.8,
2022-09-20,22.6,14.3,28.1,0.0,,,7.5,,1008.7,
2022-09-21,18.1,12.4,23.0,0.5,,,6.8,,1009.1,
2022-09-22,16.2,10.3,22.2,9.9,,,7.7,,1008.6,
2022-09-23,12.7,7.8,15.9,6.4,,,8.6,,1013.4,
2022-09-24,12.7,7.9,16.6,5.3,,,6.8,,1017.4,
2022-09-25,14.7,6.2,19.3,0.0,,,5.2,,1020.8,
2022-09-26,17.4,9.2,23.5,0.0,,,5.2,,1018.2,
2022-09-27,20.9,12.6,27.9,0.0,,,9.2,,1012.2,
2022-09-28,20.9,16.8,26.5,0.0,,,13.1,,1010.9,
2022-09-29,19.6,13.5,25.1,0.0,,,10.3,,1014.0,
2022-09-30,20.4,15.5,27.0,0.0,,,9.6,,1018.6,
2022-10-01,20.4,15.0,26.7,0.0,,,6.1,,1020.9,
2022-10-02,20.9,14.5,28.5,0.3,,,11.1,,1012.3,
2022-10-03,16.2,11.8,20.9,0.5,,,7.1,,1010.5,
2022-10-04,16.3,11.5,22.1,0.0,,,6.4,,1011.8,
2022-10-05,14.8,10.7,20.1,0.0,,,10.1,,1018.8,
2022-10-06,12.2,8.2,19.0,0.0,,,12.2,,1020.8,
2022-10-07,13.1,8.1,19.3,0.0,,,10.4,,1016.3,
2022-10-08,12.3,9.5,17.0,0.0,,,9.2,,1013.9,
2022-10-09,11.6,9.3,15.5,0.8,,,11.3,,1017.0,
2022-10-10,12.8,8.7,16.7,0.0,,,6.1,,1022.0,
2022-10-11,14.6,6.7,19.3,0.0,,,6.9,,1021.5,
2022-10-12,15.2,7.7,19.1,0.0,,,7.1,,1017.8,
2022-10-13,13.8,7.9,18.3,0.0,,,6.8,,1017.4,
2022-10-14,14.2,5.4,18.8,0.0,,,7.0,,1015.0,
2022-10-15,14.9,9.9,19.1,0.0,,,7.3,,1012.6,
2022-10-16,15.0,10.6,19.4,0.5,,,8.8,,1016.1,
2022-10-17,15.9,10.5,19.5,0.3,,,7.6,,1020.6,
2022-10-18,14.7,8.9,19.7,1.0,,,10.0,,1021.9,
2022-10-19,14.5,7.5,18.7,0.0,,,6.8,,1016.2,
2022-10-20,13.1,8.3,17.8,1.5,,,8.3,,1015.3,
2022-10-21,8.8,3.3,12.3,3.6,,,10.6,,1021.4,
2022-10-22,6.3,-1.0,11.2,0.0,,,7.8,,1026.3,
2022-10-23,10.4,1.2,16.3,0.0,,,4.6,,1024.2,
2022-10-24,12.3,5.7,17.2,0.0,,,6.5,,1022.7,
2022-10-25,11.6,4.1,16.0,0.0,,,7.3,,1021.2,
2022-10-26,13.7,5.4,17.7,0.0,,,5.8,,1019.7,
2022-10-27,12.6,4.8,17.2,0.0,,,6.4,,1023.5,
2022-10-28,9.4,3.0,13.6,0.0,,,9.9,,1025.2,
2022-10-29,6.8,0.1,12.8,0.0,,,8.9,,1023.7,
2022-10-30,7.4,0.5,14.8,0.0,,,4.5,,1020.3,
2022-10-31,9.6,4.0,16.8,0.0,,,6.9,,1018.0,
2022-11-01,8.3,3.3,14.9,0.0,,,6.0,,1020.4,
2022-11-02,7.8,2.5,14.4,0.0,,,5.5,,1021.0,
2022-11-03,10.5,4.8,16.6,0.0,,,8.7,,1019.7,
2022-11-04,11.4,5.8,17.3,0.0,,,8.9,,1018.3,
2022-11-05,11.9,7.0,18.3,0.0,,,7.1,,1018.8,
2022-11-06,12.8,7.6,19.1,0.0,,,10.5,,1017.6,
2022-11-07,9.9,4.6,14.8,0.0,,,7.1,,1014.2,
2022-11-08,7.2,4.5,9.4,0.3,,,5.0,,1016.6,
2022-11-09,6.9,4.1,11.7,0.0,,,5.5,,1019.5,
2022-11-10,4.1,1.4,7.7,0.0,,,4.9,,1022.7,
2022-11-11,5.4,0.9,11.9,0.0,,,4.6,,1025.3,
2022-11-12,6.3,1.0,12.7,0.0,,,6.9,,1026.6,
2022-11-13,6.8,0.4,11.8,0.0,,,5.4,,1028.1,
2022-11-14,4.8,-1.6,9.8,0.0,,,4.8,,1023.7,
2022-11-15,5.9,-0.9,11.2,0.0,,,4.1,,1019.6,
2022-11-16,9.2,3.5,12.8,0.0,,,7.6,,1012.8,
2022-11-17,10.5,4.8,14.7,0.0,,,13.2,,1012.6,
2022-11-18,12.8,7.6,15.4,0.0,,,13.9,,1015.4,
2022-11-19,13.8,9.8,17.8,0.0,,,15.9,,1020.5,
2022-11-20,13.6,8.1,18.1,0.0,,,8.2,,1023.6,
2022-11-21,13.8,7.4,18.4,0.0,,,10.0,,1017.6,
2022-11-22,10.4,7.7,14.5,1.0,,,11.0,,1015.1,
2022-11-23,11.4,6.8,16.7,2.3,,,16.3,,1015.1,
2022-11-24,10.9,7.0,15.6,0.0,,,20.2,,1009.4,
2022-11-25,5.4,3.5,7.1,1.0,,,7.1,,1009.3,
2022-11-26,1.9,0.1,3.0,13.2,1.0,,10.7,,1019.4,
2022-11-27,4.3,1.2,7.2,2.3,,,6.3,,1022.7,
2022-11-28,4.8,-0.6,8.5,0.0,,,8.5,,1017.7,
2022-11-29,10.0,3.8,14.5,0.0,,,15.7,,1014.6,
2022-11-30,8.3,2.6,11.6,0.0,,,6.8,,1016.8,
2022-12-01,10.8,6.2,14.3,0.0,,,7.9,,1018.9,
2022-12-02,9.0,2.7,13.0,1.5,,,6.1,,1020.4,
2022-12-03,7.7,3.4,11.0,0.5,,,5.2,,1022.5,
2022-12-04,5.5,1.2,9.2,0.0,,,7.1,,1024.4,
2022-12-05,3.3,0.0,6.6,0.0,,,4.4,,1023.9,
2022-12-06,3.1,-1.2,6.4,0.0,,,3.6,,1021.8,
2022-12-07,7.0,1.2,10.6,0.0,,,6.1,,1018.8,
2022-12-08,8.4,5.0,11.8,0.0,,,8.9,,1020.6,
2022-12-09,8.3,4.0,12.7,0.0,,,8.6,,1022.4,
2022-12-10,8.8,4.0,12.3,0.0,,,7.4,,1020.5,
2022-12-11,9.9,7.6,11.8,0.5,,,15.7,,1015.2,
2022-12-12,9.1,5.6,11.7,1.8,,,17.2,,1012.5,
2022-12-13,10.9,6.5,13.6,1.8,,,12.9,,1012.2,
2022-12-14,7.8,5.7,8.8,0.0,,,17.8,,1013.9,
2022-12-15,11.1,6.3,15.1,3.3,,,13.1,,1017.9,
2022-12-16,10.9,4.6,14.3,0.5,,,7.9,,1022.9,
2022-12-17,10.7,5.5,15.3,0.0,,,5.1,,1024.3,
2022-12-18,8.0,3.9,12.2,0.0,,,5.3,,1026.2,
2022-12-19,3.2,-0.1,4.3,1.0,,,6.4,,1025.8,
2022-12-20,-0.8,-3.3,2.8,3.5,,,12.6,,1027.8,
2022-12-21,-1.0,-3.5,0.3,2.3,1.0,,5.0,,1024.7,
2022-12-22,-0.2,-4.7,0.3,0.0,1.0,,4.4,,1022.5,
2022-12-23,-1.7,-5.4,-0.6,0.0,,,3.5,,1019.0,
2022-12-24,0.3,-2.4,2.9,0.0,,,4.6,,1019.1,
2022-12-25,2.8,0.0,4.8,0.0,,,5.1,,1021.1,
2022-12-26,0.6,-0.9,2.0,3.6,3.0,,9.7,,1025.8,
2022-12-27,1.8,-2.4,6.0,0.0,1.0,,6.2,,1028.8,
2022-12-28,3.8,-1.0,6.4,0.0,,,7.6,,1027.2,
2022-12-29,4.4,0.4,8.6,0.0,,,4.3,,1029.1,
2022-12-30,3.9,-0.3,6.6,0.0,,,5.1,,1030.5,
2022-12-31,2.2,-1.6,6.6,0.0,,,4.1,,1031.6,
2023-01-01,0.2,-3.5,5.2,0.0,,,7.6,,1033.7,
2023-01-02,-0.6,-4.5,5.1,0.0,,,4.4,,1033.6,
2023-01-03,-0.4,-4.6,5.6,0.0,,,3.7,,1029.3,
2023-01-04,-0.8,-4.5,4.9,0.0,,,5.1,,1025.3,
2023-01-05,-0.9,-6.5,3.3,0.0,,,5.4,,1023.8,
2023-01-06,2.6,-1.4,8.5,2.0,,,10.3,,1020.4,
2023-01-07,0.1,-2.9,3.6,0.5,2.0,,4.4,,1026.0,
2023-01-08,-3.1,-6.5,1.3,0.0,1.0,,4.2,,1024.6,
2023-01-09,-3.9,-7.2,-0.6,0.0,1.0,,6.6,,1026.3,
2023-01-10,0.4,-8.0,6.5,0.0,,,7.2,,1023.6,
2023-01-11,5.7,2.0,9.9,0.0,,,18.7,,1021.2,
2023-01-12,4.1,1.1,5.7,0.0,,,22.2,,1018.5,
2023-01-13,2.8,-1.7,7.8,0.0,,,18.4,,1018.9,
2023-01-14,1.3,-1.9,6.3,0.0,,,13.1,,1018.8,
2023-01-15,2.7,-1.1,6.9,0.0,,,9.6,,1019.8,
2023-01-16,3.8,-0.4,9.5,0.0,,,13.0,,1017.4,
2023-01-17,5.9,2.2,11.8,0.0,,,15.4,,1019.6,
2023-01-18,7.2,2.1,13.2,0.0,,,13.1,,1021.9,
2023-01-19,6.9,2.3,11.8,0.0,,,8.8,,1023.1,
2023-01-20,7.4,2.1,13.7,0.0,,,17.4,,1017.0,
2023-01-21,5.9,2.1,10.7,0.0,,,9.5,,1020.1,
2023-01-22,4.4,0.8,10.4,0.0,,,8.1,,1022.6,
2023-01-23,3.6,-0.6,9.8,0.0,,,6.3,,1024.7,
2023-01-24,2.9,-1.5,8.9,0.0,,,6.7,,1025.5,
2023-01-25,0.7,-3.8,5.2,0.0,,,7.2,,1024.2,
2023-01-26,4.1,-2.5,8.2,0.0,,,7.0,,1023.0,
2023-01-27,7.4,2.5,10.6,0.0,,,22.9,,1015.6,
2023-01-28,5.3,0.1,9.4,7.1,1.0,,18.7,,1011.5,
2023-01-29,2.9,0.8,5.4,4.1,1.0,,9.8,,1015.1,
2023-01-30,1.2,-1.4,3.9,0.0,,,6.6,,1013.7,
2023-01-31,0.2,-1.9,3.0,0.5,,,12.7,,1007.4,
2023-02-01,-2.3,-3.5,-1.1,2.5,2.0,,13.2,,1012.0,
2023-02-02,-4.1,-5.6,-2.3,4.8,4.0,,16.2,,1021.2,
2023-02-03,-0.1,-6.7,3.7,0.0,3.0,,16.2,,1021.1,
2023-02-04,-2.6,-3.6,-0.4,0.0,2.0,,12.2,,1015.9,
2023-02-05,-0.8,-4.8,4.9,0.0,2.0,,12.6,,1009.3,
2023-02-06,-2.5,-3.5,-0.8,11.7,11.0,,15.7,,1003.3,
2023-02-07,-5.3,-10.0,-3.6,11.2,25.0,,20.7,,1017.7,
2023-02-08,-7.3,-10.4,-4.3,3.3,20.0,,11.7,,1028.6,
2023-02-09,-6.9,-12.5,-3.0,0.5,18.0,,8.7,,1033.1,
2023-02-10,-8.6,-12.4,-4.4,0.3,18.0,,7.7,,1036.1,
2023-02-11,-8.3,-14.3,-5.0,0.3,16.0,,7.5,,1034.6,
2023-02-12,-6.9,-11.2,-3.5,0.0,13.0,,6.4,,1030.9,
2023-02-13,-6.2,-13.8,-2.7,0.3,11.0,,8.9,,1034.0,
2023-02-14,-6.5,-11.3,-1.5,0.3,11.0,,9.9,,1029.8,
2023-02-15,-4.9,-9.0,-2.0,0.0,10.0,,16.3,,1025.6,
2023-02-16,-4.0,-5.9,-1.4,1.3,11.0,,12.8,,1031.1,
2023-02-17,-2.0,-6.2,1.3,0.0,10.0,,11.0,,1032.1,
2023-02-18,3.1,-3.1,6.8,0.0,8.0,,16.1,,1026.8,
2023-02-19,5.8,0.3,10.2,0.0,6.0,,18.0,,1022.8,
2023-02-20,4.2,-0.3,10.2,4.1,3.0,,18.0,,1018.7,
2023-02-21,2.5,-1.3,6.5,0.0,2.0,,17.6,,1021.9,
2023-02-22,6.0,1.9,11.2,0.0,1.0,,11.8,,1016.9,
2023-02-23,6.2,1.9,11.1,0.0,1.0,,9.8,,1016.0,
2023-02-24,4.8,-1.3,10.7,0.0,,,10.0,,1018.7,
2023-02-25,7.4,3.5,12.9,0.0,,,15.4,,1017.1,
2023-02-26,8.8,1.8,15.1,0.0,,,18.0,,1020.5,
2023-02-27,11.1,6.6,17.6,0.0,,,14.7,,1023.6,
2023-02-28,11.7,7.4,16.3,0.0,,,9.1,,1024.1,
2023-03-01,12.6,6.6,19.7,0.0,,,12.2,,1018.5,
2023-03-02,13.4,9.1,17.9,0.0,,,12.6,,1013.8,
2023-03-03,12.6,4.1,18.0,2.7,,,12.0,,1012.2,
2023-03-04,10.7,5.9,17.2,0.0,,,12.5,,1014.7,
2023-03-05,11.1,4.5,15.8,0.0,,,16.9,,1010.3,
2023-03-06,4.2,0.7,8.2,1.8,,,18.3,,1011.1,
2023-03-07,6.6,0.6,12.9,0.0,,,11.7,,1015.4,
2023-03-08,7.6,3.4,11.6,0.0,,,8.4,,1014.9,
2023-03-09,8.8,2.4,15.2,0.0,,,11.6,,1013.8,
2023-03-10,10.7,5.6,15.4,0.0,,,18.0,,1014.0,
2023-03-11,11.8,6.8,17.8,0.0,,,25.1,,1010.3,
2023-03-12,9.3,5.4,12.2,2.0,,,27.7,,1005.8,
2023-03-13,4.4,-0.1,7.3,20.9,,,13.2,,1009.8,
2023-03-14,3.2,-0.8,6.8,6.1,,,9.4,,1012.7,
2023-03-15,5.2,3.1,7.5,4.3,,,7.5,,1008.9,
2023-03-16,8.9,3.1,15.0,0.0,,,15.7,,1008.3,
2023-03-17,6.9,3.3,10.3,0.0,,,22.6,,1010.5,
2023-03-18,6.0,3.3,12.2,2.5,,,10.9,,1011.3,
2023-03-19,4.0,2.4,6.7,4.1,,,15.2,,1009.7,
2023-03-20,3.3,1.2,5.9,15.5,,,16.6,,1015.7,
2023-03-21,5.3,0.7,11.0,0.0,,,9.7,,1015.1,
2023-03-22,7.4,2.6,12.3,0.0,,,7.6,,1012.2,
2023-03-23,8.4,5.0,13.7,0.8,,,11.4,,1013.0,
2023-03-24,8.8,4.0,12.9,7.4,,,8.2,,1015.3,
2023-03-25,9.1,1.5,13.9,0.0,,,9.0,,1012.2,
2023-03-26,11.9,4.2,16.6,0.0,,,9.7,,1008.9,
2023-03-27,12.6,4.7,17.3,0.0,,,12.1,,1010.2,
2023-03-28,10.6,4.9,17.2,7.9,,,27.9,,1006.2,
2023-03-29,0.1,-3.1,4.7,11.9,,,21.6,,1010.2,
2023-03-30,-3.1,-6.0,-0.6,4.3,12.0,,14.6,,1022.3,
2023-03-31,-0.7,-6.4,3.4,0.3,4.0,,12.5,,1022.1,
2023-04-01,9.1,-0.4,13.9,0.0,1.0,,14.5,,1015.3,
2023-04-02,11.5,4.6,14.9,0.0,,,19.4,,1012.9,
2023-04-03,15.3,8.7,19.9,0.0,,,16.0,,1012.8,
2023-04-04,16.1,9.8,21.1,0.0,,,29.9,,1008.7,
2023-04-05,9.3,3.8,14.1,0.8,,,14.6,,1008.6,
2023-04-06,8.9,1.9,12.8,11.9,,,11.8,,1011.7,
2023-04-07,5.6,1.6,8.7,0.5,,,15.1,,1012.6,
2023-04-08,8.1,0.8,10.8,2.3,,,8.9,,1018.9,
2023-04-09,12.1,6.2,16.5,0.0,,,12.1,,1016.0,
2023-04-10,12.9,7.1,20.2,7.9,,,18.0,,1007.7,
2023-04-11,7.9,3.9,13.3,7.8,,,8.8,,1003.9,
2023-04-12,7.0,2.5,10.7,8.9,,,10.8,,1003.2,
2023-04-13,6.3,3.1,9.8,4.6,,,15.2,,1010.6,
2023-04-14,12.7,2.7,18.1,0.3,,,14.6,,1016.4,
2023-04-15,15.8,7.6,20.8,0.0,,,14.0,,1016.7,
2023-04-16,15.2,9.5,20.3,3.0,,,11.1,,1014.5,
2023-04-17,18.1,8.2,22.9,0.0,,,14.7,,1013.0,
2023-04-18,19.1,11.4,23.3,0.0,,,17.3,,1012.6,
2023-04-19,20.1,12.8,23.9,0.0,,,23.3,,1008.0,
2023-04-20,12.6,8.3,15.4,0.0,,,15.2,,1007.5,
2023-04-21,11.8,5.1,15.0,0.0,,,12.1,,1010.2,
2023-04-22,12.9,5.8,15.7,0.0,,,11.0,,1012.2,
2023-04-23,12.3,6.2,16.4,21.1,,,9.8,,1011.6,
2023-04-24,11.2,5.0,15.0,11.9,,,14.1,,1013.1,
2023-04-25,13.8,6.1,17.8,3.0,,,11.9,,1012.5,
2023-04-26,15.9,7.4,19.3,0.0,,,16.9,,1009.4,
2023-04-27,11.5,7.9,17.0,0.3,,,15.9,,1007.8,
2023-04-28,5.9,3.2,7.8,3.3,,,11.0,,1010.3,
2023-04-29,4.9,2.1,7.3,21.6,,,14.5,,1011.9,
2023-04-30,7.6,1.9,10.5,0.5,,,12.3,,1013.6,
2023-05-01,10.1,2.9,14.1,0.0,,,11.6,,1017.2,
2023-05-02,8.3,1.9,13.7,0.0,,,10.8,,1020.8,
2023-05-03,15.4,4.5,18.2,0.0,,,9.7,,1023.3,
2023-05-04,17.3,9.1,20.4,0.0,,,10.6,,1019.7,
2023-05-05,20.6,8.7,24.6,0.0,,,17.1,,1011.8,
2023-05-06,16.5,9.3,23.4,2.0,,,25.4,,1006.9,
2023-05-07,12.1,7.6,17.3,1.0,,,13.3,,1010.9,
2023-05-08,12.5,8.1,16.2,0.0,,,11.1,,1015.1,
2023-05-09,15.2,6.1,19.7,0.0,,,8.4,,1014.7,
2023-05-10,15.7,8.9,19.3,0.0,,,9.9,,1013.1,
2023-05-11,14.9,8.8,19.9,0.0,,,9.5,,1013.6,
2023-05-12,12.4,7.7,15.8,0.0,,,8.9,,1012.3,
2023-05-13,13.1,9.3,16.9,0.0,,,12.4,,1016.4,
2023-05-14,15.8,8.3,20.2,0.0,,,12.9,,1019.2,
2023-05-15,16.1,7.6,20.6,0.0,,,10.0,,1017.7,
2023-05-16,15.7,8.4,21.7,0.0,,,9.6,,1014.8,
2023-05-17,20.3,12.5,27.0,17.0,,,10.5,,1008.8,
2023-05-18,18.8,11.8,23.1,0.0,,,15.8,,1005.8,
2023-05-19,14.4,9.5,19.4,4.1,,,9.7,,1009.9,
2023-05-20,13.6,9.6,17.5,2.0,,,7.7,,1009.8,
2023-05-21,14.1,8.8,17.7,0.5,,,10.5,,1009.0,
2023-05-22,16.7,11.4,19.9,0.3,,,15.8,,1007.4,
2023-05-23,15.3,9.0,20.8,3.0,,,12.7,,1009.4,
2023-05-24,15.1,10.1,19.6,0.5,,,10.7,,1012.8,
2023-05-25,16.7,8.3,23.0,2.0,,,9.5,,1012.9,
2023-05-26,15.6,9.2,21.7,19.6,,,7.6,,1012.6,
2023-05-27,18.4,9.9,23.2,0.0,,,8.1,,1011.2,
2023-05-28,15.9,11.9,19.4,0.3,,,18.3,,1008.6,
2023-05-29,18.5,10.9,23.2,0.0,,,19.8,,1008.0,
2023-05-30,17.3,10.6,21.7,0.0,,,14.8,,1012.1,
2023-05-31,16.6,10.1,20.5,4.1,,,9.2,,1014.7,
2023-06-01,16.2,10.8,21.4,7.9,,,7.7,,1014.6,
2023-06-02,18.2,10.0,23.4,0.0,,,10.7,,1013.5,
2023-06-03,21.0,13.5,27.0,2.0,,,18.7,,1009.2,
2023-06-04,16.8,11.4,20.6,0.5,,,11.5,,1013.7,
2023-06-05,14.5,11.9,18.0,4.3,,,8.2,,1015.0,
2023-06-06,16.9,11.9,21.2,9.7,,,12.8,,1016.2,
2023-06-07,18.3,9.0,23.6,0.0,,,10.5,,1015.9,
2023-06-08,20.7,12.0,25.5,0.0,,,8.9,,1012.9,
2023-06-09,20.6,14.1,25.6,3.0,,,8.9,,1009.8,
2023-06-10,19.7,13.4,23.9,2.0,,,8.6,,1007.4,
2023-06-11,17.0,11.8,22.5,23.1,,,9.1,,1007.4,
2023-06-12,15.8,12.4,18.3,5.1,,,6.6,,1007.6,
2023-06-13,17.2,11.8,20.3,4.1,,,7.1,,1007.8,
2023-06-14,15.8,12.4,19.3,2.0,,,7.6,,1010.0,
2023-06-15,18.3,11.7,22.7,0.0,,,10.3,,1013.1,
2023-06-16,21.9,13.5,26.4,0.0,,,7.7,,1010.8,
2023-06-17,23.2,17.3,28.8,0.0,,,14.0,,1004.7,
2023-06-18,17.7,13.3,22.3,0.0,,,15.2,,1007.5,
2023-06-19,16.4,13.0,22.7,24.9,,,12.8,,1009.2,
2023-06-20,15.3,11.4,18.0,10.4,,,11.5,,1013.0,
2023-06-21,15.4,12.2,19.9,7.1,,,10.8,,1014.8,
2023-06-22,15.5,9.9,17.5,0.0,,,18.1,,1016.5,
2023-06-23,18.8,10.8,22.6,0.0,,,16.6,,1017.2,
2023-06-24,22.0,10.4,26.3,0.0,,,12.1,,1016.2,
2023-06-25,20.4,14.7,26.7,0.0,,,8.9,,1011.4,
2023-06-26,24.8,14.8,29.6,0.0,,,10.1,,1006.9,
2023-06-27,21.7,15.4,27.6,0.0,,,9.6,,1008.8,
2023-06-28,25.1,14.5,28.7,0.0,,,8.9,,1010.7,
2023-06-29,23.8,16.6,28.8,0.0,,,11.2,,1010.2,
2023-06-30,22.4,14.1,25.4,0.0,,,12.5,,1011.5,
2023-07-01,22.4,12.0,26.0,0.0,,,10.3,,1011.6,
2023-07-02,25.4,13.9,29.3,0.0,,,8.8,,1010.9,
2023-07-03,28.7,18.0,32.2,0.0,,,9.2,,1010.5,
2023-07-04,26.9,18.6,31.2,0.0,,,8.7,,1011.3,
2023-07-05,25.9,16.1,31.7,0.0,,,11.6,,1010.2,
2023-07-06,26.2,16.3,32.2,0.0,,,9.2,,1007.7,
2023-07-07,25.4,18.0,31.5,0.0,,,12.5,,1008.0,
2023-07-08,23.1,17.0,27.5,0.0,,,12.1,,1008.8,
2023-07-09,18.8,14.6,23.5,0.0,,,17.0,,1010.5,
2023-07-10,15.8,13.0,19.1,4.1,,,15.2,,1014.2,
2023-07-11,18.1,8.9,22.9,0.0,,,12.1,,1017.5,
2023-07-12,22.9,12.9,27.3,0.0,,,10.6,,1018.4,
2023-07-13,24.5,14.0,29.9,0.0,,,13.9,,1017.5,
2023-07-14,23.3,14.4,31.2,0.0,,,14.8,,1015.0,
2023-07-15,26.1,15.7,29.8,0.0,,,15.6,,1014.4,
2023-07-16,22.9,14.8,26.9,0.0,,,16.0,,1014.9,
2023-07-17,22.4,12.4,27.0,0.0,,,15.9,,1015.5,
2023-07-18,22.9,11.3,27.9,0.0,,,13.8,,1012.7,
2023-07-19,22.9,10.9,28.2,0.0,,,13.4,,1011.1,
2023-07-20,23.6,12.0,30.6,0.0,,,10.2,,1010.3,
2023-07-21,28.2,16.7,31.7,0.0,,,10.5,,1010.9,
2023-07-22,27.1,17.0,31.0,0.0,,,12.7,,1013.8,
2023-07-23,27.1,16.3,30.7,0.0,,,15.2,,1013.8,
2023-07-24,22.8,17.3,28.8,0.0,,,18.3,,1011.0,
2023-07-25,22.4,13.3,27.0,0.0,,,17.4,,1011.5,
2023-07-26,25.1,12.3,30.5,0.0,,,8.8,,1010.5,
2023-07-27,31.9,19.5,36.1,0.0,,,10.8,,1006.7,
2023-07-28,23.9,18.4,27.7,0.0,,,15.4,,1011.0,
2023-07-29,24.3,13.2,28.8,0.0,,,12.8,,1010.0,
2023-07-30,22.7,13.2,27.5,0.0,,,13.4,,1008.8,
2023-07-31,23.9,11.2,29.6,0.0,,,9.5,,1007.8,
2023-08-01,28.1,16.2,33.0,0.0,,,10.3,,1006.8,
2023-08-02,28.5,18.4,33.0,0.0,,,10.1,,1008.8,
2023-08-03,29.9,19.2,33.1,0.0,,,10.5,,1010.4,
2023-08-04,26.8,16.8,30.5,0.0,,,13.3,,1011.8,
2023-08-05,26.4,13.7,32.4,0.0,,,9.9,,1009.5,
2023-08-06,32.1,19.3,36.0,0.0,,,10.8,,1006.1,
2023-08-07,31.0,22.8,35.3,0.0,,,12.1,,1007.1,
2023-08-08,30.9,20.0,36.0,0.0,,,9.7,,1006.0,
2023-08-09,27.6,18.1,33.4,0.0,,,12.6,,1008.4,
2023-08-10,29.0,17.6,34.1,0.0,,,10.0,,1009.8,
2023-08-11,29.1,21.0,33.2,0.0,,,12.8,,1010.0,
2023-08-12,28.1,18.3,33.4,0.0,,,10.5,,1012.8,
2023-08-13,31.3,17.2,36.7,0.0,,,10.5,,1012.5,
2023-08-14,32.9,24.4,37.2,0.3,,,12.0,,1013.3,
2023-08-15,33.7,22.5,37.7,0.0,,,15.5,,1012.8,
2023-08-16,30.5,19.3,34.7,0.0,,,11.9,,1010.7,
2023-08-17,29.2,16.8,34.5,0.0,,,10.3,,1010.2,
2023-08-18,29.7,19.9,34.4,0.0,,,10.4,,1010.9,
2023-08-19,28.8,18.9,33.8,0.0,,,11.3,,1011.6,
2023-08-20,28.2,17.1,32.8,0.0,,,12.5,,1010.0,
2023-08-21,26.5,16.6,30.6,0.0,,,11.7,,1011.6,
2023-08-22,26.0,16.8,30.0,0.0,,,13.4,,1014.3,
2023-08-23,25.3,14.7,30.5,0.0,,,11.4,,1014.5,
2023-08-24,26.5,15.6,30.4,0.0,,,10.3,,1013.1,
2023-08-25,25.1,16.0,29.0,0.0,,,11.6,,1012.6,
2023-08-26,24.2,12.8,28.9,0.0,,,12.3,,1013.2,
2023-08-27,25.1,14.0,30.9,0.0,,,9.9,,1008.9,
2023-08-28,22.3,16.9,26.7,0.3,,,9.6,,1006.3,
2023-08-29,22.0,14.3,26.2,0.0,,,12.5,,1007.6,
2023-08-30,26.8,15.9,30.8,0.0,,,8.9,,1009.5,
2023-08-31,29.3,19.6,33.5,0.0,,,13.0,,1011.2,
2023-09-01,27.9,19.9,32.9,0.0,,,11.9,,1011.6,
2023-09-02,24.1,16.7,30.0,7.9,,,12.6,,1013.1,
2023-09-03,20.7,15.5,25.5,8.9,,,11.6,,1012.0,
2023-09-04,20.4,12.9,24.1,3.0,,,7.2,,1010.3,
2023-09-05,23.4,14.4,29.4,0.0,,,12.8,,1010.3,
2023-09-06,24.4,15.5,29.8,0.0,,,9.0,,1013.2,
2023-09-07,22.4,14.8,28.4,0.0,,,12.3,,1014.3,
2023-09-08,20.5,12.5,26.0,0.0,,,10.8,,1013.6,
2023-09-09,20.6,12.9,25.5,0.0,,,11.1,,1013.1,
2023-09-10,17.7,10.6,22.8,0.0,,,15.8,,1013.0,
2023-09-11,15.2,7.4,20.5,0.0,,,14.8,,1012.8,
2023-09-12,15.8,7.0,20.7,0.0,,,13.0,,1014.9,
2023-09-13,15.4,7.0,20.4,0.0,,,12.0,,1017.8,
2023-09-14,15.6,7.0,21.0,0.0,,,11.3,,1017.4,
2023-09-15,16.6,7.3,21.8,0.0,,,9.9,,1017.3,
2023-09-16,17.8,8.6,22.6,0.0,,,10.9,,1017.0,
2023-09-17,16.9,7.6,22.8,0.0,,,13.3,,1016.5,
2023-09-18,16.7,6.5,22.2,0.0,,,12.8,,1015.2,
2023-09-19,15.1,7.9,22.5,0.0,,,9.5,,1014.4,
2023-09-20,19.5,10.3,24.4,0.0,,,7.8,,1014.8,
2023-09-21,22.4,11.1,26.4,0.0,,,7.6,,1015.4,
2023-09-22,22.6,13.2,28.5,0.0,,,8.0,,1016.8,
2023-09-23,22.7,13.4,27.8,0.0,,,8.1,,1016.4,
2023-09-24,22.0,12.7,27.6,0.0,,,9.6,,1014.0,
2023-09-25,20.3,12.1,27.4,0.0,,,10.5,,1013.8,
2023-09-26,19.8,9.8,24.4,0.0,,,9.5,,1013.7,
2023-09-27,21.3,10.9,26.1,0.0,,,8.8,,1014.6,
2023-09-28,19.8,12.3,27.4,0.2,,,11.2,,1015.5,
2023-09-29,21.5,14.6,25.3,0.5,,,11.3,,1015.4,
2023-09-30,20.9,12.6,24.8,0.0,,,6.9,,1013.5,
2023-10-01,15.4,12.3,18.8,9.4,,,7.5,,1011.8,
2023-10-02,12.9,11.3,16.3,1.0,,,10.3,,1014.9,
2023-10-03,13.4,7.7,16.5,14.5,,,12.9,,1019.8,
2023-10-04,12.1,5.4,17.2,0.0,,,8.6,,1023.0,
2023-10-05,14.0,6.1,19.4,0.0,,,8.0,,1022.9,
2023-10-06,15.1,6.9,20.0,0.0,,,7.7,,1020.1,
2023-10-07,15.0,6.0,20.0,0.0,,,10.5,,1020.7,
2023-10-08,17.2,8.4,23.1,0.0,,,8.9,,1017.9,
2023-10-09,16.2,10.1,20.2,0.0,,,10.8,,1017.0,
2023-10-10,14.7,7.7,19.8,0.0,,,8.5,,1017.0,
2023-10-11,13.1,6.6,17.6,0.0,,,12.4,,1020.3,
2023-10-12,9.9,3.7,16.2,0.0,,,8.5,,1023.1,
2023-10-13,15.2,6.5,21.6,0.0,,,6.9,,1021.2,
2023-10-14,16.0,7.9,21.1,0.0,,,7.4,,1017.8,
2023-10-15,12.6,7.7,16.1,0.0,,,11.6,,1013.3,
2023-10-16,15.3,7.7,19.9,0.0,,,11.2,,1012.9,
2023-10-17,14.1,7.0,18.9,0.0,,,8.2,,1017.2,
2023-10-18,15.5,8.2,19.5,0.3,,,13.1,,1013.5,
2023-10-19,11.8,7.7,15.8,8.4,,,7.8,,1017.4,
2023-10-20,15.5,8.0,20.3,0.0,,,9.6,,1018.5,
2023-10-21,17.5,11.2,22.6,0.0,,,7.6,,1020.8,
2023-10-22,18.3,9.9,23.2,0.0,,,7.3,,1021.0,
2023-10-23,18.7,11.0,23.5,0.0,,,6.3,,1019.5,
2023-10-24,18.8,12.1,23.0,0.0,,,8.0,,1017.6,
2023-10-25,20.8,12.9,25.1,0.0,,,14.2,,1015.8,
2023-10-26,19.6,15.3,24.0,0.0,,,16.8,,1015.1,
2023-10-27,19.4,12.2,24.6,0.0,,,12.5,,1014.0,
2023-10-28,19.6,13.7,24.4,0.0,,,14.6,,1014.0,
2023-10-29,18.4,12.2,22.7,0.0,,,9.7,,1016.8,
2023-10-30,17.4,10.7,22.5,0.0,,,7.8,,1019.2,
2023-10-31,18.6,11.8,22.9,0.0,,,8.1,,1018.9,
2023-11-01,16.3,12.4,19.2,0.0,,,11.7,,1017.5,
2023-11-02,17.2,11.1,21.1,0.0,,,15.4,,1014.6,
2023-11-03,16.2,9.1,19.9,0.0,,,15.9,,1014.4,
2023-11-04,18.7,10.9,23.9,0.0,,,11.1,,1014.9,
2023-11-05,19.2,11.7,24.1,0.0,,,16.9,,1014.4,
2023-11-06,14.5,9.9,20.8,0.0,,,14.3,,1016.5,
2023-11-07,14.9,8.4,18.5,0.0,,,7.7,,1021.8,
2023-11-08,14.8,7.6,20.7,0.0,,,7.8,,1020.1,
2023-11-09,14.8,9.5,19.5,0.0,,,9.5,,1016.6,
2023-11-10,13.1,5.5,17.2,0.0,,,8.8,,1019.7,
2023-11-11,17.0,10.5,21.8,0.0,,,16.3,,1017.7,
2023-11-12,17.5,13.0,21.1,0.0,,,19.6,,1016.2,
2023-11-13,13.1,6.2,20.8,0.0,,,16.6,,1015.7,
2023-11-14,10.1,5.8,11.8,0.8,,,9.2,,1016.0,
2023-11-15,10.3,4.4,16.8,1.0,,,9.6,,1016.2,
2023-11-16,11.0,4.8,16.6,0.0,,,19.6,,1014.1,
2023-11-17,8.2,3.0,11.8,7.1,,,8.5,,1019.4,
2023-11-18,12.9,5.7,16.1,0.0,,,25.8,,1006.8,
2023-11-19,2.1,0.5,4.5,11.7,,,19.3,,1006.8,
2023-11-20,1.1,-1.0,2.2,0.0,,,18.1,,1015.3,
2023-11-21,4.2,0.2,8.0,0.0,,,13.8,,1020.8,
2023-11-22,9.2,2.8,13.5,0.0,,,14.6,,1019.9,
2023-11-23,10.6,5.8,14.2,0.0,,,10.4,,1019.1,
2023-11-24,11.9,6.6,16.1,0.0,,,12.4,,1012.4,
2023-11-25,8.7,6.4,10.8,2.0,,,23.4,,1004.8,
2023-11-26,9.3,2.4,15.8,7.1,,,34.4,,997.8,
2023-11-27,-0.5,-3.6,1.8,3.0,1.0,,15.5,,1015.6,
2023-11-28,1.6,-4.8,5.0,0.0,,,11.2,,1021.2,
2023-11-29,7.5,2.2,10.3,0.0,,,19.3,,1017.0,
2023-11-30,10.4,6.6,12.8,0.0,,,15.1,,1019.6,
2023-12-01,11.8,7.5,16.1,0.0,,,10.6,,1021.6,
2023-12-02,11.3,5.4,16.3,0.0,,,9.8,,1020.2,
2023-12-03,12.1,8.3,18.1,0.0,,,11.5,,1019.1,
2023-12-04,11.1,4.3,14.4,0.0,,,10.4,,1018.5,
2023-12-05,8.8,3.6,13.1,0.0,,,8.3,,1017.3,
2023-12-06,9.8,4.6,12.5,0.0,,,8.8,,1012.4,
2023-12-07,8.5,6.2,11.7,0.3,,,11.0,,1014.6,
2023-12-08,8.0,5.8,10.4,0.0,,,19.2,,1011.9,
2023-12-09,5.9,2.3,9.2,13.2,,,19.9,,1008.9,
2023-12-10,4.7,1.0,8.1,4.1,,,10.9,,1019.1,
2023-12-11,6.8,4.3,9.8,0.0,,,13.4,,1016.2,
2023-12-12,7.4,2.5,11.3,0.3,,,6.8,,1015.2,
2023-12-13,3.9,-1.1,7.3,1.5,,,10.7,,1018.4,
2023-12-14,9.3,1.1,13.6,0.0,,,10.3,,1018.8,
2023-12-15,13.6,6.7,17.5,0.0,,,11.2,,1019.9,
2023-12-16,10.6,6.8,15.0,0.0,,,9.7,,1020.5,
2023-12-17,2.9,-2.4,6.1,4.4,,,12.5,,1029.3,
2023-12-18,-0.4,-4.9,2.9,1.3,,,7.2,,1033.5,
2023-12-19,2.2,-2.9,5.8,0.0,,,5.3,,1028.8,
2023-12-20,5.9,-0.7,9.8,0.0,,,8.4,,1022.0,
2023-12-21,6.3,2.9,9.8,0.0,,,23.3,,1012.2,
2023-12-22,6.5,3.7,8.6,0.5,,,20.8,,1003.6,
2023-12-23,5.1,2.2,7.1,6.4,,,21.6,,1006.0,
2023-12-24,6.4,3.5,8.6,0.0,,,27.3,,1013.0,
2023-12-25,8.4,2.9,11.7,0.0,,,17.3,,1020.6,
2023-12-26,10.2,4.1,14.4,0.0,,,9.4,,1023.3,
2023-12-27,8.6,0.7,12.5,0.0,,,9.6,,1022.6,
2023-12-28,5.1,1.1,8.7,0.0,,,7.2,,1028.0,
2023-12-29,5.3,0.1,9.8,0.0,,,6.9,,1026.5,
2023-12-30,6.9,1.5,11.0,0.0,,,6.4,,1022.8,
2023-12-31,5.7,2.0,9.2,0.0,,,6.6,,1022.1,
2024-01-01,6.1,1.0,9.9,0.0,,,6.7,,1021.6,
2024-01-02,7.8,5.1,11.0,0.3,,,11.7,,1018.6,
2024-01-03,7.4,5.2,10.5,1.0,,,13.9,,1017.3,
2024-01-04,9.0,6.1,11.2,0.0,,,16.2,,1013.8,
2024-01-05,6.2,0.9,8.6,3.8,,,18.6,,1017.0,
2024-01-06,7.4,-0.1,12.9,0.0,,,10.1,,1023.1,
2024-01-07,7.3,4.5,8.5,0.0,,,20.8,,1015.1,
2024-01-08,10.8,6.9,13.4,0.0,,,22.4,,1012.3,
2024-01-09,8.4,4.0,12.8,0.0,,,15.3,,1012.3,
2024-01-10,5.0,1.3,7.7,0.8,,,10.8,,1013.8,
2024-01-11,0.6,-0.8,1.6,0.5,1.0,,8.9,,1018.2,
2024-01-12,0.8,-3.0,3.2,0.0,,,11.6,,1012.3,
2024-01-13,-3.2,-6.3,-1.6,0.5,,,7.0,,1016.3,
2024-01-14,-2.1,-8.1,2.2,0.0,,,6.7,,1018.6,
2024-01-15,4.7,-3.7,8.2,0.0,,,14.4,,1017.7,
2024-01-16,7.3,4.5,9.3,1.0,,,25.7,,1015.5,
2024-01-17,6.2,4.3,8.2,7.6,,,9.7,,1018.8,
2024-01-18,8.2,3.9,11.6,0.5,,,12.8,,1019.7,
2024-01-19,10.3,5.9,13.4,0.0,,,17.1,,1016.7,
2024-01-20,9.7,5.8,14.3,0.3,,,13.4,,1017.4,
2024-01-21,4.9,-0.1,6.7,1.5,,,12.3,,1017.8,
2024-01-22,-2.7,-3.7,-1.6,25.4,3.0,,15.0,,1027.8,
2024-01-23,-3.4,-4.6,-2.2,0.0,2.0,,8.4,,1026.4,
2024-01-24,-3.7,-6.8,-0.9,0.0,1.0,,7.3,,1026.1,
2024-01-25,-1.1,-6.7,1.8,0.0,1.0,,10.0,,1020.1,
2024-01-26,-1.7,-2.7,-1.0,0.5,2.0,,9.6,,1016.7,
2024-01-27,-1.9,-4.1,0.6,3.3,7.0,,12.1,,1020.3,
2024-01-28,-1.5,-3.9,0.9,0.0,6.0,,7.6,,1023.8,
2024-01-29,-2.6,-3.8,-0.3,2.8,9.0,,11.4,,1026.2,
2024-01-30,-1.6,-6.7,1.3,0.0,7.0,,17.6,,1026.2,
2024-01-31,0.0,-5.9,4.5,0.0,4.0,,12.8,,1025.5,
2024-02-01,-2.7,-6.8,0.5,0.0,2.0,,8.4,,1025.8,
2024-02-02,0.7,-6.2,4.2,0.0,1.0,,6.1,,1021.4,
2024-02-03,1.3,-3.1,4.8,0.0,1.0,,7.2,,1021.8,
2024-02-04,2.6,-2.7,5.9,0.0,1.0,,10.5,,1021.3,
2024-02-05,3.6,0.6,6.4,0.0,1.0,,19.3,,1020.5,
2024-02-06,8.3,3.7,11.9,0.0,1.0,,22.2,,1021.4,
2024-02-07,11.6,5.1,16.0,0.0,,,16.6,,1019.2,
2024-02-08,9.1,3.7,12.9,0.0,,,15.2,,1017.8,
2024-02-09,7.9,4.3,11.3,0.0,,,11.4,,1016.9,
2024-02-10,8.8,2.6,13.8,0.0,,,11.0,,1019.1,
2024-02-11,10.2,4.4,14.8,0.0,,,14.4,,1020.5,
2024-02-12,10.7,4.9,15.3,0.0,,,20.9,,1017.2,
2024-02-13,10.7,6.1,15.3,0.0,,,26.4,,1011.3,
2024-02-14,6.6,3.6,8.9,3.3,,,18.4,,1007.2,
2024-02-15,7.7,2.4,11.7,1.3,,,9.2,,1010.4,
2024-02-16,5.9,1.0,9.1,0.3,,,10.0,,1014.4,
2024-02-17,5.0,2.6,6.8,0.0,,,8.5,,1020.2,
2024-02-18,3.2,-0.8,5.3,0.5,,,8.4,,1022.9,
2024-02-19,3.0,0.6,5.6,0.0,,,10.4,,1023.0,
2024-02-20,3.5,-2.6,7.2,0.0,,,7.6,,1022.4,
2024-02-21,6.1,-1.2,10.1,0.0,,,7.2,,1021.4,
2024-02-22,4.1,-0.2,6.6,1.0,,,10.2,,1021.7,
2024-02-23,5.4,-0.2,9.4,0.0,,,7.6,,1022.7,
2024-02-24,7.3,0.9,11.5,0.0,,,9.4,,1023.0,
2024-02-25,8.5,0.9,12.8,0.0,,,9.0,,1021.6,
2024-02-26,9.1,2.5,11.5,0.0,,,11.5,,1015.0,
2024-02-27,9.1,4.7,13.2,0.0,,,9.8,,1017.9,
2024-02-28,9.9,1.6,14.4,0.0,,,8.2,,1022.6,
2024-02-29,10.4,2.6,14.7,0.0,,,9.2,,1023.6,
2024-03-01,11.5,4.6,15.5,0.0,,,10.5,,1018.2,
2024-03-02,11.6,5.2,16.0,0.0,,,11.2,,1011.2,
2024-03-03,6.7,1.9,11.7,6.1,,,13.6,,1013.2,
2024-03-04,6.9,2.4,10.8,4.6,,,9.8,,1015.0,
2024-03-05,10.7,4.3,16.0,0.0,,,16.1,,1012.2,
2024-03-06,2.7,0.2,4.0,7.6,,,13.7,,1011.4,
2024-03-07,3.0,0.6,6.9,10.9,,,12.5,,1017.5,
2024-03-08,5.8,-1.4,9.7,0.0,,,9.2,,1015.1,
2024-03-09,1.4,0.3,4.4,6.1,2.0,,14.2,,1016.4,
2024-03-10,1.8,-2.0,3.9,13.5,1.0,,7.8,,1021.9,
2024-03-11,6.2,-1.2,11.7,0.0,,,6.5,,1024.3,
2024-03-12,12.8,4.0,17.8,0.0,,,13.1,,1019.0,
2024-03-13,11.7,4.3,16.0,0.0,,,17.7,,1012.5,
2024-03-14,8.1,3.5,12.9,0.0,,,10.1,,1013.4,
2024-03-15,6.3,3.5,11.1,0.3,,,7.1,,1014.6,
2024-03-16,5.3,2.3,9.3,2.0,,,9.5,,1018.0,
2024-03-17,7.5,1.3,11.0,3.0,,,7.3,,1017.4,
2024-03-18,7.6,1.4,11.4,0.0,,,11.1,,1011.6,
2024-03-19,7.0,0.7,11.0,0.0,,,11.3,,1009.4,
2024-03-20,8.2,0.2,12.0,0.0,,,10.8,,1011.4,
2024-03-21,4.0,0.3,8.0,2.2,,,15.8,,1013.5,
2024-03-22,-0.4,-3.0,1.5,4.1,,,12.3,,1014.7,
2024-03-23,0.2,-3.1,2.1,3.3,,,12.1,,1016.9,
2024-03-24,5.3,-2.0,10.1,0.3,,,8.9,,1013.0,
2024-03-25,10.1,2.8,14.6,0.0,,,19.9,,1006.5,
2024-03-26,4.7,0.7,8.9,9.9,,,17.9,,1014.2,
2024-03-27,8.8,2.1,16.6,2.7,,,15.6,,1017.4,
2024-03-28,11.8,3.8,20.3,0.0,,,11.5,,1017.1,
2024-03-29,10.6,7.4,14.4,0.5,,,8.6,,1019.2,
2024-03-30,13.0,6.2,19.7,0.0,,,10.5,,1022.0,
2024-03-31,15.5,8.1,22.3,0.0,,,9.4,,1021.8,
2024-04-01,16.5,8.8,22.0,0.0,,,8.9,,1020.2,
2024-04-02,16.6,9.7,22.6,0.0,,,8.3,,1016.4,
2024-04-03,20.2,11.9,24.8,0.0,,,14.4,,1013.0,
2024-04-04,18.2,7.5,25.2,0.0,,,11.7,,1012.9,
2024-04-05,14.3,7.8,18.1,0.0,,,18.3,,1014.7,
2024-04-06,10.4,2.4,15.0,0.0,,,13.7,,1017.4,
2024-04-07,7.7,1.4,14.7,0.0,,,16.1,,1013.4,
2024-04-08,8.0,1.1,13.4,5.6,,,11.8,,1014.3,
2024-04-09,11.5,3.6,15.2,3.0,,,13.6,,1012.9,
2024-04-10,12.1,7.6,16.3,7.9,,,10.2,,1012.5,
2024-04-11,12.9,6.8,16.0,0.3,,,11.3,,1017.4,
2024-04-12,12.6,5.8,14.6,0.0,,,10.5,,1019.2,
2024-04-13,11.3,8.3,14.0,0.3,,,11.2,,1018.7,
2024-04-14,13.1,7.1,16.4,0.0,,,18.3,,1018.1,
2024-04-15,12.4,2.5,17.5,0.3,,,11.4,,1020.9,
2024-04-16,19.6,7.4,25.4,0.0,,,10.1,,1015.9,
2024-04-17,21.4,13.7,26.9,0.0,,,17.5,,1009.4,
2024-04-18,20.6,14.4,27.0,0.0,,,24.2,,1005.0,
2024-04-19,19.7,11.0,24.1,0.0,,,13.5,,1008.3,
2024-04-20,17.8,11.8,20.4,0.0,,,22.9,,1006.2,
2024-04-21,16.1,6.8,20.5,0.0,,,12.5,,1012.3,
2024-04-22,17.9,9.6,21.5,0.0,,,12.8,,1017.0,
2024-04-23,23.1,12.3,27.2,0.0,,,11.6,,1018.5,
2024-04-24,25.3,17.2,30.6,0.0,,,18.0,,1012.8,
2024-04-25,23.8,18.4,27.1,0.0,,,21.5,,1008.6,
2024-04-26,22.1,17.0,27.3,0.5,,,17.2,,1009.5,
2024-04-27,21.3,13.3,28.3,0.5,,,14.0,,1012.5,
2024-04-28,19.5,11.5,26.5,1.8,,,14.7,,1013.7,
2024-04-29,16.3,10.7,20.2,4.6,,,9.1,,1015.3,
2024-04-30,16.6,11.7,22.2,0.5,,,9.8,,1014.1,
2024-05-01,14.4,9.1,19.5,17.9,,,8.2,,1011.6,
2024-05-02,15.4,10.5,19.1,16.0,,,14.1,,1008.2,
2024-05-03,11.6,9.0,14.3,0.3,,,16.7,,1007.2,
2024-05-04,12.0,7.3,16.8,1.0,,,11.1,,1004.7,
2024-05-05,6.9,5.7,9.3,16.5,,,12.5,,1007.7,
2024-05-06,6.1,0.9,9.9,9.9,,,14.3,,1014.4,
2024-05-07,8.7,3.7,14.5,0.0,,,9.9,,1016.1,
2024-05-08,16.8,7.1,20.6,0.0,,,9.4,,1016.4,
2024-05-09,17.3,10.7,21.1,0.0,,,12.6,,1013.7,
2024-05-10,20.7,11.3,25.2,0.0,,,14.7,,1010.1,
2024-05-11,17.5,10.6,22.4,0.0,,,25.3,,1005.9,
2024-05-12,10.6,7.9,12.5,0.5,,,15.6,,1010.2,
2024-05-13,10.3,5.0,14.2,0.3,,,13.3,,1011.4,
2024-05-14,10.2,5.1,14.9,0.5,,,11.2,,1014.2,
2024-05-15,15.1,4.9,20.1,0.0,,,8.5,,1015.1,
2024-05-16,16.6,10.5,20.2,0.0,,,16.1,,1017.7,
2024-05-17,17.8,12.6,21.7,0.0,,,14.0,,1018.3,
2024-05-18,21.3,13.7,25.1,0.0,,,16.1,,1015.6,
2024-05-19,20.3,13.2,25.5,0.0,,,13.0,,1013.8,
2024-05-20,20.9,15.6,25.1,0.0,,,11.6,,1011.3,
2024-05-21,19.6,11.7,24.5,2.0,,,10.2,,1013.0,
2024-05-22,22.4,12.7,27.8,0.0,,,15.2,,1012.7,
2024-05-23,20.7,13.9,25.5,0.5,,,12.8,,1010.0,
2024-05-24,13.0,9.8,15.6,1.0,,,13.3,,1008.1,
2024-05-25,13.3,9.9,16.8,0.0,,,13.1,,1011.0,
2024-05-26,16.7,7.7,21.0,3.8,,,6.9,,1012.4,
2024-05-27,14.8,10.5,20.3,0.5,,,8.6,,1012.0,
2024-05-28,14.9,9.6,22.8,3.8,,,8.8,,1012.0,
2024-05-29,17.6,9.2,22.0,27.7,,,8.1,,1013.0,
2024-05-30,18.8,10.7,23.1,4.8,,,6.9,,1011.8,
2024-05-31,17.1,12.0,22.2,8.6,,,10.6,,1015.2,
2024-06-01,19.3,9.8,23.7,4.6,,,10.0,,1020.2,
2024-06-02,22.6,13.3,26.6,0.0,,,11.4,,1019.0,
2024-06-03,23.2,15.7,29.3,0.0,,,12.3,,1016.6,
2024-06-04,26.5,15.6,31.3,0.0,,,10.6,,1014.4,
2024-06-05,28.2,18.4,32.1,0.0,,,9.6,,1013.4,
2024-06-06,27.8,19.0,31.1,0.0,,,13.1,,1014.0,
2024-06-07,24.0,17.5,29.6,5.1,,,11.1,,1014.7,
2024-06-08,19.7,13.4,25.3,13.0,,,8.5,,1011.4,
2024-06-09,18.4,11.9,22.7,1.0,,,12.7,,1011.3,
2024-06-10,20.8,11.4,25.2,0.0,,,12.0,,1013.7,
2024-06-11,24.9,14.6,29.4,0.0,,,9.3,,1013.2,
2024-06-12,28.7,18.5,33.5,0.0,,,11.7,,1013.6,
2024-06-13,28.7,20.4,33.2,0.0,,,15.3,,1014.7,
2024-06-14,26.3,19.0,33.7,0.5,,,12.4,,1013.2,
2024-06-15,24.5,17.5,28.0,0.5,,,15.1,,1007.8,
2024-06-16,25.1,13.6,28.7,0.0,,,8.6,,1009.9,
2024-06-17,27.9,16.3,31.7,0.0,,,9.7,,1011.5,
2024-06-18,27.4,17.0,31.5,0.0,,,13.7,,1013.6,
2024-06-19,26.3,15.8,30.4,0.0,,,13.8,,1014.2,
2024-06-20,26.9,15.2,31.3,0.0,,,13.2,,1013.0,
2024-06-21,24.9,15.4,30.0,0.0,,,20.9,,1012.2,
2024-06-22,25.6,14.1,31.3,0.0,,,18.2,,1007.9,
2024-06-23,24.6,12.2,31.1,0.0,,,11.8,,1007.2,
2024-06-24,26.8,15.7,33.6,0.0,,,10.0,,1008.1,
2024-06-25,28.9,17.8,34.6,0.0,,,12.6,,1007.6,
2024-06-26,23.4,16.0,27.7,0.0,,,15.6,,1011.1,
2024-06-27,23.0,12.9,28.7,0.0,,,12.4,,1011.6,
2024-06-28,23.3,14.3,30.5,0.0,,,12.8,,1007.6,
2024-06-29,22.3,14.6,26.5,0.0,,,21.2,,1006.8,
2024-06-30,21.1,12.9,24.9,0.0,,,22.3,,1010.0,
2024-07-01,22.2,13.1,26.3,0.0,,,17.3,,1009.9,
2024-07-02,23.4,13.1,27.2,0.0,,,12.7,,1007.5,
2024-07-03,28.2,17.1,33.4,0.8,,,11.6,,1003.3,
2024-07-04,30.2,20.9,34.2,0.0,,,18.7,,1003.0,
2024-07-05,25.8,19.5,31.8,0.0,,,15.4,,1007.1,
2024-07-06,22.1,15.0,25.2,0.0,,,21.6,,1010.8,
2024-07-07,22.9,16.9,27.9,0.0,,,24.0,,1009.8,
2024-07-08,24.8,16.5,29.7,0.0,,,19.2,,1009.5,
2024-07-09,25.2,16.4,29.6,0.0,,,14.2,,1009.3,
2024-07-10,23.1,17.3,30.0,1.0,,,9.4,,1009.7,
2024-07-11,26.3,17.0,32.2,0.0,,,7.8,,1010.0,
2024-07-12,26.6,18.2,32.1,0.0,,,9.4,,1009.5,
2024-07-13,25.8,17.8,30.5,0.0,,,11.8,,1006.9,
2024-07-14,23.4,17.7,29.0,0.0,,,14.2,,1006.5,
2024-07-15,25.3,16.4,29.2,0.0,,,12.4,,1006.9,
2024-07-16,26.9,16.9,31.5,0.0,,,11.1,,1007.8,
2024-07-17,26.7,19.0,31.9,0.0,,,11.2,,1009.4,
2024-07-18,26.7,17.9,30.0,0.0,,,13.1,,1010.4,
2024-07-19,25.8,17.5,29.6,0.0,,,19.0,,1009.4,
2024-07-20,25.6,15.9,29.7,0.0,,,18.7,,1007.9,
2024-07-21,27.8,18.0,31.7,0.0,,,12.1,,1008.6,
2024-07-22,30.7,19.8,33.9,0.0,,,11.2,,1007.3,
2024-07-23,29.8,19.3,34.3,0.0,,,12.5,,1007.3,
2024-07-24,26.7,16.6,30.0,3.8,,,12.2,,1005.6,
2024-07-25,27.1,18.5,31.5,0.0,,,10.3,,1002.6,
2024-07-26,24.1,17.4,27.8,0.0,,,13.2,,1004.3,
2024-07-27,22.3,15.5,27.2,0.0,,,13.4,,1011.5,
2024-07-28,22.5,14.6,27.4,0.0,,,21.3,,1016.2,
2024-07-29,24.0,12.7,29.2,0.0,,,15.8,,1012.1,
2024-07-30,24.4,13.6,28.4,0.0,,,14.9,,1007.4,
2024-07-31,22.9,14.5,27.2,0.0,,,14.8,,1010.8,
2024-08-01,23.1,13.5,27.6,0.0,,,13.7,,1011.3,
2024-08-02,24.9,13.5,29.7,0.0,,,10.9,,1008.8,
2024-08-03,27.7,16.3,32.5,0.0,,,10.8,,1005.6,
2024-08-04,28.9,19.0,34.1,0.0,,,12.5,,1005.2,
2024-08-05,27.4,17.8,32.9,0.0,,,11.0,,1006.8,
2024-08-06,26.9,17.1,32.7,0.0,,,9.3,,1007.2,
2024-08-07,26.9,19.7,31.9,0.0,,,10.6,,1007.7,
2024-08-08,26.1,17.2,31.6,0.0,,,10.5,,1009.8,
2024-08-09,28.0,17.8,33.7,0.0,,,11.0,,1009.2,
2024-08-10,27.9,19.0,33.3,0.0,,,11.1,,1009.6,
2024-08-11,23.3,16.0,27.9,0.5,,,18.6,,1012.6,
2024-08-12,21.0,13.5,27.7,0.0,,,21.0,,1012.8,
2024-08-13,24.2,13.8,30.6,0.0,,,14.4,,1012.5,
2024-08-14,26.2,15.8,32.0,0.0,,,15.8,,1011.9,
2024-08-15,24.6,14.2,30.8,0.0,,,15.8,,1012.2,
2024-08-16,19.9,13.1,27.1,0.0,,,18.8,,1012.4,
2024-08-17,21.9,9.9,27.0,0.0,,,14.7,,1011.0,
2024-08-18,25.2,13.7,30.5,0.0,,,9.7,,1009.2,
2024-08-19,29.7,17.8,34.2,0.0,,,8.9,,1008.7,
2024-08-20,30.2,19.4,34.8,0.0,,,9.5,,1009.2,
2024-08-21,32.3,20.8,37.0,0.0,,,10.1,,1005.3,
2024-08-22,29.8,22.3,34.1,0.0,,,13.6,,1004.1,
2024-08-23,27.7,18.4,31.8,0.0,,,12.0,,1009.1,
2024-08-24,20.4,16.4,26.5,14.0,,,12.3,,1012.8,
2024-08-25,19.8,15.8,22.9,4.1,,,11.0,,1011.0,
2024-08-26,23.9,13.6,28.0,0.0,,,6.8,,1009.8,
2024-08-27,25.7,16.0,29.5,0.0,,,6.4,,1009.7,
2024-08-28,,,,,,,,,,
2024-08-29,23.6,16.3,29.7,6.1,,,,,,
2024-08-30,23.3,15.2,27.8,0.0,,,,,,
2024-08-31,25.2,17.3,29.3,0.0,,,,,,
2024-09-01,22.5,16.2,28.5,4.1,,,,,,
2024-09-02,23.6,14.7,27.5,0.3,,,,,,
2024-09-03,23.5,16.9,27.1,0.0,,,,,,
2024-09-04,23.1,15.8,27.7,0.0,,,9.8,,1012.5,
2024-09-05,21.9,15.6,27.9,0.0,,,10.3,,1011.5,
2024-09-06,23.1,14.4,27.8,0.0,,,9.9,,1012.5,
2024-09-07,24.2,14.3,27.9,0.0,,,8.4,,1012.5,
2024-09-08,23.2,13.9,27.3,0.0,,,8.4,,1011.3,
2024-09-09,24.3,15.2,29.1,0.0,,,8.0,,1011.5,
2024-09-10,27.2,17.1,31.5,0.0,,,10.4,,1008.8,
2024-09-11,24.7,16.3,29.9,0.0,,,11.2,,1009.1,
2024-09-12,24.5,18.3,28.9,0.0,,,13.3,,1012.3,
2024-09-13,22.5,16.8,27.9,0.0,,,8.1,,1011.0,
2024-09-14,25.4,17.2,30.2,0.0,,,8.5,,1008.6,
2024-09-15,26.3,17.7,31.6,0.0,,,10.2,,1004.9,
2024-09-16,21.6,15.9,25.9,0.0,,,10.6,,1006.6,
2024-09-17,20.6,13.9,25.7,0.0,,,7.8,,1011.8,
2024-09-18,22.3,13.1,26.7,0.0,,,8.1,,1014.1,
2024-09-19,17.8,12.5,22.7,3.3,,,9.8,,1012.8,
2024-09-20,18.4,10.2,22.6,0.3,,,8.5,,1013.4,
2024-09-21,18.8,10.3,22.5,0.0,,,9.1,,1012.5,
2024-09-22,11.6,10.8,13.3,14.0,,,9.7,,1013.3,
2024-09-23,15.4,9.7,19.0,7.1,,,10.8,,1015.0,
2024-09-24,17.0,9.6,20.1,0.0,,,8.0,,1017.9,
2024-09-25,16.3,10.1,22.3,0.0,,,8.0,,1018.4,
2024-09-26,20.1,9.7,23.6,0.0,,,10.5,,1017.4,
2024-09-27,20.7,9.9,24.7,0.0,,,10.9,,1016.5,
2024-09-28,21.7,10.7,27.1,0.0,,,8.5,,1014.4,
2024-09-29,23.5,13.0,28.2,0.0,,,10.2,,1009.8,
2024-09-30,20.8,12.5,29.1,1.0,,,17.6,,1006.3,
2024-10-01,11.9,8.9,14.5,3.8,,,13.7,,1009.7,
2024-10-02,12.8,8.4,17.1,0.0,,,12.5,,1014.4,
2024-10-03,16.2,8.1,21.1,0.0,,,6.9,,1017.6,
2024-10-04,18.4,10.6,23.3,0.0,,,7.2,,1017.9,
2024-10-05,19.7,11.1,24.9,0.0,,,9.4,,1016.2,
2024-10-06,21.4,12.8,27.0,0.0,,,10.2,,1013.3,
2024-10-07,21.6,16.0,26.8,0.0,,,10.9,,1014.4,
2024-10-08,20.0,13.1,25.2,0.0,,,8.2,,1018.3,
2024-10-09,22.1,13.1,27.6,0.0,,,10.2,,1016.0,
2024-10-10,21.2,15.0,25.7,0.0,,,11.9,,1012.2,
2024-10-11,21.2,14.6,25.3,0.0,,,11.0,,1011.5,
2024-10-12,21.6,15.0,26.5,0.0,,,8.4,,1013.3,
2024-10-13,19.9,13.3,24.1,0.0,,,10.7,,1013.3,
2024-10-14,17.9,11.5,22.0,0.0,,,7.5,,1014.3,
2024-10-15,16.3,9.5,21.0,0.0,,,8.2,,1016.5,
2024-10-16,16.6,8.3,22.1,0.0,,,7.6,,1017.0,
2024-10-17,10.8,5.4,14.6,0.0,,,14.6,,1018.4,
2024-10-18,6.9,2.7,11.0,0.3,,,12.9,,1021.5,
2024-10-19,6.6,1.1,10.1,0.0,,,9.4,,1022.7,
2024-10-20,7.9,1.2,11.9,0.0,,,10.2,,1025.9,
2024-10-21,7.0,-0.1,10.0,0.0,,,12.7,,1028.6,
2024-10-22,6.4,3.6,9.2,0.5,,,16.9,,1028.5,
2024-10-23,7.2,1.0,11.5,0.0,,,12.2,,1029.7,
2024-10-24,8.1,0.3,13.0,0.0,,,9.3,,1027.8,
2024-10-25,8.1,0.4,13.0,0.0,,,10.8,,1026.0,
2024-10-26,7.4,0.8,14.0,0.0,,,10.5,,1025.8,
2024-10-27,9.3,1.1,14.3,0.0,,,10.2,,1026.8,
2024-10-28,11.1,3.2,15.4,0.0,,,7.4,,1023.2,
2024-10-29,10.6,1.4,15.2,0.0,,,9.6,,1020.5,
2024-10-30,8.8,0.8,13.6,0.0,,,10.4,,1019.6,
2024-10-31,8.6,1.5,13.0,0.0,,,8.2,,1020.5,
2024-11-01,9.6,1.2,14.4,0.0,,,8.1,,1022.3,
2024-11-02,12.5,3.8,17.7,0.0,,,8.4,,1019.7,
2024-11-03,10.7,5.6,14.7,0.0,,,10.3,,1018.9,
2024-11-04,4.7,0.6,9.8,0.0,,,8.1,,1021.8,
2024-11-05,5.8,0.1,9.6,0.0,,,10.0,,1024.6,
2024-11-06,4.9,-2.9,9.5,0.0,,,10.0,,1029.1,
2024-11-07,4.4,-3.3,10.0,0.0,,,10.2,,1031.5,
2024-11-08,3.7,-2.3,10.9,0.0,,,8.6,,1028.5,
2024-11-09,3.8,-2.2,10.3,0.0,,,7.5,,1024.7,
2024-11-10,6.9,0.1,12.8,0.0,,,15.4,,1019.2,
2024-11-11,8.5,3.3,13.9,0.0,,,9.6,,1019.6,
2024-11-12,8.1,3.1,14.5,0.0,,,6.0,,1022.7,
2024-11-13,8.0,2.7,14.8,0.0,,,4.0,,1023.4,
2024-11-14,9.4,4.2,14.5,0.0,,,5.2,,1020.5,
2024-11-15,11.1,7.1,15.5,0.0,,,11.1,,1015.5,
2024-11-16,9.3,4.2,13.6,0.0,,,6.7,,1016.7,
2024-11-17,7.5,3.5,11.2,1.0,,,12.8,,1013.6,
2024-11-18,6.2,3.2,11.8,8.3,,,8.7,,1011.7,
2024-11-19,5.4,1.9,10.7,0.0,,,6.2,,1016.6,
2024-11-20,6.5,1.3,14.1,0.0,,,12.7,,1015.9,
2024-11-21,8.9,4.5,15.7,0.0,,,19.4,,1014.1,
2024-11-22,11.1,9.3,15.4,0.0,,,17.0,,1017.7,
2024-11-23,12.1,7.3,17.6,0.0,,,20.9,,1015.6,
2024-11-24,-1.9,-7.0,10.0,22.6,,,25.9,,1022.7,
2024-11-25,-5.1,-6.4,-3.9,4.3,15.0,,12.2,,1026.8,
2024-11-26,-3.4,-5.2,-2.1,6.6,19.0,,11.5,,1024.4,
2024-11-27,-4.3,-7.4,1.1,2.3,18.0,,6.3,,1028.2,
2024-11-28,-2.2,-7.2,1.5,0.0,13.0,,5.9,,1031.3,
2024-11-29,-1.2,-10.5,2.8,0.0,10.0,,5.1,,1030.5,
2024-11-30,-3.6,-7.8,0.6,0.0,8.0,,6.5,,1030.4,
2024-12-01,-4.6,-7.4,-0.1,0.0,,,5.3,,1028.3,
2024-12-02,-2.7,-7.3,2.7,0.0,3.0,,5.3,,1022.7,
2024-12-03,-1.1,-5.8,4.7,0.0,,,9.5,,1018.0,
2024-12-04,4.4,1.7,7.4,2.0,1.0,,11.1,,1019.1,
2024-12-05,5.1,2.4,8.8,0.0,1.0,,7.2,,1023.5,
2024-12-06,4.1,0.8,8.7,0.0,1.0,,6.9,,1025.1,
2024-12-07,6.3,0.2,10.9,0.0,,,16.5,,1020.9,
2024-12-08,7.4,5.4,10.4,0.0,,,19.1,,1018.0,
2024-12-09,9.0,5.9,13.9,0.0,,,9.5,,1022.5,
2024-12-10,9.1,5.3,13.7,0.0,,,,,,
2024-12-11,8.1,,12.4,1.0,,,,,,
2024-12-12,3.7,,6.1,3.6,,,,,,
2024-12-13,0.2,-2.2,2.1,0.3,,,,,,
2024-12-14,-1.9,-4.3,0.7,0.0,,,9.2,,1033.0,
2024-12-15,3.7,-2.8,8.3,0.0,,,13.1,,1024.6,
2024-12-16,2.3,1.1,3.6,12.9,,,11.8,,1024.6,
2024-12-17,1.5,-0.7,5.1,6.1,,,7.9,,1029.7,
2024-12-18,1.8,-0.6,7.2,0.0,,,8.1,,1027.1,
2024-12-19,2.3,-0.6,7.3,0.0,,,5.5,,1022.3,
2024-12-20,2.7,-1.3,6.0,0.0,,,5.7,,1016.7,
2024-12-21,6.2,0.9,10.7,4.1,,,15.1,,1015.8,
2024-12-22,4.9,2.1,8.3,10.7,,,14.4,,1014.9,
2024-12-23,5.4,-0.4,9.7,0.0,,,13.4,,1013.0,
2024-12-24,6.3,1.4,11.7,1.5,,,21.7,,1012.7,
2024-12-25,7.3,5.3,10.3,0.0,,,30.9,,1015.0,
2024-12-26,5.7,0.2,9.6,0.0,,,24.0,,1016.6,
2024-12-27,3.1,-0.4,6.1,0.0,,,8.2,,1015.5,
2024-12-28,2.5,-0.8,5.1,0.0,,,7.5,,1018.4,
2024-12-29,2.6,-0.6,5.7,0.0,,,11.6,,1020.1,
2024-12-30,1.8,0.6,3.1,2.3,,,7.5,,1021.4,
2024-12-31,0.7,-1.3,1.6,0.5,,,9.0,,1029.1,
2025-01-01,-0.2,-2.3,3.4,0.3,,,6.0,,1034.9,
2025-01-02,1.4,-3.0,6.7,0.0,,,5.4,,1031.3,
2025-01-03,3.6,0.7,7.2,0.0,,,8.8,,1025.1,
2025-01-04,4.8,1.6,9.3,0.8,,,12.1,,1020.8,
2025-01-05,4.4,0.2,6.2,0.3,,,6.5,,1019.4,
2025-01-06,2.3,-1.6,5.7,0.8,,,5.0,,1024.5,
2025-01-07,4.3,-0.5,9.9,0.0,,,5.6,,1026.3,
2025-01-08,4.9,1.3,9.9,0.0,,,6.3,,1024.7,
2025-01-09,3.7,-0.3,9.5,0.0,,,5.1,,1023.8,
2025-01-10,3.7,-0.2,10.4,0.0,,,7.2,,1018.3,
2025-01-11,5.4,1.0,10.5,0.0,,,9.1,,1017.6,
2025-01-12,7.7,4.1,12.4,0.0,,,12.4,,1018.9,
2025-01-13,8.9,5.5,13.8,0.0,,,13.1,,1021.8,
2025-01-14,7.7,2.3,11.4,0.0,,,8.7,,1022.5,
2025-01-15,6.8,4.1,11.5,0.5,,,7.7,,1019.8,
2025-01-16,4.7,2.1,7.4,2.8,,,8.2,,1026.3,
2025-01-17,1.8,-1.6,4.5,0.5,,,9.6,,1032.6,
2025-01-18,1.6,-1.4,5.8,0.0,,,10.5,,1028.1,
2025-01-19,2.3,-1.1,7.1,0.0,,,16.3,,1023.9,
2025-01-20,1.7,-2.7,4.6,0.0,,,8.6,,1025.2,
2025-01-21,2.5,-2.9,7.7,0.0,,,5.6,,1025.3,
2025-01-22,1.1,-2.3,5.9,0.9,,,9.0,,1021.6,
2025-01-23,2.7,-0.7,5.6,0.8,,,8.7,,1021.9,
2025-01-24,2.8,0.4,7.2,3.0,,,8.2,,1023.2,
2025-01-25,5.4,1.1,10.6,0.0,,,10.6,,1021.2,
2025-01-26,4.1,0.1,9.1,0.0,,,8.5,,1024.2,
2025-01-27,2.8,-1.2,8.0,0.0,,,5.7,,1025.6,
2025-01-28,4.3,-1.4,10.6,0.0,,,5.6,,1024.6,
2025-01-29,4.9,0.1,10.2,0.0,,,6.1,,1025.5,
2025-01-30,5.6,0.7,12.0,0.0,,,5.5,,1025.7,
2025-01-31,4.9,0.9,10.1,0.0,,,8.0,,1022.7,
2025-02-01,3.2,-0.9,9.8,0.0,,,5.1,,1025.8,
2025-02-02,3.7,-0.6,9.8,0.0,,,4.3,,1025.1,
2025-02-03,5.3,-0.2,10.7,0.0,,,8.6,,1019.4,
2025-02-04,1.8,-0.6,7.0,3.0,,,7.4,,1018.9,
2025-02-05,-3.5,-5.1,-1.1,18.6,,,16.7,,1018.7,
2025-02-06,-5.1,-9.8,-3.2,10.4,16.0,,21.6,,1021.9,
2025-02-07,-6.5,-10.6,-3.6,8.6,,,16.8,,1027.6,
2025-02-08,-3.1,-4.1,-0.8,17.0,40.0,,14.5,,1028.9,
2025-02-09,-2.7,-3.9,-0.2,0.5,36.0,,7.5,,1026.1,
2025-02-10,-3.1,-4.1,-1.0,1.0,34.0,,5.2,,1024.9,
2025-02-11,-4.0,-6.9,-2.1,0.0,,,4.8,,1025.4,
2025-02-12,-2.2,-3.7,0.6,0.5,27.0,,7.1,,1025.4,
2025-02-13,-2.3,-3.4,-1.2,13.2,39.0,,17.0,,1022.2,
2025-02-14,-2.2,-5.2,2.0,14.7,50.0,,7.8,,1026.3,
2025-02-15,2.2,-3.8,8.7,0.0,38.0,,11.2,,1021.1,
2025-02-16,3.2,-2.3,8.2,0.0,26.0,,9.8,,1017.1,
2025-02-17,4.5,1.5,8.3,0.0,20.0,,14.2,,1016.1,
2025-02-18,4.1,1.9,7.8,0.5,16.0,,16.7,,1017.0,
2025-02-19,0.3,-3.2,1.6,9.4,,,12.5,,1018.1,
2025-02-20,-5.5,-9.9,-3.2,7.1,17.0,,17.0,,1024.9,
2025-02-21,-8.1,-9.8,-5.0,0.8,20.0,,11.2,,1028.4,
2025-02-22,-9.3,-12.6,-6.5,1.5,24.0,,12.8,,1029.0,
2025-02-23,-10.4,-14.6,-5.7,0.8,20.0,,8.0,,1032.4,
2025-02-24,-8.8,-12.8,-4.6,0.0,17.0,,7.7,,1034.4,
2025-02-25,-4.9,-10.9,0.0,0.0,13.0,,12.6,,1028.6,
2025-02-26,-0.7,-6.1,3.9,0.0,11.0,,12.1,,1025.2,
2025-02-27,1.8,-3.5,6.1,0.0,9.0,,11.1,,1025.1,
2025-02-28,-0.9,-5.3,3.3,0.0,,,8.7,,1020.7,
2025-03-01,2.4,-0.6,7.4,1.3,4.0,,4.4,,1023.4,
2025-03-02,5.4,1.1,9.9,0.0,2.0,,10.9,,1022.4,
2025-03-03,1.7,0.3,2.5,7.8,,,10.8,,1019.0,
2025-03-04,1.4,-2.1,5.8,13.0,1.0,,12.2,,1021.4,
2025-03-05,3.9,-2.2,11.2,0.0,,,7.8,,1024.2,
2025-03-06,5.9,-0.6,13.3,0.0,,,9.0,,1026.6,
2025-03-07,5.9,-1.1,13.3,0.0,,,8.8,,1022.6,
2025-03-08,7.9,1.2,14.6,0.0,,,5.2,,1015.1,
2025-03-09,11.1,5.8,17.2,0.0,,,8.5,,1012.2,
2025-03-10,11.6,5.3,17.9,0.0,,,8.4,,1015.9,
2025-03-11,13.4,8.0,19.3,0.0,,,8.1,,1019.3,
2025-03-12,13.6,6.9,20.2,0.0,,,10.7,,1019.5,
2025-03-13,14.6,8.0,21.5,0.0,,,12.3,,1017.6,
2025-03-14,14.7,9.1,21.3,0.0,,,8.0,,1019.8,
2025-03-15,16.3,10.4,23.2,0.0,,,,,,
2025-03-16,18.9,11.5,25.0,0.0,,,,,,
2025-03-17,18.5,,22.8,0.0,,,,,,
2025-03-18,10.4,,14.3,0.0,,,,,,
2025-03-19,,,,,,,,,,
2025-03-20,-5.2,-7.2,-2.8,11.2,5.0,,,,,
2025-03-21,-3.5,-5.9,-1.3,2.0,10.0,,,,,
2025-03-22,0.1,-3.3,3.4,2.5,6.0,,6.3,,1026.0,
2025-03-23,5.2,-1.4,10.3,0.0,4.0,,8.6,,1026.6,
2025-03-24,10.1,6.1,13.6,0.0,1.0,,11.6,,1027.1,
2025-03-25,14.3,9.2,20.1,0.0,,,11.8,,1024.8,
2025-03-26,15.3,12.2,20.1,0.0,,,11.2,,1018.0,
2025-03-27,17.2,11.3,23.0,0.0,,,10.3,,1013.9,
2025-03-28,18.8,13.4,23.6,0.0,,,17.8,,1008.7,
2025-03-29,15.9,8.7,20.9,0.0,,,27.1,,1004.9,
2025-03-30,10.0,5.9,16.7,0.3,,,10.2,,1006.7,
2025-03-31,10.8,5.9,16.4,0.0,,,15.0,,1011.1,
2025-04-01,11.7,5.7,16.1,0.3,,,23.8,,1011.1,
2025-04-02,10.1,5.8,15.7,4.1,,,19.2,,1006.8,
2025-04-03,9.1,6.2,14.1,0.0,,,11.8,,1012.5,
2025-04-04,7.4,1.8,12.0,0.5,,,8.3,,1013.2,
2025-04-05,8.3,4.4,14.4,17.5,,,11.5,,1008.6,
2025-04-06,9.9,5.3,15.2,3.0,,,17.5,,1008.7,
2025-04-07,11.1,5.2,16.2,0.0,,,14.2,,1010.4,
2025-04-08,11.0,5.4,17.2,0.3,,,11.8,,1012.7,
2025-04-09,5.8,2.5,12.4,12.2,,,12.2,,1010.4,
2025-04-10,0.2,-1.9,2.4,8.1,4.0,,12.9,,1014.5,
2025-04-11,-1.6,-6.4,6.2,4.1,,,16.9,,1011.6,
2025-04-12,-0.2,-7.3,5.4,0.0,6.0,,11.6,,1015.4,
2025-04-13,1.9,-1.5,6.8,4.1,4.0,,8.8,,1018.6,
2025-04-14,0.9,-1.3,4.1,0.5,,,13.7,,1022.5,
2025-04-15,5.3,-0.4,12.5,2.5,,,14.8,,1022.4,
2025-04-16,8.0,2.5,12.5,0.0,,,8.0,,1023.9,
2025-04-17,11.8,3.3,18.9,0.0,,,6.0,,1022.6,
2025-04-18,16.7,9.6,22.4,0.0,,,6.6,,1016.3,
2025-04-19,17.0,9.2,24.4,0.3,,,14.7,,1010.5,
2025-04-20,14.7,7.8,19.9,0.0,,,12.4,,1010.1,
2025-04-21,14.8,6.9,20.8,0.0,,,6.7,,1011.3,
2025-04-22,17.7,11.5,25.0,0.0,,,11.2,,1012.0,
2025-04-23,15.3,9.5,22.0,0.0,,,9.4,,1010.4,
2025-04-24,15.2,7.7,23.8,4.1,,,14.7,,1005.1,
2025-04-25,11.6,7.5,15.5,2.0,,,17.8,,1006.8,
2025-04-26,10.2,7.5,14.2,1.0,,,9.1,,1010.5,
2025-04-27,11.6,7.0,17.1,1.0,,,8.2,,1014.1,
2025-04-28,9.3,4.0,16.1,0.0,,,15.5,,1018.2,
2025-04-29,7.3,1.2,12.0,3.0,,,10.6,,1015.8,
2025-04-30,12.8,5.3,19.2,0.8,,,10.5,,1012.4,
2025-05-01,13.4,8.6,18.6,5.6,,,23.7,,1008.9,
2025-05-02,11.6,6.6,19.0,0.0,,,7.9,,1010.6,
2025-05-03,10.2,7.6,14.3,9.7,,,7.6,,1013.8,
2025-05-04,10.8,4.8,17.4,0.0,,,6.8,,1012.7,
2025-05-05,14.2,8.0,19.6,0.0,,,9.6,,1011.0,
2025-05-06,16.9,11.3,21.7,0.8,,,13.2,,1014.6,
2025-05-07,18.5,13.5,25.2,0.3,,,14.7,,1016.3,
2025-05-08,16.6,11.4,20.9,2.0,,,15.8,,1015.3,
2025-05-09,19.7,12.4,26.6,0.0,,,13.1,,1014.5,
2025-05-10,19.4,10.7,26.7,0.3,,,15.7,,1014.4,
2025-05-11,18.9,11.8,25.4,3.1,,,17.4,,1010.1,
2025-05-12,15.0,9.6,23.3,3.7,,,12.2,,1006.1,
2025-05-13,10.9,7.2,15.0,6.4,,,10.7,,1007.1,
2025-05-14,10.0,3.5,17.9,2.3,,,8.2,,1011.3,
2025-05-15,11.6,6.3,16.9,6.1,,,7.6,,1015.4,
2025-05-16,18.3,8.6,25.0,0.0,,,14.6,,1014.7,
2025-05-17,23.1,16.0,29.6,0.0,,,22.9,,1010.7,
2025-05-18,17.8,12.3,24.5,0.0,,,16.5,,1013.2,
2025-05-19,14.6,9.3,20.3,0.0,,,8.0,,1017.7,
2025-05-20,16.9,10.0,22.8,0.0,,,14.1,,1013.7,
2025-05-21,15.7,7.8,22.4,0.0,,,8.4,,1017.4,
2025-05-22,18.9,10.7,26.0,0.0,,,8.2,,1015.2,
2025-05-23,21.4,13.1,27.9,0.0,,,7.3,,1011.3,
2025-05-24,22.1,17.5,27.3,0.0,,,12.7,,1010.9,
2025-05-25,24.1,15.6,30.1,0.0,,,8.8,,1012.0,
2025-05-26,22.8,16.9,30.5,2.0,,,14.9,,1008.2,
2025-05-27,20.1,14.2,26.1,1.5,,,15.2,,1006.2,
2025-05-28,16.6,11.9,21.0,0.0,,,10.0,,1009.8,
2025-05-29,13.4,10.2,20.1,13.0,,,9.2,,1008.4,
2025-05-30,11.9,8.3,19.1,16.0,,,6.4,,1010.2,
2025-05-31,14.8,8.1,22.0,7.1,,,7.7,,1012.6,
2025-06-01,13.3,7.9,20.3,33.0,,,10.1,,1013.9,
2025-06-02,13.6,10.2,17.6,0.3,,,9.4,,1017.1,
2025-06-03,13.7,9.2,18.5,1.0,,,14.6,,1018.7,
2025-06-04,16.1,8.4,22.1,0.0,,,12.2,,1018.8,
2025-06-05,18.4,10.1,25.3,0.0,,,10.4,,1018.4,
2025-06-06,20.5,12.3,27.0,0.0,,,10.8,,1015.9,
2025-06-07,19.8,12.1,27.0,0.0,,,10.2,,1015.1,
2025-06-08,19.2,11.7,28.6,0.0,,,9.8,,1012.4,
2025-06-09,22.7,13.6,29.9,0.0,,,8.7,,1011.6,
2025-06-10,22.1,14.9,28.9,0.0,,,12.6,,1011.7,
2025-06-11,22.0,12.9,28.9,0.0,,,10.1,,1011.2,
2025-06-12,24.9,15.6,30.9,0.0,,,8.1,,1011.5,
2025-06-13,24.1,16.3,31.8,0.0,,,12.1,,1011.8,
2025-06-14,18.1,13.7,23.8,0.8,,,10.9,,1012.4,
2025-06-15,16.6,10.2,22.9,0.0,,,11.8,,1012.0,
2025-06-16,16.2,9.6,21.8,0.0,,,12.0,,1012.7,
2025-06-17,16.6,9.7,22.4,0.0,,,13.1,,1015.0,
2025-06-18,18.4,11.2,24.8,0.0,,,14.6,,1016.8,
2025-06-19,20.7,12.0,27.7,0.0,,,13.4,,1015.4,
2025-06-20,22.8,13.8,29.3,0.0,,,9.0,,1011.4,
2025-06-21,21.1,14.5,28.7,0.0,,,12.6,,1010.9,
2025-06-22,17.3,11.1,23.9,0.0,,,14.0,,1013.5,
2025-06-23,18.4,11.2,24.6,0.0,,,12.0,,1014.3,
2025-06-24,20.6,12.2,27.0,0.0,,,13.7,,1013.9,
2025-06-25,22.6,12.6,30.3,0.0,,,12.9,,1012.6,
2025-06-26,23.2,13.8,30.8,0.0,,,15.5,,1011.8,
2025-06-27,22.7,14.0,30.0,0.0,,,16.8,,1012.4,
2025-06-28,21.5,13.6,29.5,0.0,,,12.1,,1008.1,
2025-06-29,15.8,11.5,21.8,2.0,,,15.6,,1008.0,
2025-06-30,16.3,9.6,22.6,0.0,,,16.4,,1011.8,
2025-07-01,19.8,11.9,26.7,0.0,,,13.8,,1010.7,
2025-07-02,18.8,14.1,25.3,0.0,,,15.9,,1011.2,
2025-07-03,16.5,9.8,21.7,0.0,,,16.6,,1014.3,
2025-07-04,14.9,10.1,19.8,0.0,,,19.6,,1015.5,
2025-07-05,17.2,9.2,24.0,0.0,,,16.1,,1016.3,
2025-07-06,20.7,11.5,27.7,0.0,,,12.2,,1015.2,
2025-07-07,22.2,12.6,29.7,0.0,,,9.7,,1011.1,
2025-07-08,25.6,17.2,32.4,0.0,,,10.3,,1006.9,
2025-07-09,27.0,18.5,33.3,0.0,,,10.4,,1005.2,
2025-07-10,27.7,18.5,35.0,0.0,,,9.2,,1003.9,
2025-07-11,29.2,20.8,36.8,0.0,,,12.4,,1004.5,
2025-07-12,30.2,23.0,36.6,0.0,,,10.2,,1007.4,
2025-07-13,28.1,21.3,36.7,0.0,,,14.2,,1010.3,
2025-07-14,26.7,17.3,35.1,0.0,,,16.1,,1009.7,
2025-07-15,25.5,18.8,33.3,0.0,,,17.6,,1005.6,
2025-07-16,23.8,18.3,30.5,0.0,,,11.8,,1006.6,
2025-07-17,25.7,17.9,32.5,0.0,,,7.8,,1009.1,
2025-07-18,27.3,17.8,34.6,0.0,,,10.7,,1008.8,
2025-07-19,25.4,18.0,32.6,0.5,,,11.2,,1008.6,
2025-07-20,24.6,17.5,31.0,0.0,,,10.7,,1007.9,
2025-07-21,25.6,17.8,32.3,0.0,,,10.6,,1008.2,
2025-07-22,26.7,18.2,33.5,0.0,,,9.1,,1009.6,
2025-07-23,27.8,19.5,34.4,0.0,,,10.2,,1008.6,
2025-07-24,25.1,17.4,33.0,0.0,,,17.0,,1008.4,
2025-07-25,22.4,15.2,29.7,0.0,,,19.7,,1009.4,
2025-07-26,23.1,14.0,31.4,0.0,,,16.6,,1010.0,
2025-07-27,28.7,16.8,35.2,0.0,,,9.9,,1006.0,
2025-07-28,31.4,23.5,38.4,0.0,,,9.5,,1001.7,
2025-07-29,32.0,25.8,37.9,0.0,,,13.7,,1002.2,
2025-07-30,31.6,25.1,38.2,0.0,,,14.1,,1004.6,
2025-07-31,28.4,22.1,36.4,0.0,,,10.0,,1004.6,
2025-08-01,24.9,19.6,33.5,0.0,,,12.5,,1003.6,
2025-08-02,22.5,18.6,30.3,15.0,,,10.7,,1006.9,
2025-08-03,24.4,17.8,31.3,0.3,,,7.1,,1009.5,
2025-08-04,25.3,19.0,32.1,0.0,,,8.9,,1011.3,
2025-08-05,25.3,18.4,33.2,0.0,,,11.3,,1011.8,
2025-08-06,25.8,17.4,34.3,0.0,,,13.4,,1010.3,
2025-08-07,25.3,18.0,32.6,0.0,,,14.3,,1009.0,
2025-08-08,24.1,17.6,31.5,0.0,,,17.0,,1012.7,
2025-08-09,23.9,16.5,31.2,0.0,,,17.6,,1016.4,
2025-08-10,22.9,15.7,31.0,0.0,,,14.8,,1016.7,
2025-08-11,22.5,14.1,29.8,0.0,,,11.2,,1014.9,
2025-08-12,22.1,14.5,29.8,0.0,,,13.1,,1015.8,
2025-08-13,22.5,14.0,30.1,0.0,,,10.1,,1017.2,
2025-08-14,24.8,16.3,32.5,0.0,,,9.9,,1015.2,
2025-08-15,24.6,17.3,33.2,0.0,,,14.5,,1010.6,
2025-08-16,21.2,13.6,30.0,0.0,,,16.1,,1008.9,
2025-08-17,22.7,11.8,30.8,0.0,,,9.2,,1008.4,
2025-08-18,26.9,19.0,33.9,0.0,,,11.9,,1006.7,
2025-08-19,24.7,18.7,30.5,0.0,,,11.4,,1007.8,
2025-08-20,23.6,17.2,29.9,0.0,,,10.9,,1007.2,
2025-08-21,23.1,16.0,29.5,0.0,,,8.3,,1010.3,
2025-08-22,24.3,15.7,31.6,0.0,,,6.7,,1010.3,
2025-08-23,26.5,19.0,33.0,0.0,,,10.3,,1007.5,
2025-08-24,27.5,16.7,32.4,0.0,,,12.3,,1006.0,
2025-08-25,20.1,13.8,27.2,0.0,,,16.3,,1012.4,
2025-08-26,19.0,11.6,26.7,0.0,,,12.5,,1013.2,
2025-08-27,18.1,10.9,25.8,0.0,,,10.4,,1014.0,
2025-08-28,18.3,10.3,26.5,0.0,,,9.8,,1013.7,
2025-08-29,21.4,13.8,29.3,0.0,,,7.9,,1011.9,
2025-08-30,24.4,18.3,30.1,0.0,,,6.9,,1010.6,
2025-08-31,25.9,19.0,32.4,0.0,,,9.6,,1010.6,
2025-09-01,26.4,20.2,32.9,0.0,,,7.6,,1008.4,
2025-09-02,24.3,17.2,31.4,0.0,,,9.4,,1006.6,
2025-09-03,21.2,14.4,27.7,0.0,,,12.7,,1008.6,
2025-09-04,19.0,12.2,25.3,0.0,,,13.9,,1010.7,
2025-09-05,20.4,13.1,27.8,0.0,,,7.3,,1011.7,
2025-09-06,23.0,14.7,30.7,0.0,,,9.1,,1009.9,
2025-09-07,19.5,13.7,25.0,0.0,,,9.8,,1010.9,
2025-09-08,16.7,12.6,22.1,8.1,,,8.8,,1011.2,
2025-09-09,16.4,10.8,22.5,0.0,,,7.7,,1013.5,
2025-09-10,17.7,12.1,23.5,0.0,,,7.9,,1016.1,
2025-09-11,17.1,11.2,23.0,0.0,,,10.2,,1016.0,
2025-09-12,18.8,12.5,25.2,0.0,,,7.2,,1015.6,
2025-09-13,19.1,14.1,26.0,0.0,,,9.4,,1016.8,
2025-09-14,17.6,10.7,25.1,0.0,,,7.7,,1017.3,
2025-09-15,19.9,14.1,26.5,0.0,,,6.7,,1014.4,
2025-09-16,20.7,14.9,27.1,0.0,,,7.9,,1013.7,
2025-09-17,19.3,12.6,26.6,0.0,,,5.6,,1013.2,
2025-09-18,17.8,11.3,23.0,0.0,,,16.0,,1011.9,
2025-09-19,11.9,5.7,17.6,0.0,,,16.2,,1020.3,
2025-09-20,12.5,7.1,18.7,0.0,,,17.3,,1021.4,
2025-09-21,12.5,6.1,19.5,0.0,,,14.3,,1020.8,
2025-09-22,13.2,5.4,21.0,0.0,,,10.0,,1019.3,
2025-09-23,16.4,8.5,24.4,0.0,,,5.8,,1017.5,
2025-09-24,17.6,9.2,25.5,0.0,,,7.0,,1014.3,
2025-09-25,18.1,12.3,24.8,0.0,,,7.8,,1012.7,
2025-09-26,14.6,8.4,21.3,0.0,,,11.5,,1016.9,
2025-09-27,12.7,6.6,19.6,0.0,,,9.0,,1018.2,
2025-09-28,17.1,8.2,26.9,0.0,,,11.4,,1013.7,
2025-09-29,18.0,12.3,24.3,0.4,,,15.3,,1012.0,
2025-09-30,14.2,11.1,17.9,5.0,,,8.7,,1014.8,
